2026/03/08 21:40:43.751991 [INFO]  App starting
2026/03/08 21:40:43.752424 [DEBUG] layout: first render, loading buckets
2026/03/08 21:40:43.752449 [INFO]  loadBuckets: listing buckets
2026/03/08 21:40:43.752452 [INFO]  S3 ListBuckets called
2026/03/08 21:40:44.106326 [INFO]  S3 ListBuckets returned 75 buckets
2026/03/08 21:40:44.106347 [INFO]  loadBuckets: got 75 buckets
2026/03/08 21:40:44.106351 [INFO]  loadObjects: bucket="airflow-testing-clarity-mgmt" prefix=""
2026/03/08 21:40:44.106357 [INFO]  S3 ListObjects called bucket="airflow-testing-clarity-mgmt" prefix=""
2026/03/08 21:40:44.269557 [INFO]  S3 ListObjects returned 3 items
2026/03/08 21:40:44.269587 [DEBUG] loadObjects: 3 objects loaded, rendering
2026/03/08 21:40:44.269594 [DEBUG] render: buckets=75 objects=3 bucketIdx=0 objIdx=0
2026/03/08 21:43:44.371089 [INFO]  key: quit
2026/03/08 21:43:44.371158 [INFO]  App exiting normally
2026/03/08 21:44:04.667062 [INFO]  App starting
2026/03/08 21:44:04.667475 [DEBUG] layout: first render, loading buckets
2026/03/08 21:44:04.667489 [INFO]  loadBuckets: listing buckets
2026/03/08 21:44:04.667495 [INFO]  S3 ListBuckets called
2026/03/08 21:44:05.018673 [INFO]  S3 ListBuckets returned 75 buckets
2026/03/08 21:44:05.018707 [INFO]  loadBuckets: got 75 buckets
2026/03/08 21:44:05.018715 [INFO]  loadObjects: bucket="airflow-testing-clarity-mgmt" prefix=""
2026/03/08 21:44:05.018727 [INFO]  S3 ListObjects called bucket="airflow-testing-clarity-mgmt" prefix=""
2026/03/08 21:44:05.178984 [INFO]  S3 ListObjects returned 3 items
2026/03/08 21:44:05.179040 [DEBUG] loadObjects: 3 objects loaded, rendering
2026/03/08 21:44:05.179047 [DEBUG] render: buckets=75 objects=3 bucketIdx=0 objIdx=0
2026/03/08 21:44:06.442256 [DEBUG] key: bucket down (idx=0)
2026/03/08 21:44:06.442307 [DEBUG] render: buckets=75 objects=3 bucketIdx=1 objIdx=0
2026/03/08 21:44:06.780453 [DEBUG] key: bucket down (idx=1)
2026/03/08 21:44:06.780493 [DEBUG] render: buckets=75 objects=3 bucketIdx=2 objIdx=0
2026/03/08 21:44:06.972463 [DEBUG] key: bucket down (idx=2)
2026/03/08 21:44:06.972548 [DEBUG] render: buckets=75 objects=3 bucketIdx=3 objIdx=0
2026/03/08 21:44:07.140230 [DEBUG] key: bucket down (idx=3)
2026/03/08 21:44:07.140288 [DEBUG] render: buckets=75 objects=3 bucketIdx=4 objIdx=0
2026/03/08 21:44:07.309198 [DEBUG] key: bucket down (idx=4)
2026/03/08 21:44:07.309236 [DEBUG] render: buckets=75 objects=3 bucketIdx=5 objIdx=0
2026/03/08 21:44:11.282257 [DEBUG] key: bucket down (idx=5)
2026/03/08 21:44:11.282329 [DEBUG] render: buckets=75 objects=3 bucketIdx=6 objIdx=0
2026/03/08 21:44:12.318107 [DEBUG] key: bucket down (idx=6)
2026/03/08 21:44:12.318162 [DEBUG] render: buckets=75 objects=3 bucketIdx=7 objIdx=0
2026/03/08 21:44:12.505080 [DEBUG] key: bucket down (idx=7)
2026/03/08 21:44:12.505130 [DEBUG] render: buckets=75 objects=3 bucketIdx=8 objIdx=0
2026/03/08 21:44:12.703367 [DEBUG] key: bucket down (idx=8)
2026/03/08 21:44:12.703415 [DEBUG] render: buckets=75 objects=3 bucketIdx=9 objIdx=0
2026/03/08 21:44:12.944053 [DEBUG] key: bucket down (idx=9)
2026/03/08 21:44:12.944089 [DEBUG] render: buckets=75 objects=3 bucketIdx=10 objIdx=0
2026/03/08 21:44:13.444971 [DEBUG] key: bucket down (idx=10)
2026/03/08 21:44:13.445044 [DEBUG] render: buckets=75 objects=3 bucketIdx=11 objIdx=0
2026/03/08 21:44:13.908447 [DEBUG] key: bucket down (idx=11)
2026/03/08 21:44:13.908503 [DEBUG] render: buckets=75 objects=3 bucketIdx=12 objIdx=0
2026/03/08 21:44:14.294611 [DEBUG] key: bucket down (idx=12)
2026/03/08 21:44:14.294629 [DEBUG] render: buckets=75 objects=3 bucketIdx=13 objIdx=0
2026/03/08 21:44:15.040273 [DEBUG] key: bucket down (idx=13)
2026/03/08 21:44:15.040317 [DEBUG] render: buckets=75 objects=3 bucketIdx=14 objIdx=0
2026/03/08 21:44:15.378884 [DEBUG] key: bucket down (idx=14)
2026/03/08 21:44:15.378921 [DEBUG] render: buckets=75 objects=3 bucketIdx=15 objIdx=0
2026/03/08 21:44:15.643820 [DEBUG] key: bucket down (idx=15)
2026/03/08 21:44:15.643850 [DEBUG] render: buckets=75 objects=3 bucketIdx=16 objIdx=0
2026/03/08 21:44:15.908313 [DEBUG] key: bucket down (idx=16)
2026/03/08 21:44:15.908398 [DEBUG] render: buckets=75 objects=3 bucketIdx=17 objIdx=0
2026/03/08 21:44:16.144248 [DEBUG] key: bucket down (idx=17)
2026/03/08 21:44:16.144283 [DEBUG] render: buckets=75 objects=3 bucketIdx=18 objIdx=0
2026/03/08 21:44:16.361013 [DEBUG] key: bucket down (idx=18)
2026/03/08 21:44:16.361056 [DEBUG] render: buckets=75 objects=3 bucketIdx=19 objIdx=0
2026/03/08 21:44:16.583205 [DEBUG] key: bucket down (idx=19)
2026/03/08 21:44:16.583229 [DEBUG] render: buckets=75 objects=3 bucketIdx=20 objIdx=0
2026/03/08 21:44:16.800125 [DEBUG] key: bucket down (idx=20)
2026/03/08 21:44:16.800168 [DEBUG] render: buckets=75 objects=3 bucketIdx=21 objIdx=0
2026/03/08 21:44:18.967827 [DEBUG] key: bucket up (idx=21)
2026/03/08 21:44:18.967856 [DEBUG] render: buckets=75 objects=3 bucketIdx=20 objIdx=0
2026/03/08 21:44:21.135211 [DEBUG] key: bucket down (idx=20)
2026/03/08 21:44:21.135246 [DEBUG] render: buckets=75 objects=3 bucketIdx=21 objIdx=0
2026/03/08 21:44:22.606943 [DEBUG] key: bucket down (idx=21)
2026/03/08 21:44:22.606971 [DEBUG] render: buckets=75 objects=3 bucketIdx=22 objIdx=0
2026/03/08 21:44:23.015312 [DEBUG] key: bucket up (idx=22)
2026/03/08 21:44:23.015358 [DEBUG] render: buckets=75 objects=3 bucketIdx=21 objIdx=0
2026/03/08 21:44:23.352493 [DEBUG] key: bucket down (idx=21)
2026/03/08 21:44:23.352530 [DEBUG] render: buckets=75 objects=3 bucketIdx=22 objIdx=0
2026/03/08 21:44:23.611316 [DEBUG] key: bucket down (idx=22)
2026/03/08 21:44:23.611367 [DEBUG] render: buckets=75 objects=3 bucketIdx=23 objIdx=0
2026/03/08 21:44:23.833144 [DEBUG] key: bucket down (idx=23)
2026/03/08 21:44:23.833203 [DEBUG] render: buckets=75 objects=3 bucketIdx=24 objIdx=0
2026/03/08 21:44:24.098272 [DEBUG] key: bucket up (idx=24)
2026/03/08 21:44:24.098317 [DEBUG] render: buckets=75 objects=3 bucketIdx=23 objIdx=0
2026/03/08 21:44:24.267694 [DEBUG] key: bucket up (idx=23)
2026/03/08 21:44:24.267747 [DEBUG] render: buckets=75 objects=3 bucketIdx=22 objIdx=0
2026/03/08 21:44:24.436398 [DEBUG] key: bucket up (idx=22)
2026/03/08 21:44:24.436447 [DEBUG] render: buckets=75 objects=3 bucketIdx=21 objIdx=0
2026/03/08 21:44:24.919451 [DEBUG] key: bucket down (idx=21)
2026/03/08 21:44:24.919499 [DEBUG] render: buckets=75 objects=3 bucketIdx=22 objIdx=0
2026/03/08 21:44:25.086906 [DEBUG] key: bucket down (idx=22)
2026/03/08 21:44:25.086944 [DEBUG] render: buckets=75 objects=3 bucketIdx=23 objIdx=0
2026/03/08 21:44:25.298173 [DEBUG] key: bucket down (idx=23)
2026/03/08 21:44:25.298239 [DEBUG] render: buckets=75 objects=3 bucketIdx=24 objIdx=0
2026/03/08 21:44:25.448284 [DEBUG] key: bucket down (idx=24)
2026/03/08 21:44:25.448321 [DEBUG] render: buckets=75 objects=3 bucketIdx=25 objIdx=0
2026/03/08 21:44:25.641518 [DEBUG] key: bucket down (idx=25)
2026/03/08 21:44:25.641561 [DEBUG] render: buckets=75 objects=3 bucketIdx=26 objIdx=0
2026/03/08 21:44:25.809884 [DEBUG] key: bucket down (idx=26)
2026/03/08 21:44:25.809911 [DEBUG] render: buckets=75 objects=3 bucketIdx=27 objIdx=0
2026/03/08 21:44:25.979451 [DEBUG] key: bucket down (idx=27)
2026/03/08 21:44:25.979486 [DEBUG] render: buckets=75 objects=3 bucketIdx=28 objIdx=0
2026/03/08 21:44:26.196196 [DEBUG] key: bucket down (idx=28)
2026/03/08 21:44:26.196226 [DEBUG] render: buckets=75 objects=3 bucketIdx=29 objIdx=0
2026/03/08 21:44:26.407253 [DEBUG] key: bucket down (idx=29)
2026/03/08 21:44:26.407274 [DEBUG] render: buckets=75 objects=3 bucketIdx=30 objIdx=0
2026/03/08 21:44:26.576241 [DEBUG] key: bucket down (idx=30)
2026/03/08 21:44:26.576283 [DEBUG] render: buckets=75 objects=3 bucketIdx=31 objIdx=0
2026/03/08 21:44:26.774958 [DEBUG] key: bucket down (idx=31)
2026/03/08 21:44:26.775008 [DEBUG] render: buckets=75 objects=3 bucketIdx=32 objIdx=0
2026/03/08 21:44:26.967845 [DEBUG] key: bucket down (idx=32)
2026/03/08 21:44:26.967892 [DEBUG] render: buckets=75 objects=3 bucketIdx=33 objIdx=0
2026/03/08 21:44:27.136102 [DEBUG] key: bucket down (idx=33)
2026/03/08 21:44:27.136133 [DEBUG] render: buckets=75 objects=3 bucketIdx=34 objIdx=0
2026/03/08 21:44:27.305441 [DEBUG] key: bucket down (idx=34)
2026/03/08 21:44:27.305504 [DEBUG] render: buckets=75 objects=3 bucketIdx=35 objIdx=0
2026/03/08 21:44:27.469264 [DEBUG] key: bucket down (idx=35)
2026/03/08 21:44:27.469331 [DEBUG] render: buckets=75 objects=3 bucketIdx=36 objIdx=0
2026/03/08 21:44:27.643812 [DEBUG] key: bucket down (idx=36)
2026/03/08 21:44:27.643851 [DEBUG] render: buckets=75 objects=3 bucketIdx=37 objIdx=0
2026/03/08 21:44:27.811898 [DEBUG] key: bucket down (idx=37)
2026/03/08 21:44:27.811942 [DEBUG] render: buckets=75 objects=3 bucketIdx=38 objIdx=0
2026/03/08 21:44:27.980958 [DEBUG] key: bucket down (idx=38)
2026/03/08 21:44:27.981006 [DEBUG] render: buckets=75 objects=3 bucketIdx=39 objIdx=0
2026/03/08 21:44:28.173839 [DEBUG] key: bucket down (idx=39)
2026/03/08 21:44:28.173880 [DEBUG] render: buckets=75 objects=3 bucketIdx=40 objIdx=0
2026/03/08 21:44:28.389940 [DEBUG] key: bucket up (idx=40)
2026/03/08 21:44:28.389960 [DEBUG] render: buckets=75 objects=3 bucketIdx=39 objIdx=0
2026/03/08 21:44:28.990100 [DEBUG] key: bucket up (idx=39)
2026/03/08 21:44:28.990125 [DEBUG] render: buckets=75 objects=3 bucketIdx=38 objIdx=0
2026/03/08 21:44:29.030446 [DEBUG] key: bucket up (idx=38)
2026/03/08 21:44:29.030490 [DEBUG] render: buckets=75 objects=3 bucketIdx=37 objIdx=0
2026/03/08 21:44:29.070521 [DEBUG] key: bucket up (idx=37)
2026/03/08 21:44:29.070540 [DEBUG] render: buckets=75 objects=3 bucketIdx=36 objIdx=0
2026/03/08 21:44:29.110685 [DEBUG] key: bucket up (idx=36)
2026/03/08 21:44:29.110735 [DEBUG] render: buckets=75 objects=3 bucketIdx=35 objIdx=0
2026/03/08 21:44:29.150996 [DEBUG] key: bucket up (idx=35)
2026/03/08 21:44:29.151038 [DEBUG] render: buckets=75 objects=3 bucketIdx=34 objIdx=0
2026/03/08 21:44:29.190882 [DEBUG] key: bucket up (idx=34)
2026/03/08 21:44:29.190904 [DEBUG] render: buckets=75 objects=3 bucketIdx=33 objIdx=0
2026/03/08 21:44:29.231138 [DEBUG] key: bucket up (idx=33)
2026/03/08 21:44:29.231166 [DEBUG] render: buckets=75 objects=3 bucketIdx=32 objIdx=0
2026/03/08 21:44:29.271769 [DEBUG] key: bucket up (idx=32)
2026/03/08 21:44:29.271827 [DEBUG] render: buckets=75 objects=3 bucketIdx=31 objIdx=0
2026/03/08 21:44:29.312216 [DEBUG] key: bucket up (idx=31)
2026/03/08 21:44:29.312281 [DEBUG] render: buckets=75 objects=3 bucketIdx=30 objIdx=0
2026/03/08 21:44:29.352371 [DEBUG] key: bucket up (idx=30)
2026/03/08 21:44:29.352415 [DEBUG] render: buckets=75 objects=3 bucketIdx=29 objIdx=0
2026/03/08 21:44:29.392218 [DEBUG] key: bucket up (idx=29)
2026/03/08 21:44:29.392248 [DEBUG] render: buckets=75 objects=3 bucketIdx=28 objIdx=0
2026/03/08 21:44:29.432505 [DEBUG] key: bucket up (idx=28)
2026/03/08 21:44:29.432542 [DEBUG] render: buckets=75 objects=3 bucketIdx=27 objIdx=0
2026/03/08 21:44:29.472859 [DEBUG] key: bucket up (idx=27)
2026/03/08 21:44:29.472892 [DEBUG] render: buckets=75 objects=3 bucketIdx=26 objIdx=0
2026/03/08 21:44:29.513514 [DEBUG] key: bucket up (idx=26)
2026/03/08 21:44:29.513559 [DEBUG] render: buckets=75 objects=3 bucketIdx=25 objIdx=0
2026/03/08 21:44:29.553553 [DEBUG] key: bucket up (idx=25)
2026/03/08 21:44:29.553596 [DEBUG] render: buckets=75 objects=3 bucketIdx=24 objIdx=0
2026/03/08 21:44:29.593520 [DEBUG] key: bucket up (idx=24)
2026/03/08 21:44:29.593551 [DEBUG] render: buckets=75 objects=3 bucketIdx=23 objIdx=0
2026/03/08 21:44:29.633949 [DEBUG] key: bucket up (idx=23)
2026/03/08 21:44:29.634003 [DEBUG] render: buckets=75 objects=3 bucketIdx=22 objIdx=0
2026/03/08 21:44:29.674211 [DEBUG] key: bucket up (idx=22)
2026/03/08 21:44:29.674289 [DEBUG] render: buckets=75 objects=3 bucketIdx=21 objIdx=0
2026/03/08 21:44:29.714340 [DEBUG] key: bucket up (idx=21)
2026/03/08 21:44:29.714383 [DEBUG] render: buckets=75 objects=3 bucketIdx=20 objIdx=0
2026/03/08 21:44:29.754563 [DEBUG] key: bucket up (idx=20)
2026/03/08 21:44:29.754621 [DEBUG] render: buckets=75 objects=3 bucketIdx=19 objIdx=0
2026/03/08 21:44:29.794597 [DEBUG] key: bucket up (idx=19)
2026/03/08 21:44:29.794619 [DEBUG] render: buckets=75 objects=3 bucketIdx=18 objIdx=0
2026/03/08 21:44:29.834857 [DEBUG] key: bucket up (idx=18)
2026/03/08 21:44:29.834904 [DEBUG] render: buckets=75 objects=3 bucketIdx=17 objIdx=0
2026/03/08 21:44:29.874994 [DEBUG] key: bucket up (idx=17)
2026/03/08 21:44:29.875038 [DEBUG] render: buckets=75 objects=3 bucketIdx=16 objIdx=0
2026/03/08 21:44:29.915338 [DEBUG] key: bucket up (idx=16)
2026/03/08 21:44:29.915403 [DEBUG] render: buckets=75 objects=3 bucketIdx=15 objIdx=0
2026/03/08 21:44:29.955330 [DEBUG] key: bucket up (idx=15)
2026/03/08 21:44:29.955368 [DEBUG] render: buckets=75 objects=3 bucketIdx=14 objIdx=0
2026/03/08 21:44:29.995365 [DEBUG] key: bucket up (idx=14)
2026/03/08 21:44:29.995391 [DEBUG] render: buckets=75 objects=3 bucketIdx=13 objIdx=0
2026/03/08 21:44:30.035564 [DEBUG] key: bucket up (idx=13)
2026/03/08 21:44:30.035602 [DEBUG] render: buckets=75 objects=3 bucketIdx=12 objIdx=0
2026/03/08 21:44:30.075578 [DEBUG] key: bucket up (idx=12)
2026/03/08 21:44:30.075613 [DEBUG] render: buckets=75 objects=3 bucketIdx=11 objIdx=0
2026/03/08 21:44:30.115766 [DEBUG] key: bucket up (idx=11)
2026/03/08 21:44:30.115805 [DEBUG] render: buckets=75 objects=3 bucketIdx=10 objIdx=0
2026/03/08 21:44:30.156133 [DEBUG] key: bucket up (idx=10)
2026/03/08 21:44:30.156178 [DEBUG] render: buckets=75 objects=3 bucketIdx=9 objIdx=0
2026/03/08 21:44:30.195985 [DEBUG] key: bucket up (idx=9)
2026/03/08 21:44:30.196008 [DEBUG] render: buckets=75 objects=3 bucketIdx=8 objIdx=0
2026/03/08 21:44:30.413976 [DEBUG] key: bucket down (idx=8)
2026/03/08 21:44:30.414018 [DEBUG] render: buckets=75 objects=3 bucketIdx=9 objIdx=0
2026/03/08 21:44:31.014852 [DEBUG] key: bucket down (idx=9)
2026/03/08 21:44:31.014904 [DEBUG] render: buckets=75 objects=3 bucketIdx=10 objIdx=0
2026/03/08 21:44:31.054903 [DEBUG] key: bucket down (idx=10)
2026/03/08 21:44:31.054953 [DEBUG] render: buckets=75 objects=3 bucketIdx=11 objIdx=0
2026/03/08 21:44:31.094863 [DEBUG] key: bucket down (idx=11)
2026/03/08 21:44:31.094883 [DEBUG] render: buckets=75 objects=3 bucketIdx=12 objIdx=0
2026/03/08 21:44:31.135245 [DEBUG] key: bucket down (idx=12)
2026/03/08 21:44:31.135286 [DEBUG] render: buckets=75 objects=3 bucketIdx=13 objIdx=0
2026/03/08 21:44:31.175452 [DEBUG] key: bucket down (idx=13)
2026/03/08 21:44:31.175490 [DEBUG] render: buckets=75 objects=3 bucketIdx=14 objIdx=0
2026/03/08 21:44:31.215532 [DEBUG] key: bucket down (idx=14)
2026/03/08 21:44:31.215553 [DEBUG] render: buckets=75 objects=3 bucketIdx=15 objIdx=0
2026/03/08 21:44:31.255842 [DEBUG] key: bucket down (idx=15)
2026/03/08 21:44:31.255882 [DEBUG] render: buckets=75 objects=3 bucketIdx=16 objIdx=0
2026/03/08 21:44:31.295848 [DEBUG] key: bucket down (idx=16)
2026/03/08 21:44:31.295881 [DEBUG] render: buckets=75 objects=3 bucketIdx=17 objIdx=0
2026/03/08 21:44:31.335952 [DEBUG] key: bucket down (idx=17)
2026/03/08 21:44:31.335998 [DEBUG] render: buckets=75 objects=3 bucketIdx=18 objIdx=0
2026/03/08 21:44:31.572075 [DEBUG] key: bucket up (idx=18)
2026/03/08 21:44:31.572121 [DEBUG] render: buckets=75 objects=3 bucketIdx=17 objIdx=0
2026/03/08 21:44:32.172632 [DEBUG] key: bucket up (idx=17)
2026/03/08 21:44:32.172682 [DEBUG] render: buckets=75 objects=3 bucketIdx=16 objIdx=0
2026/03/08 21:44:32.212891 [DEBUG] key: bucket up (idx=16)
2026/03/08 21:44:32.212955 [DEBUG] render: buckets=75 objects=3 bucketIdx=15 objIdx=0
2026/03/08 21:44:32.253015 [DEBUG] key: bucket up (idx=15)
2026/03/08 21:44:32.253058 [DEBUG] render: buckets=75 objects=3 bucketIdx=14 objIdx=0
2026/03/08 21:44:32.292991 [DEBUG] key: bucket up (idx=14)
2026/03/08 21:44:32.293020 [DEBUG] render: buckets=75 objects=3 bucketIdx=13 objIdx=0
2026/03/08 21:44:32.333230 [DEBUG] key: bucket up (idx=13)
2026/03/08 21:44:32.333267 [DEBUG] render: buckets=75 objects=3 bucketIdx=12 objIdx=0
2026/03/08 21:44:32.373419 [DEBUG] key: bucket up (idx=12)
2026/03/08 21:44:32.373482 [DEBUG] render: buckets=75 objects=3 bucketIdx=11 objIdx=0
2026/03/08 21:44:32.414064 [DEBUG] key: bucket up (idx=11)
2026/03/08 21:44:32.414231 [DEBUG] render: buckets=75 objects=3 bucketIdx=10 objIdx=0
2026/03/08 21:44:32.454149 [DEBUG] key: bucket up (idx=10)
2026/03/08 21:44:32.454211 [DEBUG] render: buckets=75 objects=3 bucketIdx=9 objIdx=0
2026/03/08 21:44:32.494112 [DEBUG] key: bucket up (idx=9)
2026/03/08 21:44:32.494133 [DEBUG] render: buckets=75 objects=3 bucketIdx=8 objIdx=0
2026/03/08 21:44:32.534631 [DEBUG] key: bucket up (idx=8)
2026/03/08 21:44:32.534716 [DEBUG] render: buckets=75 objects=3 bucketIdx=7 objIdx=0
2026/03/08 21:44:32.575148 [DEBUG] key: bucket up (idx=7)
2026/03/08 21:44:32.575210 [DEBUG] render: buckets=75 objects=3 bucketIdx=6 objIdx=0
2026/03/08 21:44:32.615077 [DEBUG] key: bucket up (idx=6)
2026/03/08 21:44:32.615100 [DEBUG] render: buckets=75 objects=3 bucketIdx=5 objIdx=0
2026/03/08 21:44:32.655085 [DEBUG] key: bucket up (idx=5)
2026/03/08 21:44:32.655106 [DEBUG] render: buckets=75 objects=3 bucketIdx=4 objIdx=0
2026/03/08 21:44:32.695368 [DEBUG] key: bucket up (idx=4)
2026/03/08 21:44:32.695398 [DEBUG] render: buckets=75 objects=3 bucketIdx=3 objIdx=0
2026/03/08 21:44:32.735663 [DEBUG] key: bucket up (idx=3)
2026/03/08 21:44:32.735695 [DEBUG] render: buckets=75 objects=3 bucketIdx=2 objIdx=0
2026/03/08 21:44:32.775769 [DEBUG] key: bucket up (idx=2)
2026/03/08 21:44:32.775807 [DEBUG] render: buckets=75 objects=3 bucketIdx=1 objIdx=0
2026/03/08 21:44:32.815704 [DEBUG] key: bucket up (idx=1)
2026/03/08 21:44:32.815732 [DEBUG] render: buckets=75 objects=3 bucketIdx=0 objIdx=0
2026/03/08 21:44:32.856097 [DEBUG] key: bucket up (idx=0)
2026/03/08 21:44:32.896114 [DEBUG] key: bucket up (idx=0)
2026/03/08 21:44:32.936310 [DEBUG] key: bucket up (idx=0)
2026/03/08 21:44:33.256043 [DEBUG] key: bucket down (idx=0)
2026/03/08 21:44:33.256076 [DEBUG] render: buckets=75 objects=3 bucketIdx=1 objIdx=0
2026/03/08 21:44:33.303465 [DEBUG] key: bucket up (idx=1)
2026/03/08 21:44:33.303493 [DEBUG] render: buckets=75 objects=3 bucketIdx=0 objIdx=0
2026/03/08 21:44:33.949288 [DEBUG] key: bucket down (idx=0)
2026/03/08 21:44:33.949321 [DEBUG] render: buckets=75 objects=3 bucketIdx=1 objIdx=0
2026/03/08 21:44:34.550207 [DEBUG] key: bucket down (idx=1)
2026/03/08 21:44:34.550277 [DEBUG] render: buckets=75 objects=3 bucketIdx=2 objIdx=0
2026/03/08 21:44:34.590012 [DEBUG] key: bucket down (idx=2)
2026/03/08 21:44:34.590043 [DEBUG] render: buckets=75 objects=3 bucketIdx=3 objIdx=0
2026/03/08 21:44:34.630359 [DEBUG] key: bucket down (idx=3)
2026/03/08 21:44:34.630399 [DEBUG] render: buckets=75 objects=3 bucketIdx=4 objIdx=0
2026/03/08 21:44:34.670450 [DEBUG] key: bucket down (idx=4)
2026/03/08 21:44:34.670478 [DEBUG] render: buckets=75 objects=3 bucketIdx=5 objIdx=0
2026/03/08 21:44:34.711042 [DEBUG] key: bucket down (idx=5)
2026/03/08 21:44:34.711090 [DEBUG] render: buckets=75 objects=3 bucketIdx=6 objIdx=0
2026/03/08 21:44:34.750936 [DEBUG] key: bucket down (idx=6)
2026/03/08 21:44:34.750953 [DEBUG] render: buckets=75 objects=3 bucketIdx=7 objIdx=0
2026/03/08 21:44:34.791016 [DEBUG] key: bucket down (idx=7)
2026/03/08 21:44:34.791037 [DEBUG] render: buckets=75 objects=3 bucketIdx=8 objIdx=0
2026/03/08 21:44:34.831455 [DEBUG] key: bucket down (idx=8)
2026/03/08 21:44:34.831521 [DEBUG] render: buckets=75 objects=3 bucketIdx=9 objIdx=0
2026/03/08 21:44:34.871902 [DEBUG] key: bucket down (idx=9)
2026/03/08 21:44:34.871972 [DEBUG] render: buckets=75 objects=3 bucketIdx=10 objIdx=0
2026/03/08 21:44:34.911883 [DEBUG] key: bucket down (idx=10)
2026/03/08 21:44:34.911931 [DEBUG] render: buckets=75 objects=3 bucketIdx=11 objIdx=0
2026/03/08 21:44:34.952119 [DEBUG] key: bucket down (idx=11)
2026/03/08 21:44:34.952154 [DEBUG] render: buckets=75 objects=3 bucketIdx=12 objIdx=0
2026/03/08 21:44:34.992013 [DEBUG] key: bucket down (idx=12)
2026/03/08 21:44:34.992034 [DEBUG] render: buckets=75 objects=3 bucketIdx=13 objIdx=0
2026/03/08 21:44:35.032424 [DEBUG] key: bucket down (idx=13)
2026/03/08 21:44:35.032456 [DEBUG] render: buckets=75 objects=3 bucketIdx=14 objIdx=0
2026/03/08 21:44:35.072551 [DEBUG] key: bucket down (idx=14)
2026/03/08 21:44:35.072591 [DEBUG] render: buckets=75 objects=3 bucketIdx=15 objIdx=0
2026/03/08 21:44:35.112871 [DEBUG] key: bucket down (idx=15)
2026/03/08 21:44:35.112935 [DEBUG] render: buckets=75 objects=3 bucketIdx=16 objIdx=0
2026/03/08 21:44:35.254668 [DEBUG] key: bucket up (idx=16)
2026/03/08 21:44:35.254726 [DEBUG] render: buckets=75 objects=3 bucketIdx=15 objIdx=0
2026/03/08 21:44:35.544196 [DEBUG] key: switch focus buckets -> objects
2026/03/08 21:44:36.169553 [DEBUG] key: switch focus back objects -> buckets
2026/03/08 21:44:36.362377 [DEBUG] key: switch focus buckets -> objects
2026/03/08 21:44:36.845497 [DEBUG] key: switch focus objects -> status
2026/03/08 21:44:36.915603 [DEBUG] key: switch focus back status -> objects
2026/03/08 21:44:37.038694 [DEBUG] key: switch focus objects -> status
2026/03/08 21:44:37.128234 [DEBUG] key: switch focus back status -> objects
2026/03/08 21:44:37.225351 [DEBUG] key: switch focus objects -> status
2026/03/08 21:44:37.273758 [DEBUG] key: switch focus back status -> objects
2026/03/08 21:44:37.350655 [DEBUG] key: switch focus objects -> status
2026/03/08 21:44:37.423527 [DEBUG] key: switch focus back status -> objects
2026/03/08 21:44:37.473459 [DEBUG] key: switch focus objects -> status
2026/03/08 21:44:37.544720 [DEBUG] key: switch focus back status -> objects
2026/03/08 21:44:37.808971 [DEBUG] key: obj up (idx=0)
2026/03/08 21:44:38.410198 [DEBUG] key: obj up (idx=0)
2026/03/08 21:44:38.451441 [DEBUG] key: obj up (idx=0)
2026/03/08 21:44:38.491339 [DEBUG] key: obj up (idx=0)
2026/03/08 21:44:38.531838 [DEBUG] key: obj up (idx=0)
2026/03/08 21:44:38.572357 [DEBUG] key: obj up (idx=0)
2026/03/08 21:44:38.612893 [DEBUG] key: obj up (idx=0)
2026/03/08 21:44:38.653206 [DEBUG] key: obj up (idx=0)
2026/03/08 21:44:38.693012 [DEBUG] key: obj up (idx=0)
2026/03/08 21:44:38.733476 [DEBUG] key: obj up (idx=0)
2026/03/08 21:44:38.773743 [DEBUG] key: obj up (idx=0)
2026/03/08 21:44:38.813666 [DEBUG] key: obj up (idx=0)
2026/03/08 21:44:38.854192 [DEBUG] key: obj up (idx=0)
2026/03/08 21:44:38.894120 [DEBUG] key: obj up (idx=0)
2026/03/08 21:44:39.279042 [DEBUG] key: switch focus back objects -> buckets
2026/03/08 21:44:39.905721 [DEBUG] key: switch focus buckets -> objects
2026/03/08 21:44:40.073348 [DEBUG] key: switch focus objects -> status
2026/03/08 21:44:40.241480 [DEBUG] key: switch focus status -> buckets
2026/03/08 21:44:40.364331 [DEBUG] key: switch focus buckets -> objects
2026/03/08 21:44:40.507416 [DEBUG] key: switch focus objects -> status
2026/03/08 21:44:40.676292 [DEBUG] key: switch focus status -> buckets
2026/03/08 21:44:40.815094 [DEBUG] key: switch focus buckets -> objects
2026/03/08 21:44:40.940558 [DEBUG] key: switch focus objects -> status
2026/03/08 21:44:41.084968 [DEBUG] key: switch focus status -> buckets
2026/03/08 21:44:41.303453 [DEBUG] key: switch focus back buckets -> status
2026/03/08 21:44:41.442259 [DEBUG] key: switch focus back status -> objects
2026/03/08 21:44:41.592075 [DEBUG] key: switch focus back objects -> buckets
2026/03/08 21:44:41.761580 [DEBUG] key: bucket down (idx=15)
2026/03/08 21:44:41.761619 [DEBUG] render: buckets=75 objects=3 bucketIdx=16 objIdx=0
2026/03/08 21:44:41.900553 [DEBUG] key: bucket down (idx=16)
2026/03/08 21:44:41.900584 [DEBUG] render: buckets=75 objects=3 bucketIdx=17 objIdx=0
2026/03/08 21:44:42.215209 [DEBUG] key: bucket up (idx=17)
2026/03/08 21:44:42.215231 [DEBUG] render: buckets=75 objects=3 bucketIdx=16 objIdx=0
2026/03/08 21:44:42.338097 [DEBUG] key: bucket up (idx=16)
2026/03/08 21:44:42.338127 [DEBUG] render: buckets=75 objects=3 bucketIdx=15 objIdx=0
2026/03/08 21:44:42.938653 [DEBUG] key: bucket up (idx=15)
2026/03/08 21:44:42.938724 [DEBUG] render: buckets=75 objects=3 bucketIdx=14 objIdx=0
2026/03/08 21:44:42.978741 [DEBUG] key: bucket up (idx=14)
2026/03/08 21:44:42.978780 [DEBUG] render: buckets=75 objects=3 bucketIdx=13 objIdx=0
2026/03/08 21:44:43.018902 [DEBUG] key: bucket up (idx=13)
2026/03/08 21:44:43.018977 [DEBUG] render: buckets=75 objects=3 bucketIdx=12 objIdx=0
2026/03/08 21:44:43.059149 [DEBUG] key: bucket up (idx=12)
2026/03/08 21:44:43.059183 [DEBUG] render: buckets=75 objects=3 bucketIdx=11 objIdx=0
2026/03/08 21:44:43.098978 [DEBUG] key: bucket up (idx=11)
2026/03/08 21:44:43.098999 [DEBUG] render: buckets=75 objects=3 bucketIdx=10 objIdx=0
2026/03/08 21:44:43.139266 [DEBUG] key: bucket up (idx=10)
2026/03/08 21:44:43.139286 [DEBUG] render: buckets=75 objects=3 bucketIdx=9 objIdx=0
2026/03/08 21:44:43.179492 [DEBUG] key: bucket up (idx=9)
2026/03/08 21:44:43.179529 [DEBUG] render: buckets=75 objects=3 bucketIdx=8 objIdx=0
2026/03/08 21:44:43.219685 [DEBUG] key: bucket up (idx=8)
2026/03/08 21:44:43.219742 [DEBUG] render: buckets=75 objects=3 bucketIdx=7 objIdx=0
2026/03/08 21:44:43.259631 [DEBUG] key: bucket up (idx=7)
2026/03/08 21:44:43.259676 [DEBUG] render: buckets=75 objects=3 bucketIdx=6 objIdx=0
2026/03/08 21:44:44.508505 [DEBUG] key: bucket up (idx=6)
2026/03/08 21:44:44.508540 [DEBUG] render: buckets=75 objects=3 bucketIdx=5 objIdx=0
2026/03/08 21:44:44.724684 [DEBUG] key: bucket up (idx=5)
2026/03/08 21:44:44.724720 [DEBUG] render: buckets=75 objects=3 bucketIdx=4 objIdx=0
2026/03/08 21:44:45.012766 [DEBUG] key: bucket up (idx=4)
2026/03/08 21:44:45.012821 [DEBUG] render: buckets=75 objects=3 bucketIdx=3 objIdx=0
2026/03/08 21:44:45.446794 [INFO]  key: select bucket idx=3
2026/03/08 21:44:45.446827 [INFO]  loadObjects: bucket="argo-workflows-clarity-mgmt-pro" prefix=""
2026/03/08 21:44:45.446835 [INFO]  S3 ListObjects called bucket="argo-workflows-clarity-mgmt-pro" prefix=""
2026/03/08 21:44:45.690423 [INFO]  S3 ListObjects returned 1000 items
2026/03/08 21:44:45.690443 [DEBUG] loadObjects: 1000 objects loaded, rendering
2026/03/08 21:44:45.690446 [DEBUG] render: buckets=75 objects=1000 bucketIdx=3 objIdx=0
2026/03/08 21:44:47.876376 [DEBUG] key: bucket down (idx=3)
2026/03/08 21:44:47.876524 [DEBUG] render: buckets=75 objects=1000 bucketIdx=4 objIdx=0
2026/03/08 21:44:48.264200 [DEBUG] key: bucket up (idx=4)
2026/03/08 21:44:48.264248 [DEBUG] render: buckets=75 objects=1000 bucketIdx=3 objIdx=0
2026/03/08 21:44:48.602631 [DEBUG] key: bucket down (idx=3)
2026/03/08 21:44:48.602707 [DEBUG] render: buckets=75 objects=1000 bucketIdx=4 objIdx=0
2026/03/08 21:44:48.939556 [DEBUG] key: switch focus buckets -> objects
2026/03/08 21:44:49.277389 [DEBUG] key: switch focus objects -> status
2026/03/08 21:44:51.469602 [DEBUG] key: switch focus status -> buckets
2026/03/08 21:44:51.615005 [DEBUG] key: switch focus buckets -> objects
2026/03/08 21:44:51.951719 [DEBUG] key: switch focus back objects -> buckets
2026/03/08 21:44:52.115221 [DEBUG] key: switch focus back buckets -> status
2026/03/08 21:44:52.312533 [DEBUG] key: switch focus status -> buckets
2026/03/08 21:44:59.874452 [INFO]  key: quit
2026/03/08 21:44:59.874505 [INFO]  App exiting normally
2026/03/09 21:27:13.383449 [INFO]  App starting
2026/03/09 21:27:13.384752 [DEBUG] layout: first render, loading buckets
2026/03/09 21:27:13.384766 [INFO]  loadBuckets: listing buckets
2026/03/09 21:27:13.384769 [INFO]  S3 ListBuckets called
2026/03/09 21:27:13.724626 [INFO]  S3 ListBuckets returned 75 buckets
2026/03/09 21:27:13.724701 [INFO]  loadBuckets: got 75 buckets
2026/03/09 21:27:13.724710 [INFO]  loadObjects: bucket="airflow-testing-clarity-mgmt" prefix=""
2026/03/09 21:27:13.724721 [INFO]  S3 ListObjects called bucket="airflow-testing-clarity-mgmt" prefix=""
2026/03/09 21:27:13.884120 [INFO]  S3 ListObjects returned 3 items
2026/03/09 21:27:13.884165 [DEBUG] loadObjects: 3 objects loaded, rendering
2026/03/09 21:27:13.884171 [DEBUG] render: buckets=75 objects=3 bucketIdx=0 objIdx=0
2026/03/09 21:27:14.866004 [INFO]  key: quit
2026/03/09 21:27:14.866066 [INFO]  App exiting normally
2026/03/09 21:31:03.809269 [INFO]  App starting
2026/03/09 21:31:03.810118 [DEBUG] layout: first render, loading buckets
2026/03/09 21:31:03.810141 [INFO]  loadBuckets: listing buckets
2026/03/09 21:31:03.810147 [INFO]  S3 ListBuckets called
2026/03/09 21:31:04.151040 [INFO]  S3 ListBuckets returned 75 buckets
2026/03/09 21:31:04.151075 [INFO]  loadBuckets: got 75 buckets
2026/03/09 21:31:04.151083 [INFO]  loadObjects: bucket="airflow-testing-clarity-mgmt" prefix=""
2026/03/09 21:31:04.151095 [INFO]  S3 ListObjects called bucket="airflow-testing-clarity-mgmt" prefix=""
2026/03/09 21:31:04.305960 [INFO]  S3 ListObjects returned 3 items
2026/03/09 21:31:04.306043 [DEBUG] loadObjects: 3 objects loaded, rendering
2026/03/09 21:31:04.306049 [DEBUG] render: buckets=75 objects=3 bucketIdx=0 objIdx=0
2026/03/09 21:31:07.459256 [DEBUG] key: bucket down (idx=0)
2026/03/09 21:31:07.459291 [DEBUG] render: buckets=75 objects=3 bucketIdx=1 objIdx=0
2026/03/09 21:31:07.652132 [DEBUG] key: bucket down (idx=1)
2026/03/09 21:31:07.652185 [DEBUG] render: buckets=75 objects=3 bucketIdx=2 objIdx=0
2026/03/09 21:31:07.868760 [DEBUG] key: bucket up (idx=2)
2026/03/09 21:31:07.868814 [DEBUG] render: buckets=75 objects=3 bucketIdx=1 objIdx=0
2026/03/09 21:31:08.014090 [DEBUG] key: bucket up (idx=1)
2026/03/09 21:31:08.014145 [DEBUG] render: buckets=75 objects=3 bucketIdx=0 objIdx=0
2026/03/09 21:31:10.616208 [INFO]  key: quit
2026/03/09 21:31:10.616257 [INFO]  App exiting normally
2026/03/09 21:34:40.473926 [INFO]  App starting
2026/03/09 21:34:40.475088 [DEBUG] layout: first render, loading buckets
2026/03/09 21:34:40.475117 [INFO]  loadBuckets: listing buckets
2026/03/09 21:34:40.475122 [INFO]  S3 ListBuckets called
2026/03/09 21:34:40.840873 [INFO]  S3 ListBuckets returned 75 buckets
2026/03/09 21:34:40.840927 [INFO]  loadBuckets: got 75 buckets
2026/03/09 21:34:40.840931 [INFO]  loadObjects: bucket="airflow-testing-clarity-mgmt" prefix=""
2026/03/09 21:34:40.840936 [INFO]  S3 ListObjects called bucket="airflow-testing-clarity-mgmt" prefix=""
2026/03/09 21:34:40.987851 [INFO]  S3 ListObjects returned 3 items
2026/03/09 21:34:40.987886 [DEBUG] loadObjects: 3 objects loaded, rendering
2026/03/09 21:34:40.987896 [DEBUG] render: buckets=75 objects=3 bucketIdx=0 objIdx=0
2026/03/09 21:34:43.331535 [INFO]  key: quit
2026/03/09 21:34:43.331587 [INFO]  App exiting normally
2026/03/09 21:35:25.032751 [INFO]  App starting
2026/03/09 21:35:25.033671 [DEBUG] layout: first render, loading buckets
2026/03/09 21:35:25.033719 [INFO]  loadBuckets: listing buckets
2026/03/09 21:35:25.033723 [INFO]  S3 ListBuckets called
2026/03/09 21:35:25.403681 [INFO]  S3 ListBuckets returned 75 buckets
2026/03/09 21:35:25.403723 [INFO]  loadBuckets: got 75 buckets
2026/03/09 21:35:25.403732 [INFO]  loadObjects: bucket="airflow-testing-clarity-mgmt" prefix=""
2026/03/09 21:35:25.403746 [INFO]  S3 ListObjects called bucket="airflow-testing-clarity-mgmt" prefix=""
2026/03/09 21:35:25.546642 [INFO]  S3 ListObjects returned 3 items
2026/03/09 21:35:25.546686 [DEBUG] loadObjects: 3 objects loaded, rendering
2026/03/09 21:35:25.546695 [DEBUG] render: buckets=75 objects=3 bucketIdx=0 objIdx=0
2026/03/09 21:35:25.961576 [INFO]  key: quit
2026/03/09 21:35:25.961612 [INFO]  App exiting normally
2026/03/09 21:35:30.021556 [INFO]  App starting
2026/03/09 21:35:30.022831 [DEBUG] layout: first render, loading buckets
2026/03/09 21:35:30.022847 [INFO]  loadBuckets: listing buckets
2026/03/09 21:35:30.022852 [INFO]  S3 ListBuckets called
2026/03/09 21:35:30.381637 [INFO]  S3 ListBuckets returned 75 buckets
2026/03/09 21:35:30.381679 [INFO]  loadBuckets: got 75 buckets
2026/03/09 21:35:30.381687 [INFO]  loadObjects: bucket="airflow-testing-clarity-mgmt" prefix=""
2026/03/09 21:35:30.381697 [INFO]  S3 ListObjects called bucket="airflow-testing-clarity-mgmt" prefix=""
2026/03/09 21:35:30.539305 [INFO]  S3 ListObjects returned 3 items
2026/03/09 21:35:30.539347 [DEBUG] loadObjects: 3 objects loaded, rendering
2026/03/09 21:35:30.539355 [DEBUG] render: buckets=75 objects=3 bucketIdx=0 objIdx=0
2026/03/09 21:35:32.846628 [INFO]  key: quit
2026/03/09 21:35:32.846686 [INFO]  App exiting normally
2026/03/09 21:36:01.812828 [INFO]  App starting
2026/03/09 21:36:01.813842 [DEBUG] layout: first render, loading buckets
2026/03/09 21:36:01.813865 [INFO]  loadBuckets: listing buckets
2026/03/09 21:36:01.813873 [INFO]  S3 ListBuckets called
2026/03/09 21:36:02.169412 [INFO]  S3 ListBuckets returned 75 buckets
2026/03/09 21:36:02.169516 [INFO]  loadBuckets: got 75 buckets
2026/03/09 21:36:02.169525 [INFO]  loadObjects: bucket="airflow-testing-clarity-mgmt" prefix=""
2026/03/09 21:36:02.169562 [INFO]  S3 ListObjects called bucket="airflow-testing-clarity-mgmt" prefix=""
2026/03/09 21:36:02.318524 [INFO]  S3 ListObjects returned 3 items
2026/03/09 21:36:02.318592 [DEBUG] loadObjects: 3 objects loaded, rendering
2026/03/09 21:36:02.318596 [DEBUG] render: buckets=75 objects=3 bucketIdx=0 objIdx=0
2026/03/09 21:36:03.658263 [INFO]  key: quit
2026/03/09 21:36:03.658306 [INFO]  App exiting normally
2026/03/09 21:36:52.632383 [INFO]  App starting
2026/03/09 21:36:52.633192 [DEBUG] layout: first render, loading buckets
2026/03/09 21:36:52.633213 [INFO]  loadBuckets: listing buckets
2026/03/09 21:36:52.633218 [INFO]  S3 ListBuckets called
2026/03/09 21:36:53.002753 [INFO]  S3 ListBuckets returned 75 buckets
2026/03/09 21:36:53.002816 [INFO]  loadBuckets: got 75 buckets
2026/03/09 21:36:53.002820 [INFO]  loadObjects: bucket="airflow-testing-clarity-mgmt" prefix=""
2026/03/09 21:36:53.002829 [INFO]  S3 ListObjects called bucket="airflow-testing-clarity-mgmt" prefix=""
2026/03/09 21:36:53.213043 [INFO]  S3 ListObjects returned 3 items
2026/03/09 21:36:53.213088 [DEBUG] loadObjects: 3 objects loaded, rendering
2026/03/09 21:36:53.213097 [DEBUG] render: buckets=75 objects=3 bucketIdx=0 objIdx=0
2026/03/09 21:36:54.032695 [DEBUG] key: bucket down (idx=0)
2026/03/09 21:36:54.032734 [DEBUG] render: buckets=75 objects=3 bucketIdx=1 objIdx=0
2026/03/09 21:36:54.171707 [DEBUG] key: bucket down (idx=1)
2026/03/09 21:36:54.171742 [DEBUG] render: buckets=75 objects=3 bucketIdx=2 objIdx=0
2026/03/09 21:36:54.562736 [INFO]  key: select bucket idx=2
2026/03/09 21:36:54.562774 [INFO]  loadObjects: bucket="airflowv2-clarity-mgmt-pro" prefix=""
2026/03/09 21:36:54.562786 [INFO]  S3 ListObjects called bucket="airflowv2-clarity-mgmt-pro" prefix=""
2026/03/09 21:36:54.740817 [INFO]  S3 ListObjects returned 2 items
2026/03/09 21:36:54.740847 [DEBUG] loadObjects: 2 objects loaded, rendering
2026/03/09 21:36:54.740851 [DEBUG] render: buckets=75 objects=2 bucketIdx=2 objIdx=0
2026/03/09 21:36:54.846811 [INFO]  key: select bucket idx=2
2026/03/09 21:36:54.846919 [INFO]  loadObjects: bucket="airflowv2-clarity-mgmt-pro" prefix=""
2026/03/09 21:36:54.846936 [INFO]  S3 ListObjects called bucket="airflowv2-clarity-mgmt-pro" prefix=""
2026/03/09 21:36:54.911623 [INFO]  S3 ListObjects returned 2 items
2026/03/09 21:36:54.911657 [DEBUG] loadObjects: 2 objects loaded, rendering
2026/03/09 21:36:54.911665 [DEBUG] render: buckets=75 objects=2 bucketIdx=2 objIdx=0
2026/03/09 21:36:54.947682 [INFO]  key: select bucket idx=2
2026/03/09 21:36:54.947708 [INFO]  loadObjects: bucket="airflowv2-clarity-mgmt-pro" prefix=""
2026/03/09 21:36:54.947716 [INFO]  S3 ListObjects called bucket="airflowv2-clarity-mgmt-pro" prefix=""
2026/03/09 21:36:55.002780 [INFO]  S3 ListObjects returned 2 items
2026/03/09 21:36:55.002818 [DEBUG] loadObjects: 2 objects loaded, rendering
2026/03/09 21:36:55.002826 [DEBUG] render: buckets=75 objects=2 bucketIdx=2 objIdx=0
2026/03/09 21:36:55.092606 [INFO]  key: select bucket idx=2
2026/03/09 21:36:55.092640 [INFO]  loadObjects: bucket="airflowv2-clarity-mgmt-pro" prefix=""
2026/03/09 21:36:55.092647 [INFO]  S3 ListObjects called bucket="airflowv2-clarity-mgmt-pro" prefix=""
2026/03/09 21:36:55.150846 [INFO]  S3 ListObjects returned 2 items
2026/03/09 21:36:55.150863 [DEBUG] loadObjects: 2 objects loaded, rendering
2026/03/09 21:36:55.150868 [DEBUG] render: buckets=75 objects=2 bucketIdx=2 objIdx=0
2026/03/09 21:36:55.520613 [DEBUG] key: bucket down (idx=2)
2026/03/09 21:36:55.520655 [DEBUG] render: buckets=75 objects=2 bucketIdx=3 objIdx=0
2026/03/09 21:36:56.078655 [DEBUG] key: bucket down (idx=3)
2026/03/09 21:36:56.078707 [DEBUG] render: buckets=75 objects=2 bucketIdx=4 objIdx=0
2026/03/09 21:36:56.369904 [DEBUG] key: bucket down (idx=4)
2026/03/09 21:36:56.369942 [DEBUG] render: buckets=75 objects=2 bucketIdx=5 objIdx=0
2026/03/09 21:36:56.730802 [INFO]  key: select bucket idx=5
2026/03/09 21:36:56.730837 [INFO]  loadObjects: bucket="augmentedai-clarity-mgmt-pro" prefix=""
2026/03/09 21:36:56.730848 [INFO]  S3 ListObjects called bucket="augmentedai-clarity-mgmt-pro" prefix=""
2026/03/09 21:36:56.888796 [INFO]  S3 ListObjects returned 2 items
2026/03/09 21:36:56.888835 [DEBUG] loadObjects: 2 objects loaded, rendering
2026/03/09 21:36:56.888841 [DEBUG] render: buckets=75 objects=2 bucketIdx=5 objIdx=0
2026/03/09 21:36:57.885588 [DEBUG] key: bucket up (idx=5)
2026/03/09 21:36:57.885627 [DEBUG] render: buckets=75 objects=2 bucketIdx=4 objIdx=0
2026/03/09 21:36:58.776648 [DEBUG] key: bucket down (idx=4)
2026/03/09 21:36:58.776690 [DEBUG] render: buckets=75 objects=2 bucketIdx=5 objIdx=0
2026/03/09 21:36:58.921810 [DEBUG] key: bucket down (idx=5)
2026/03/09 21:36:58.921849 [DEBUG] render: buckets=75 objects=2 bucketIdx=6 objIdx=0
2026/03/09 21:36:59.067707 [DEBUG] key: bucket down (idx=6)
2026/03/09 21:36:59.067743 [DEBUG] render: buckets=75 objects=2 bucketIdx=7 objIdx=0
2026/03/09 21:36:59.667873 [DEBUG] key: bucket down (idx=7)
2026/03/09 21:36:59.667910 [DEBUG] render: buckets=75 objects=2 bucketIdx=8 objIdx=0
2026/03/09 21:36:59.708072 [DEBUG] key: bucket down (idx=8)
2026/03/09 21:36:59.708113 [DEBUG] render: buckets=75 objects=2 bucketIdx=9 objIdx=0
2026/03/09 21:36:59.748374 [DEBUG] key: bucket down (idx=9)
2026/03/09 21:36:59.748422 [DEBUG] render: buckets=75 objects=2 bucketIdx=10 objIdx=0
2026/03/09 21:36:59.788381 [DEBUG] key: bucket down (idx=10)
2026/03/09 21:36:59.788409 [DEBUG] render: buckets=75 objects=2 bucketIdx=11 objIdx=0
2026/03/09 21:36:59.828442 [DEBUG] key: bucket down (idx=11)
2026/03/09 21:36:59.828477 [DEBUG] render: buckets=75 objects=2 bucketIdx=12 objIdx=0
2026/03/09 21:36:59.868625 [DEBUG] key: bucket down (idx=12)
2026/03/09 21:36:59.868656 [DEBUG] render: buckets=75 objects=2 bucketIdx=13 objIdx=0
2026/03/09 21:36:59.908773 [DEBUG] key: bucket down (idx=13)
2026/03/09 21:36:59.908808 [DEBUG] render: buckets=75 objects=2 bucketIdx=14 objIdx=0
2026/03/09 21:36:59.949003 [DEBUG] key: bucket down (idx=14)
2026/03/09 21:36:59.949051 [DEBUG] render: buckets=75 objects=2 bucketIdx=15 objIdx=0
2026/03/09 21:36:59.989146 [DEBUG] key: bucket down (idx=15)
2026/03/09 21:36:59.989173 [DEBUG] render: buckets=75 objects=2 bucketIdx=16 objIdx=0
2026/03/09 21:37:00.029263 [DEBUG] key: bucket down (idx=16)
2026/03/09 21:37:00.029286 [DEBUG] render: buckets=75 objects=2 bucketIdx=17 objIdx=0
2026/03/09 21:37:00.069424 [DEBUG] key: bucket down (idx=17)
2026/03/09 21:37:00.069441 [DEBUG] render: buckets=75 objects=2 bucketIdx=18 objIdx=0
2026/03/09 21:37:00.109518 [DEBUG] key: bucket down (idx=18)
2026/03/09 21:37:00.109587 [DEBUG] render: buckets=75 objects=2 bucketIdx=19 objIdx=0
2026/03/09 21:37:00.149629 [DEBUG] key: bucket down (idx=19)
2026/03/09 21:37:00.149643 [DEBUG] render: buckets=75 objects=2 bucketIdx=20 objIdx=0
2026/03/09 21:37:00.189933 [DEBUG] key: bucket down (idx=20)
2026/03/09 21:37:00.189985 [DEBUG] render: buckets=75 objects=2 bucketIdx=21 objIdx=0
2026/03/09 21:37:00.230097 [DEBUG] key: bucket down (idx=21)
2026/03/09 21:37:00.230132 [DEBUG] render: buckets=75 objects=2 bucketIdx=22 objIdx=0
2026/03/09 21:37:00.270254 [DEBUG] key: bucket down (idx=22)
2026/03/09 21:37:00.270295 [DEBUG] render: buckets=75 objects=2 bucketIdx=23 objIdx=0
2026/03/09 21:37:00.310390 [DEBUG] key: bucket down (idx=23)
2026/03/09 21:37:00.310401 [DEBUG] render: buckets=75 objects=2 bucketIdx=24 objIdx=0
2026/03/09 21:37:00.350620 [DEBUG] key: bucket down (idx=24)
2026/03/09 21:37:00.350672 [DEBUG] render: buckets=75 objects=2 bucketIdx=25 objIdx=0
2026/03/09 21:37:00.390686 [DEBUG] key: bucket down (idx=25)
2026/03/09 21:37:00.390700 [DEBUG] render: buckets=75 objects=2 bucketIdx=26 objIdx=0
2026/03/09 21:37:00.430903 [DEBUG] key: bucket down (idx=26)
2026/03/09 21:37:00.430936 [DEBUG] render: buckets=75 objects=2 bucketIdx=27 objIdx=0
2026/03/09 21:37:00.471111 [DEBUG] key: bucket down (idx=27)
2026/03/09 21:37:00.471140 [DEBUG] render: buckets=75 objects=2 bucketIdx=28 objIdx=0
2026/03/09 21:37:00.511336 [DEBUG] key: bucket down (idx=28)
2026/03/09 21:37:00.511372 [DEBUG] render: buckets=75 objects=2 bucketIdx=29 objIdx=0
2026/03/09 21:37:00.551670 [DEBUG] key: bucket down (idx=29)
2026/03/09 21:37:00.551733 [DEBUG] render: buckets=75 objects=2 bucketIdx=30 objIdx=0
2026/03/09 21:37:00.591596 [DEBUG] key: bucket down (idx=30)
2026/03/09 21:37:00.591635 [DEBUG] render: buckets=75 objects=2 bucketIdx=31 objIdx=0
2026/03/09 21:37:00.632383 [DEBUG] key: bucket down (idx=31)
2026/03/09 21:37:00.632429 [DEBUG] render: buckets=75 objects=2 bucketIdx=32 objIdx=0
2026/03/09 21:37:00.672242 [DEBUG] key: bucket down (idx=32)
2026/03/09 21:37:00.672303 [DEBUG] render: buckets=75 objects=2 bucketIdx=33 objIdx=0
2026/03/09 21:37:00.712411 [DEBUG] key: bucket down (idx=33)
2026/03/09 21:37:00.712447 [DEBUG] render: buckets=75 objects=2 bucketIdx=34 objIdx=0
2026/03/09 21:37:00.752618 [DEBUG] key: bucket down (idx=34)
2026/03/09 21:37:00.752671 [DEBUG] render: buckets=75 objects=2 bucketIdx=35 objIdx=0
2026/03/09 21:37:00.792646 [DEBUG] key: bucket down (idx=35)
2026/03/09 21:37:00.792675 [DEBUG] render: buckets=75 objects=2 bucketIdx=36 objIdx=0
2026/03/09 21:37:01.059569 [DEBUG] key: bucket up (idx=36)
2026/03/09 21:37:01.059608 [DEBUG] render: buckets=75 objects=2 bucketIdx=35 objIdx=0
2026/03/09 21:37:01.522924 [DEBUG] key: bucket down (idx=35)
2026/03/09 21:37:01.522970 [DEBUG] render: buckets=75 objects=2 bucketIdx=36 objIdx=0
2026/03/09 21:37:02.075905 [DEBUG] key: switch focus buckets -> objects
2026/03/09 21:37:02.485570 [DEBUG] key: switch focus objects -> status
2026/03/09 21:37:02.894555 [DEBUG] key: switch focus status -> buckets
2026/03/09 21:37:03.352624 [DEBUG] key: switch focus buckets -> objects
2026/03/09 21:37:03.714549 [DEBUG] key: obj down (idx=0)
2026/03/09 21:37:03.714586 [DEBUG] render: buckets=75 objects=2 bucketIdx=36 objIdx=1
2026/03/09 21:37:03.926445 [DEBUG] key: obj up (idx=1)
2026/03/09 21:37:03.926522 [DEBUG] render: buckets=75 objects=2 bucketIdx=36 objIdx=0
2026/03/09 21:37:04.100705 [DEBUG] key: obj down (idx=0)
2026/03/09 21:37:04.100748 [DEBUG] render: buckets=75 objects=2 bucketIdx=36 objIdx=1
2026/03/09 21:37:04.316914 [DEBUG] key: obj up (idx=1)
2026/03/09 21:37:04.316965 [DEBUG] render: buckets=75 objects=2 bucketIdx=36 objIdx=0
2026/03/09 21:37:04.487825 [DEBUG] key: obj down (idx=0)
2026/03/09 21:37:04.487886 [DEBUG] render: buckets=75 objects=2 bucketIdx=36 objIdx=1
2026/03/09 21:37:04.798845 [DEBUG] key: obj down (idx=1)
2026/03/09 21:37:04.943847 [DEBUG] key: obj down (idx=1)
2026/03/09 21:37:05.251593 [DEBUG] key: obj up (idx=1)
2026/03/09 21:37:05.251647 [DEBUG] render: buckets=75 objects=2 bucketIdx=36 objIdx=0
2026/03/09 21:37:05.425472 [DEBUG] key: obj down (idx=0)
2026/03/09 21:37:05.425508 [DEBUG] render: buckets=75 objects=2 bucketIdx=36 objIdx=1
2026/03/09 21:37:05.594504 [DEBUG] key: obj up (idx=1)
2026/03/09 21:37:05.594532 [DEBUG] render: buckets=75 objects=2 bucketIdx=36 objIdx=0
2026/03/09 21:37:05.859576 [DEBUG] key: switch focus objects -> status
2026/03/09 21:37:06.389621 [DEBUG] key: switch focus back status -> objects
2026/03/09 21:37:06.532589 [DEBUG] key: switch focus back objects -> buckets
2026/03/09 21:37:06.703101 [DEBUG] key: switch focus back buckets -> status
2026/03/09 21:37:06.918825 [DEBUG] key: switch focus back status -> objects
2026/03/09 21:37:07.137721 [DEBUG] key: obj up (idx=0)
2026/03/09 21:37:07.303751 [DEBUG] key: obj up (idx=0)
2026/03/09 21:37:07.425635 [DEBUG] key: obj up (idx=0)
2026/03/09 21:37:07.589574 [DEBUG] key: obj up (idx=0)
2026/03/09 21:37:07.763467 [DEBUG] key: obj up (idx=0)
2026/03/09 21:37:07.931571 [DEBUG] key: obj up (idx=0)
2026/03/09 21:37:08.100544 [DEBUG] key: obj up (idx=0)
2026/03/09 21:37:08.245768 [DEBUG] key: obj up (idx=0)
2026/03/09 21:37:08.389774 [DEBUG] key: obj up (idx=0)
2026/03/09 21:37:08.655905 [DEBUG] key: obj down (idx=0)
2026/03/09 21:37:08.655941 [DEBUG] render: buckets=75 objects=2 bucketIdx=36 objIdx=1
2026/03/09 21:37:09.204002 [DEBUG] key: switch focus back objects -> buckets
2026/03/09 21:37:09.372877 [DEBUG] key: switch focus back buckets -> status
2026/03/09 21:37:09.497672 [DEBUG] key: switch focus back status -> objects
2026/03/09 21:37:11.159905 [DEBUG] key: switch focus objects -> status
2026/03/09 21:37:11.563605 [DEBUG] key: switch focus back status -> objects
2026/03/09 21:37:11.785600 [DEBUG] key: switch focus back objects -> buckets
2026/03/09 21:37:11.930601 [DEBUG] key: switch focus back buckets -> status
2026/03/09 21:37:13.593559 [INFO]  key: quit
2026/03/09 21:37:13.593588 [INFO]  App exiting normally
2026/03/09 21:40:21.320418 [INFO]  App starting
2026/03/09 21:40:21.321114 [DEBUG] layout: first render, loading buckets
2026/03/09 21:40:21.321154 [INFO]  loadBuckets: listing buckets
2026/03/09 21:40:21.321159 [INFO]  S3 ListBuckets called
2026/03/09 21:40:21.639932 [INFO]  S3 ListBuckets returned 75 buckets
2026/03/09 21:40:21.639962 [INFO]  loadBuckets: got 75 buckets
2026/03/09 21:40:21.639965 [INFO]  loadObjects: bucket="airflow-testing-clarity-mgmt" prefix=""
2026/03/09 21:40:21.639971 [INFO]  S3 ListObjects called bucket="airflow-testing-clarity-mgmt" prefix=""
2026/03/09 21:40:21.792903 [INFO]  S3 ListObjects returned 3 items
2026/03/09 21:40:21.792944 [DEBUG] loadObjects: 3 objects loaded, rendering
2026/03/09 21:40:21.792952 [DEBUG] render: buckets=75 objects=3 bucketIdx=0 objIdx=0
2026/03/09 21:40:22.054663 [DEBUG] key: bucket down (idx=0)
2026/03/09 21:40:22.054694 [DEBUG] render: buckets=75 objects=3 bucketIdx=1 objIdx=0
2026/03/09 21:40:22.242488 [DEBUG] key: bucket down (idx=1)
2026/03/09 21:40:22.242535 [DEBUG] render: buckets=75 objects=3 bucketIdx=2 objIdx=0
2026/03/09 21:40:22.369404 [DEBUG] key: bucket down (idx=2)
2026/03/09 21:40:22.369488 [DEBUG] render: buckets=75 objects=3 bucketIdx=3 objIdx=0
2026/03/09 21:40:22.628251 [DEBUG] key: bucket up (idx=3)
2026/03/09 21:40:22.628296 [DEBUG] render: buckets=75 objects=3 bucketIdx=2 objIdx=0
2026/03/09 21:40:22.917278 [DEBUG] key: switch focus buckets -> objects
2026/03/09 21:40:23.644604 [DEBUG] key: obj down (idx=0)
2026/03/09 21:40:23.644644 [DEBUG] render: buckets=75 objects=3 bucketIdx=2 objIdx=1
2026/03/09 21:40:23.789146 [DEBUG] key: obj down (idx=1)
2026/03/09 21:40:23.789176 [DEBUG] render: buckets=75 objects=3 bucketIdx=2 objIdx=2
2026/03/09 21:47:05.688161 [INFO]  key: quit
2026/03/09 21:47:05.688256 [INFO]  App exiting normally
2026/03/09 21:57:27.087333 [INFO]  App starting
2026/03/09 21:58:33.167806 [INFO]  App starting
2026/03/09 22:02:29.299292 [INFO]  App starting
2026/03/09 22:04:13.945482 [INFO]  App starting
2026/03/09 22:04:24.392491 [INFO]  App starting
2026/03/09 22:05:12.161236 [INFO]  App starting
2026/03/09 22:05:37.417846 [INFO]  App starting
2026/03/09 22:06:50.796210 [INFO]  App starting
2026/03/09 22:07:17.154710 [INFO]  App starting
2026/03/09 22:08:05.480989 [INFO]  App starting
2026/03/09 22:12:41.703873 [INFO]  App starting
2026/03/09 22:18:35.680893 [INFO]  App starting
2026/03/09 22:18:35.681730 [DEBUG] layout: first render, loading buckets
2026/03/09 22:18:35.681747 [INFO]  loadBuckets: listing buckets
2026/03/09 22:18:35.681749 [INFO]  S3 ListBuckets called
2026/03/09 22:18:35.998536 [INFO]  S3 ListBuckets returned 75 buckets
2026/03/09 22:18:35.998563 [INFO]  loadBuckets: got 75 buckets
2026/03/09 22:18:35.998566 [INFO]  loadObjects: bucket="airflow-testing-clarity-mgmt" prefix=""
2026/03/09 22:18:35.998572 [INFO]  S3 ListObjects called bucket="airflow-testing-clarity-mgmt" prefix=""
2026/03/09 22:18:36.189368 [INFO]  S3 ListObjects returned 3 items
2026/03/09 22:18:36.189417 [DEBUG] loadObjects: 3 objects loaded, rendering
2026/03/09 22:18:36.189425 [DEBUG] render: buckets=75 objects=3 bucketIdx=0 objIdx=0
2026/03/09 22:18:36.965719 [DEBUG] key: bucket down (idx=0)
2026/03/09 22:18:36.965774 [DEBUG] render: buckets=75 objects=3 bucketIdx=1 objIdx=0
2026/03/09 22:18:37.279702 [DEBUG] key: bucket down (idx=1)
2026/03/09 22:18:37.279736 [DEBUG] render: buckets=75 objects=3 bucketIdx=2 objIdx=0
2026/03/09 22:18:38.436469 [DEBUG] key: obj down (idx=0)
2026/03/09 22:18:38.436502 [DEBUG] render: buckets=75 objects=3 bucketIdx=2 objIdx=1
2026/03/09 22:18:39.469905 [DEBUG] key: bucket down (idx=2)
2026/03/09 22:18:39.469946 [DEBUG] render: buckets=75 objects=3 bucketIdx=3 objIdx=1
2026/03/09 22:18:39.687368 [DEBUG] key: bucket down (idx=3)
2026/03/09 22:18:39.687407 [DEBUG] render: buckets=75 objects=3 bucketIdx=4 objIdx=1
2026/03/09 22:18:41.302582 [DEBUG] key: obj down (idx=1)
2026/03/09 22:18:41.302630 [DEBUG] render: buckets=75 objects=3 bucketIdx=4 objIdx=2
2026/03/09 22:18:41.471098 [DEBUG] key: obj down (idx=2)
2026/03/09 22:18:41.639798 [DEBUG] key: obj down (idx=2)
2026/03/09 22:18:41.832352 [DEBUG] key: obj up (idx=2)
2026/03/09 22:18:41.832400 [DEBUG] render: buckets=75 objects=3 bucketIdx=4 objIdx=1
2026/03/09 22:18:42.001535 [DEBUG] key: obj up (idx=1)
2026/03/09 22:18:42.001584 [DEBUG] render: buckets=75 objects=3 bucketIdx=4 objIdx=0
2026/03/09 22:18:42.195098 [DEBUG] key: obj down (idx=0)
2026/03/09 22:18:42.195147 [DEBUG] render: buckets=75 objects=3 bucketIdx=4 objIdx=1
2026/03/09 22:18:42.387204 [DEBUG] key: obj up (idx=1)
2026/03/09 22:18:42.387233 [DEBUG] render: buckets=75 objects=3 bucketIdx=4 objIdx=0
2026/03/09 22:18:42.724427 [DEBUG] key: obj down (idx=0)
2026/03/09 22:18:42.724489 [DEBUG] render: buckets=75 objects=3 bucketIdx=4 objIdx=1
2026/03/09 22:18:43.158033 [DEBUG] key: obj up (idx=1)
2026/03/09 22:18:43.158061 [DEBUG] render: buckets=75 objects=3 bucketIdx=4 objIdx=0
2026/03/09 22:18:44.262114 [DEBUG] key: bucket up (idx=4)
2026/03/09 22:18:44.262136 [DEBUG] render: buckets=75 objects=3 bucketIdx=3 objIdx=0
2026/03/09 22:18:44.435009 [DEBUG] key: bucket up (idx=3)
2026/03/09 22:18:44.435051 [DEBUG] render: buckets=75 objects=3 bucketIdx=2 objIdx=0
2026/03/09 22:18:57.802080 [DEBUG] key: bucket down (idx=2)
2026/03/09 22:18:57.802140 [DEBUG] render: buckets=75 objects=3 bucketIdx=3 objIdx=0
2026/03/09 22:18:59.173652 [DEBUG] key: bucket up (idx=3)
2026/03/09 22:18:59.173701 [DEBUG] render: buckets=75 objects=3 bucketIdx=2 objIdx=0
2026/03/09 22:18:59.970037 [DEBUG] key: bucket up (idx=2)
2026/03/09 22:18:59.970069 [DEBUG] render: buckets=75 objects=3 bucketIdx=1 objIdx=0
2026/03/09 22:19:00.525985 [DEBUG] key: bucket up (idx=1)
2026/03/09 22:19:00.526021 [DEBUG] render: buckets=75 objects=3 bucketIdx=0 objIdx=0
2026/03/09 22:21:05.856606 [DEBUG] key: bucket down (idx=0)
2026/03/09 22:21:05.856646 [DEBUG] render: buckets=75 objects=3 bucketIdx=1 objIdx=0
2026/03/09 22:21:06.026508 [DEBUG] key: bucket down (idx=1)
2026/03/09 22:21:06.026578 [DEBUG] render: buckets=75 objects=3 bucketIdx=2 objIdx=0
2026/03/09 22:21:06.218967 [DEBUG] key: bucket down (idx=2)
2026/03/09 22:21:06.219011 [DEBUG] render: buckets=75 objects=3 bucketIdx=3 objIdx=0
2026/03/09 22:21:06.651673 [INFO]  key: quit
2026/03/09 22:21:06.651738 [INFO]  App exiting normally
2026/03/09 22:21:08.135494 [INFO]  App starting
2026/03/09 22:21:08.136212 [DEBUG] layout: first render, loading buckets
2026/03/09 22:21:08.136222 [INFO]  loadBuckets: listing buckets
2026/03/09 22:21:08.136226 [INFO]  S3 ListBuckets called
2026/03/09 22:21:08.534629 [INFO]  S3 ListBuckets returned 75 buckets
2026/03/09 22:21:08.534667 [INFO]  loadBuckets: got 75 buckets
2026/03/09 22:21:08.534676 [INFO]  loadObjects: bucket="airflow-testing-clarity-mgmt" prefix=""
2026/03/09 22:21:08.534686 [INFO]  S3 ListObjects called bucket="airflow-testing-clarity-mgmt" prefix=""
2026/03/09 22:21:08.699592 [INFO]  S3 ListObjects returned 3 items
2026/03/09 22:21:08.699628 [DEBUG] loadObjects: 3 objects loaded, rendering
2026/03/09 22:21:08.699637 [DEBUG] render: buckets=75 objects=3 bucketIdx=0 objIdx=0
2026/03/09 22:21:09.730830 [DEBUG] key: bucket down (idx=0)
2026/03/09 22:21:09.730858 [INFO]  key: select bucket idx=1
2026/03/09 22:21:09.730862 [INFO]  loadObjects: bucket="airflowlogs-clarity-mgmt-pro" prefix=""
2026/03/09 22:21:09.730868 [INFO]  S3 ListObjects called bucket="airflowlogs-clarity-mgmt-pro" prefix=""
2026/03/09 22:21:09.902838 [INFO]  S3 ListObjects returned 4 items
2026/03/09 22:21:09.902871 [DEBUG] loadObjects: 4 objects loaded, rendering
2026/03/09 22:21:09.902878 [DEBUG] render: buckets=75 objects=4 bucketIdx=1 objIdx=0
2026/03/09 22:21:10.676712 [DEBUG] key: bucket down (idx=1)
2026/03/09 22:21:10.676840 [INFO]  key: select bucket idx=2
2026/03/09 22:21:10.676847 [INFO]  loadObjects: bucket="airflowv2-clarity-mgmt-pro" prefix=""
2026/03/09 22:21:10.676858 [INFO]  S3 ListObjects called bucket="airflowv2-clarity-mgmt-pro" prefix=""
2026/03/09 22:21:10.859822 [INFO]  S3 ListObjects returned 2 items
2026/03/09 22:21:10.859858 [DEBUG] loadObjects: 2 objects loaded, rendering
2026/03/09 22:21:10.859863 [DEBUG] render: buckets=75 objects=2 bucketIdx=2 objIdx=0
2026/03/09 22:21:11.373595 [DEBUG] key: bucket down (idx=2)
2026/03/09 22:21:11.373638 [INFO]  key: select bucket idx=3
2026/03/09 22:21:11.373645 [INFO]  loadObjects: bucket="argo-workflows-clarity-mgmt-pro" prefix=""
2026/03/09 22:21:11.373653 [INFO]  S3 ListObjects called bucket="argo-workflows-clarity-mgmt-pro" prefix=""
2026/03/09 22:21:11.648397 [INFO]  S3 ListObjects returned 1000 items
2026/03/09 22:21:11.648418 [DEBUG] loadObjects: 1000 objects loaded, rendering
2026/03/09 22:21:11.648421 [DEBUG] render: buckets=75 objects=1000 bucketIdx=3 objIdx=0
2026/03/09 22:21:12.192898 [DEBUG] key: bucket down (idx=3)
2026/03/09 22:21:12.192944 [INFO]  key: select bucket idx=4
2026/03/09 22:21:12.192952 [INFO]  loadObjects: bucket="artifacts-clarity-mgmt-pro" prefix=""
2026/03/09 22:21:12.192963 [INFO]  S3 ListObjects called bucket="artifacts-clarity-mgmt-pro" prefix=""
2026/03/09 22:21:12.377375 [INFO]  S3 ListObjects returned 11 items
2026/03/09 22:21:12.377405 [DEBUG] loadObjects: 11 objects loaded, rendering
2026/03/09 22:21:12.377407 [DEBUG] render: buckets=75 objects=11 bucketIdx=4 objIdx=0
2026/03/09 22:21:12.915695 [DEBUG] key: bucket down (idx=4)
2026/03/09 22:21:12.915717 [INFO]  key: select bucket idx=5
2026/03/09 22:21:12.915720 [INFO]  loadObjects: bucket="augmentedai-clarity-mgmt-pro" prefix=""
2026/03/09 22:21:12.915724 [INFO]  S3 ListObjects called bucket="augmentedai-clarity-mgmt-pro" prefix=""
2026/03/09 22:21:13.112864 [INFO]  S3 ListObjects returned 2 items
2026/03/09 22:21:13.112898 [DEBUG] loadObjects: 2 objects loaded, rendering
2026/03/09 22:21:13.112903 [DEBUG] render: buckets=75 objects=2 bucketIdx=5 objIdx=0
2026/03/09 22:21:13.590159 [DEBUG] key: bucket down (idx=5)
2026/03/09 22:21:13.590196 [INFO]  key: select bucket idx=6
2026/03/09 22:21:13.590200 [INFO]  loadObjects: bucket="aws-athena-query-results-913932804865-eu-central-1" prefix=""
2026/03/09 22:21:13.590206 [INFO]  S3 ListObjects called bucket="aws-athena-query-results-913932804865-eu-central-1" prefix=""
2026/03/09 22:21:13.765077 [INFO]  S3 ListObjects returned 1 items
2026/03/09 22:21:13.765106 [DEBUG] loadObjects: 1 objects loaded, rendering
2026/03/09 22:21:13.765111 [DEBUG] render: buckets=75 objects=1 bucketIdx=6 objIdx=0
2026/03/09 22:21:14.235252 [DEBUG] key: bucket down (idx=6)
2026/03/09 22:21:14.235291 [INFO]  key: select bucket idx=7
2026/03/09 22:21:14.235295 [INFO]  loadObjects: bucket="aws-athena-query-results-eu-central-1-913932804865" prefix=""
2026/03/09 22:21:14.235300 [INFO]  S3 ListObjects called bucket="aws-athena-query-results-eu-central-1-913932804865" prefix=""
2026/03/09 22:21:14.401047 [INFO]  S3 ListObjects returned 54 items
2026/03/09 22:21:14.401066 [DEBUG] loadObjects: 54 objects loaded, rendering
2026/03/09 22:21:14.401068 [DEBUG] render: buckets=75 objects=54 bucketIdx=7 objIdx=0
2026/03/09 22:21:14.837019 [DEBUG] key: bucket down (idx=7)
2026/03/09 22:21:14.837068 [INFO]  key: select bucket idx=8
2026/03/09 22:21:14.837074 [INFO]  loadObjects: bucket="aws-emr-resources-913932804865-eu-central-1" prefix=""
2026/03/09 22:21:14.837085 [INFO]  S3 ListObjects called bucket="aws-emr-resources-913932804865-eu-central-1" prefix=""
2026/03/09 22:21:14.984560 [INFO]  S3 ListObjects returned 0 items
2026/03/09 22:21:14.984591 [DEBUG] loadObjects: 0 objects loaded, rendering
2026/03/09 22:21:14.984596 [DEBUG] render: buckets=75 objects=0 bucketIdx=8 objIdx=0
2026/03/09 22:21:15.010506 [DEBUG] key: bucket down (idx=8)
2026/03/09 22:21:15.010549 [INFO]  key: select bucket idx=9
2026/03/09 22:21:15.010555 [INFO]  loadObjects: bucket="aws-logs-913932804865-eu-central-1" prefix=""
2026/03/09 22:21:15.010583 [INFO]  S3 ListObjects called bucket="aws-logs-913932804865-eu-central-1" prefix=""
2026/03/09 22:21:15.210222 [INFO]  S3 ListObjects returned 1 items
2026/03/09 22:21:15.210241 [DEBUG] loadObjects: 1 objects loaded, rendering
2026/03/09 22:21:15.210244 [DEBUG] render: buckets=75 objects=1 bucketIdx=9 objIdx=0
2026/03/09 22:21:15.210718 [DEBUG] key: bucket down (idx=9)
2026/03/09 22:21:15.210723 [INFO]  key: select bucket idx=10
2026/03/09 22:21:15.210733 [INFO]  loadObjects: bucket="backup-data-platform-clarity-mgmt-pro" prefix=""
2026/03/09 22:21:15.210740 [INFO]  S3 ListObjects called bucket="backup-data-platform-clarity-mgmt-pro" prefix=""
2026/03/09 22:21:15.401756 [INFO]  S3 ListObjects returned 10 items
2026/03/09 22:21:15.401780 [DEBUG] loadObjects: 10 objects loaded, rendering
2026/03/09 22:21:15.401783 [DEBUG] render: buckets=75 objects=10 bucketIdx=10 objIdx=0
2026/03/09 22:21:15.402117 [DEBUG] key: bucket down (idx=10)
2026/03/09 22:21:15.402121 [INFO]  key: select bucket idx=11
2026/03/09 22:21:15.402124 [INFO]  loadObjects: bucket="backup-reference-data-clarity-mgmt-pro" prefix=""
2026/03/09 22:21:15.402128 [INFO]  S3 ListObjects called bucket="backup-reference-data-clarity-mgmt-pro" prefix=""
2026/03/09 22:21:15.569864 [ERROR] S3 ListObjects failed: operation error S3: ListObjectsV2, https response error StatusCode: 403, RequestID: 2Z88NE7H3B48HG93, HostID: ZFPfZzUlFMptX6NaWZGzavDCeIUZjn6fFH6joYS5BCkQtlmz7j22IH9ec/Ux84ViQyMp2CyfKY59PXurKKEgmSdskhCPNoA5LSuB4RLYCo0=, api error AccessDenied: User: arn:aws:sts::913932804865:assumed-role/federateclarity/aws-go-sdk-1773091268136512559 is not authorized to perform: s3:ListBucket on resource: "arn:aws:s3:::backup-reference-data-clarity-mgmt-pro" with an explicit deny in a resource-based policy
2026/03/09 22:21:15.569892 [ERROR] loadObjects failed: operation error S3: ListObjectsV2, https response error StatusCode: 403, RequestID: 2Z88NE7H3B48HG93, HostID: ZFPfZzUlFMptX6NaWZGzavDCeIUZjn6fFH6joYS5BCkQtlmz7j22IH9ec/Ux84ViQyMp2CyfKY59PXurKKEgmSdskhCPNoA5LSuB4RLYCo0=, api error AccessDenied: User: arn:aws:sts::913932804865:assumed-role/federateclarity/aws-go-sdk-1773091268136512559 is not authorized to perform: s3:ListBucket on resource: "arn:aws:s3:::backup-reference-data-clarity-mgmt-pro" with an explicit deny in a resource-based policy
2026/03/09 22:21:15.569901 [DEBUG] key: bucket down (idx=11)
2026/03/09 22:21:15.569904 [INFO]  key: select bucket idx=12
2026/03/09 22:21:15.569907 [INFO]  loadObjects: bucket="chatcommands-mgmt" prefix=""
2026/03/09 22:21:15.569910 [INFO]  S3 ListObjects called bucket="chatcommands-mgmt" prefix=""
2026/03/09 22:21:15.741745 [INFO]  S3 ListObjects returned 3 items
2026/03/09 22:21:15.741773 [DEBUG] loadObjects: 3 objects loaded, rendering
2026/03/09 22:21:15.741776 [DEBUG] render: buckets=75 objects=3 bucketIdx=12 objIdx=0
2026/03/09 22:21:16.960659 [DEBUG] key: bucket up (idx=12)
2026/03/09 22:21:16.960694 [DEBUG] render: buckets=75 objects=3 bucketIdx=11 objIdx=0
2026/03/09 22:21:20.164576 [DEBUG] key: bucket down (idx=11)
2026/03/09 22:21:20.164615 [INFO]  key: select bucket idx=12
2026/03/09 22:21:20.164621 [INFO]  loadObjects: bucket="chatcommands-mgmt" prefix=""
2026/03/09 22:21:20.164630 [INFO]  S3 ListObjects called bucket="chatcommands-mgmt" prefix=""
2026/03/09 22:21:20.227027 [INFO]  S3 ListObjects returned 3 items
2026/03/09 22:21:20.227052 [DEBUG] loadObjects: 3 objects loaded, rendering
2026/03/09 22:21:20.227054 [DEBUG] render: buckets=75 objects=3 bucketIdx=12 objIdx=0
2026/03/09 22:21:21.802101 [DEBUG] key: bucket down (idx=12)
2026/03/09 22:21:21.802145 [INFO]  key: select bucket idx=13
2026/03/09 22:21:21.802154 [INFO]  loadObjects: bucket="clar-assistant-performance-tracker-data-mgmt" prefix=""
2026/03/09 22:21:21.802165 [INFO]  S3 ListObjects called bucket="clar-assistant-performance-tracker-data-mgmt" prefix=""
2026/03/09 22:21:21.994368 [INFO]  S3 ListObjects returned 1 items
2026/03/09 22:21:21.994427 [DEBUG] loadObjects: 1 objects loaded, rendering
2026/03/09 22:21:21.994489 [DEBUG] render: buckets=75 objects=1 bucketIdx=13 objIdx=0
2026/03/09 22:21:22.571200 [DEBUG] key: bucket down (idx=13)
2026/03/09 22:21:22.571223 [INFO]  key: select bucket idx=14
2026/03/09 22:21:22.571227 [INFO]  loadObjects: bucket="clar-clarityai-assistant-chat-mgmt" prefix=""
2026/03/09 22:21:22.571233 [INFO]  S3 ListObjects called bucket="clar-clarityai-assistant-chat-mgmt" prefix=""
2026/03/09 22:21:22.759271 [INFO]  S3 ListObjects returned 2 items
2026/03/09 22:21:22.759306 [DEBUG] loadObjects: 2 objects loaded, rendering
2026/03/09 22:21:22.759311 [DEBUG] render: buckets=75 objects=2 bucketIdx=14 objIdx=0
2026/03/09 22:21:23.246141 [DEBUG] key: bucket down (idx=14)
2026/03/09 22:21:23.246190 [INFO]  key: select bucket idx=15
2026/03/09 22:21:23.246199 [INFO]  loadObjects: bucket="clar-clarityai-assistant-report-mgmt" prefix=""
2026/03/09 22:21:23.246209 [INFO]  S3 ListObjects called bucket="clar-clarityai-assistant-report-mgmt" prefix=""
2026/03/09 22:21:23.435280 [INFO]  S3 ListObjects returned 0 items
2026/03/09 22:21:23.435325 [DEBUG] loadObjects: 0 objects loaded, rendering
2026/03/09 22:21:23.435332 [DEBUG] render: buckets=75 objects=0 bucketIdx=15 objIdx=0
2026/03/09 22:21:23.944207 [DEBUG] key: bucket down (idx=15)
2026/03/09 22:21:23.944242 [INFO]  key: select bucket idx=16
2026/03/09 22:21:23.944249 [INFO]  loadObjects: bucket="clar-fast-api-app-another-test-mgmt" prefix=""
2026/03/09 22:21:23.944257 [INFO]  S3 ListObjects called bucket="clar-fast-api-app-another-test-mgmt" prefix=""
2026/03/09 22:21:24.106620 [INFO]  S3 ListObjects returned 0 items
2026/03/09 22:21:24.106642 [DEBUG] loadObjects: 0 objects loaded, rendering
2026/03/09 22:21:24.106644 [DEBUG] render: buckets=75 objects=0 bucketIdx=16 objIdx=0
2026/03/09 22:21:25.841489 [DEBUG] key: bucket down (idx=16)
2026/03/09 22:21:25.841517 [INFO]  key: select bucket idx=17
2026/03/09 22:21:25.841522 [INFO]  loadObjects: bucket="clar-fast-api-app-test-mgmt" prefix=""
2026/03/09 22:21:25.841527 [INFO]  S3 ListObjects called bucket="clar-fast-api-app-test-mgmt" prefix=""
2026/03/09 22:21:26.036890 [INFO]  S3 ListObjects returned 0 items
2026/03/09 22:21:26.036921 [DEBUG] loadObjects: 0 objects loaded, rendering
2026/03/09 22:21:26.036926 [DEBUG] render: buckets=75 objects=0 bucketIdx=17 objIdx=0
2026/03/09 22:21:26.684425 [DEBUG] key: bucket down (idx=17)
2026/03/09 22:21:26.684487 [INFO]  key: select bucket idx=18
2026/03/09 22:21:26.684594 [INFO]  loadObjects: bucket="clar-loki-chunks-mgmt" prefix=""
2026/03/09 22:21:26.684623 [INFO]  S3 ListObjects called bucket="clar-loki-chunks-mgmt" prefix=""
2026/03/09 22:21:26.827999 [INFO]  S3 ListObjects returned 3 items
2026/03/09 22:21:26.828044 [DEBUG] loadObjects: 3 objects loaded, rendering
2026/03/09 22:21:26.828049 [DEBUG] render: buckets=75 objects=3 bucketIdx=18 objIdx=0
2026/03/09 22:21:27.679845 [DEBUG] key: bucket down (idx=18)
2026/03/09 22:21:27.679885 [INFO]  key: select bucket idx=19
2026/03/09 22:21:27.679891 [INFO]  loadObjects: bucket="clar-loki-ruler-mgmt" prefix=""
2026/03/09 22:21:27.679899 [INFO]  S3 ListObjects called bucket="clar-loki-ruler-mgmt" prefix=""
2026/03/09 22:21:27.888936 [INFO]  S3 ListObjects returned 0 items
2026/03/09 22:21:27.888973 [DEBUG] loadObjects: 0 objects loaded, rendering
2026/03/09 22:21:27.888978 [DEBUG] render: buckets=75 objects=0 bucketIdx=19 objIdx=0
2026/03/09 22:21:28.566367 [DEBUG] key: bucket down (idx=19)
2026/03/09 22:21:28.566415 [INFO]  key: select bucket idx=20
2026/03/09 22:21:28.566423 [INFO]  loadObjects: bucket="clar-metrics-validation-workspace-mgmt" prefix=""
2026/03/09 22:21:28.566432 [INFO]  S3 ListObjects called bucket="clar-metrics-validation-workspace-mgmt" prefix=""
2026/03/09 22:21:28.757074 [INFO]  S3 ListObjects returned 200 items
2026/03/09 22:21:28.757097 [DEBUG] loadObjects: 200 objects loaded, rendering
2026/03/09 22:21:28.757099 [DEBUG] render: buckets=75 objects=200 bucketIdx=20 objIdx=0
2026/03/09 22:21:29.742992 [DEBUG] key: bucket down (idx=20)
2026/03/09 22:21:29.743040 [INFO]  key: select bucket idx=21
2026/03/09 22:21:29.743083 [INFO]  loadObjects: bucket="clar-mlflow-genai-artifacts-store-mgmt" prefix=""
2026/03/09 22:21:29.743093 [INFO]  S3 ListObjects called bucket="clar-mlflow-genai-artifacts-store-mgmt" prefix=""
2026/03/09 22:21:29.973030 [INFO]  S3 ListObjects returned 37 items
2026/03/09 22:21:29.973054 [DEBUG] loadObjects: 37 objects loaded, rendering
2026/03/09 22:21:29.973057 [DEBUG] render: buckets=75 objects=37 bucketIdx=21 objIdx=0
2026/03/09 22:21:32.487643 [DEBUG] key: bucket down (idx=21)
2026/03/09 22:21:32.487681 [INFO]  key: select bucket idx=22
2026/03/09 22:21:32.487684 [INFO]  loadObjects: bucket="clar-search-dashboard-documents-mgmt" prefix=""
2026/03/09 22:21:32.487688 [INFO]  S3 ListObjects called bucket="clar-search-dashboard-documents-mgmt" prefix=""
2026/03/09 22:21:32.657830 [INFO]  S3 ListObjects returned 1 items
2026/03/09 22:21:32.657851 [DEBUG] loadObjects: 1 objects loaded, rendering
2026/03/09 22:21:32.657854 [DEBUG] render: buckets=75 objects=1 bucketIdx=22 objIdx=0
2026/03/09 22:21:33.306136 [DEBUG] key: bucket down (idx=22)
2026/03/09 22:21:33.306198 [INFO]  key: select bucket idx=23
2026/03/09 22:21:33.306205 [INFO]  loadObjects: bucket="clar-streamlit-app-buck-mgmt" prefix=""
2026/03/09 22:21:33.306215 [INFO]  S3 ListObjects called bucket="clar-streamlit-app-buck-mgmt" prefix=""
2026/03/09 22:21:33.491871 [INFO]  S3 ListObjects returned 1 items
2026/03/09 22:21:33.491902 [DEBUG] loadObjects: 1 objects loaded, rendering
2026/03/09 22:21:33.491907 [DEBUG] render: buckets=75 objects=1 bucketIdx=23 objIdx=0
2026/03/09 22:21:34.298877 [DEBUG] key: bucket down (idx=23)
2026/03/09 22:21:34.298913 [INFO]  key: select bucket idx=24
2026/03/09 22:21:34.298920 [INFO]  loadObjects: bucket="clarity-ai-mgmt-buck-64b25806" prefix=""
2026/03/09 22:21:34.298928 [INFO]  S3 ListObjects called bucket="clarity-ai-mgmt-buck-64b25806" prefix=""
2026/03/09 22:21:34.449561 [INFO]  S3 ListObjects returned 0 items
2026/03/09 22:21:34.449590 [DEBUG] loadObjects: 0 objects loaded, rendering
2026/03/09 22:21:34.449595 [DEBUG] render: buckets=75 objects=0 bucketIdx=24 objIdx=0
2026/03/09 22:21:34.968608 [DEBUG] key: bucket down (idx=24)
2026/03/09 22:21:34.968629 [INFO]  key: select bucket idx=25
2026/03/09 22:21:34.968633 [INFO]  loadObjects: bucket="clarity-athena-results-mgmt" prefix=""
2026/03/09 22:21:34.968639 [INFO]  S3 ListObjects called bucket="clarity-athena-results-mgmt" prefix=""
2026/03/09 22:21:35.169899 [INFO]  S3 ListObjects returned 0 items
2026/03/09 22:21:35.169942 [DEBUG] loadObjects: 0 objects loaded, rendering
2026/03/09 22:21:35.169947 [DEBUG] render: buckets=75 objects=0 bucketIdx=25 objIdx=0
2026/03/09 22:21:35.649032 [DEBUG] key: bucket down (idx=25)
2026/03/09 22:21:35.649076 [INFO]  key: select bucket idx=26
2026/03/09 22:21:35.649081 [INFO]  loadObjects: bucket="clarity-foundational-engineering" prefix=""
2026/03/09 22:21:35.649088 [INFO]  S3 ListObjects called bucket="clarity-foundational-engineering" prefix=""
2026/03/09 22:21:35.866824 [INFO]  S3 ListObjects returned 20 items
2026/03/09 22:21:35.866850 [DEBUG] loadObjects: 20 objects loaded, rendering
2026/03/09 22:21:35.866853 [DEBUG] render: buckets=75 objects=20 bucketIdx=26 objIdx=0
2026/03/09 22:21:38.128866 [DEBUG] key: bucket down (idx=26)
2026/03/09 22:21:38.128913 [INFO]  key: select bucket idx=27
2026/03/09 22:21:38.128938 [INFO]  loadObjects: bucket="clarity-modal" prefix=""
2026/03/09 22:21:38.128953 [INFO]  S3 ListObjects called bucket="clarity-modal" prefix=""
2026/03/09 22:21:38.336177 [INFO]  S3 ListObjects returned 24 items
2026/03/09 22:21:38.336206 [DEBUG] loadObjects: 24 objects loaded, rendering
2026/03/09 22:21:38.336210 [DEBUG] render: buckets=75 objects=24 bucketIdx=27 objIdx=0
2026/03/09 22:21:39.207029 [DEBUG] key: bucket down (idx=27)
2026/03/09 22:21:39.207064 [INFO]  key: select bucket idx=28
2026/03/09 22:21:39.207074 [INFO]  loadObjects: bucket="clarity-spike-snowflake-iceberg" prefix=""
2026/03/09 22:21:39.207084 [INFO]  S3 ListObjects called bucket="clarity-spike-snowflake-iceberg" prefix=""
2026/03/09 22:21:39.433866 [INFO]  S3 ListObjects returned 1 items
2026/03/09 22:21:39.433889 [DEBUG] loadObjects: 1 objects loaded, rendering
2026/03/09 22:21:39.433895 [DEBUG] render: buckets=75 objects=1 bucketIdx=28 objIdx=0
2026/03/09 22:21:39.882127 [DEBUG] key: bucket down (idx=28)
2026/03/09 22:21:39.882171 [INFO]  key: select bucket idx=29
2026/03/09 22:21:39.882178 [INFO]  loadObjects: bucket="clarity-terraform-state-mgmt-eu-central-1" prefix=""
2026/03/09 22:21:39.882188 [INFO]  S3 ListObjects called bucket="clarity-terraform-state-mgmt-eu-central-1" prefix=""
2026/03/09 22:21:40.087288 [INFO]  S3 ListObjects returned 181 items
2026/03/09 22:21:40.087308 [DEBUG] loadObjects: 181 objects loaded, rendering
2026/03/09 22:21:40.087311 [DEBUG] render: buckets=75 objects=181 bucketIdx=29 objIdx=0
2026/03/09 22:21:40.416630 [DEBUG] key: bucket down (idx=29)
2026/03/09 22:21:40.416660 [INFO]  key: select bucket idx=30
2026/03/09 22:21:40.416665 [INFO]  loadObjects: bucket="clarityai-corpdocs-mgmt" prefix=""
2026/03/09 22:21:40.416670 [INFO]  S3 ListObjects called bucket="clarityai-corpdocs-mgmt" prefix=""
2026/03/09 22:21:40.673859 [INFO]  S3 ListObjects returned 1 items
2026/03/09 22:21:40.673892 [DEBUG] loadObjects: 1 objects loaded, rendering
2026/03/09 22:21:40.673899 [DEBUG] render: buckets=75 objects=1 bucketIdx=30 objIdx=0
2026/03/09 22:21:40.877319 [DEBUG] key: bucket down (idx=30)
2026/03/09 22:21:40.877358 [INFO]  key: select bucket idx=31
2026/03/09 22:21:40.877366 [INFO]  loadObjects: bucket="collected-documents-exchange-clarity-mgmt-pro" prefix=""
2026/03/09 22:21:40.877376 [INFO]  S3 ListObjects called bucket="collected-documents-exchange-clarity-mgmt-pro" prefix=""
2026/03/09 22:21:41.231554 [INFO]  S3 ListObjects returned 441 items
2026/03/09 22:21:41.231576 [DEBUG] loadObjects: 441 objects loaded, rendering
2026/03/09 22:21:41.231578 [DEBUG] render: buckets=75 objects=441 bucketIdx=31 objIdx=0
2026/03/09 22:21:41.399188 [DEBUG] key: bucket down (idx=31)
2026/03/09 22:21:41.399230 [INFO]  key: select bucket idx=32
2026/03/09 22:21:41.399237 [INFO]  loadObjects: bucket="ctool-mgmt" prefix=""
2026/03/09 22:21:41.399245 [INFO]  S3 ListObjects called bucket="ctool-mgmt" prefix=""
2026/03/09 22:21:41.605091 [INFO]  S3 ListObjects returned 4 items
2026/03/09 22:21:41.605126 [DEBUG] loadObjects: 4 objects loaded, rendering
2026/03/09 22:21:41.605128 [DEBUG] render: buckets=75 objects=4 bucketIdx=32 objIdx=0
2026/03/09 22:21:41.886668 [DEBUG] key: bucket down (idx=32)
2026/03/09 22:21:41.886697 [INFO]  key: select bucket idx=33
2026/03/09 22:21:41.886700 [INFO]  loadObjects: bucket="customer-factset-5f16f2bad0f9bd40ae7cf701-clarity" prefix=""
2026/03/09 22:21:41.886703 [INFO]  S3 ListObjects called bucket="customer-factset-5f16f2bad0f9bd40ae7cf701-clarity" prefix=""
2026/03/09 22:21:42.089039 [INFO]  S3 ListObjects returned 1 items
2026/03/09 22:21:42.089073 [DEBUG] loadObjects: 1 objects loaded, rendering
2026/03/09 22:21:42.089078 [DEBUG] render: buckets=75 objects=1 bucketIdx=33 objIdx=0
2026/03/09 22:21:42.391603 [DEBUG] key: bucket down (idx=33)
2026/03/09 22:21:42.391641 [INFO]  key: select bucket idx=34
2026/03/09 22:21:42.391648 [INFO]  loadObjects: bucket="customer-qontigo-5ea9793d3db7f763b99d5e58-clarity" prefix=""
2026/03/09 22:21:42.391655 [INFO]  S3 ListObjects called bucket="customer-qontigo-5ea9793d3db7f763b99d5e58-clarity" prefix=""
2026/03/09 22:21:42.607523 [INFO]  S3 ListObjects returned 7 items
2026/03/09 22:21:42.607555 [DEBUG] loadObjects: 7 objects loaded, rendering
2026/03/09 22:21:42.607561 [DEBUG] render: buckets=75 objects=7 bucketIdx=34 objIdx=0
2026/03/09 22:21:42.898808 [DEBUG] key: bucket down (idx=34)
2026/03/09 22:21:42.898842 [INFO]  key: select bucket idx=35
2026/03/09 22:21:42.898866 [INFO]  loadObjects: bucket="customer-sam-5cc16d0b85e107000135c80c-clarity" prefix=""
2026/03/09 22:21:42.898874 [INFO]  S3 ListObjects called bucket="customer-sam-5cc16d0b85e107000135c80c-clarity" prefix=""
2026/03/09 22:21:43.117633 [INFO]  S3 ListObjects returned 2 items
2026/03/09 22:21:43.117704 [DEBUG] loadObjects: 2 objects loaded, rendering
2026/03/09 22:21:43.117709 [DEBUG] render: buckets=75 objects=2 bucketIdx=35 objIdx=0
2026/03/09 22:21:43.476719 [DEBUG] key: bucket down (idx=35)
2026/03/09 22:21:43.476741 [INFO]  key: select bucket idx=36
2026/03/09 22:21:43.476745 [INFO]  loadObjects: bucket="datadog-backups-mgmt" prefix=""
2026/03/09 22:21:43.476749 [INFO]  S3 ListObjects called bucket="datadog-backups-mgmt" prefix=""
2026/03/09 22:21:43.664607 [INFO]  S3 ListObjects returned 2 items
2026/03/09 22:21:43.664663 [DEBUG] loadObjects: 2 objects loaded, rendering
2026/03/09 22:21:43.664667 [DEBUG] render: buckets=75 objects=2 bucketIdx=36 objIdx=0
2026/03/09 22:21:43.982770 [DEBUG] key: bucket down (idx=36)
2026/03/09 22:21:43.982816 [INFO]  key: select bucket idx=37
2026/03/09 22:21:43.982838 [INFO]  loadObjects: bucket="datadog-log-archive-clarity-mgmt-pro" prefix=""
2026/03/09 22:21:43.982865 [INFO]  S3 ListObjects called bucket="datadog-log-archive-clarity-mgmt-pro" prefix=""
2026/03/09 22:21:44.178099 [INFO]  S3 ListObjects returned 5 items
2026/03/09 22:21:44.178117 [DEBUG] loadObjects: 5 objects loaded, rendering
2026/03/09 22:21:44.178120 [DEBUG] render: buckets=75 objects=5 bucketIdx=37 objIdx=0
2026/03/09 22:21:44.536772 [DEBUG] key: bucket down (idx=37)
2026/03/09 22:21:44.536819 [INFO]  key: select bucket idx=38
2026/03/09 22:21:44.536827 [INFO]  loadObjects: bucket="elasticsearch-clarity-mgmt-pro" prefix=""
2026/03/09 22:21:44.536835 [INFO]  S3 ListObjects called bucket="elasticsearch-clarity-mgmt-pro" prefix=""
2026/03/09 22:21:44.731621 [INFO]  S3 ListObjects returned 7 items
2026/03/09 22:21:44.731653 [DEBUG] loadObjects: 7 objects loaded, rendering
2026/03/09 22:21:44.731658 [DEBUG] render: buckets=75 objects=7 bucketIdx=38 objIdx=0
2026/03/09 22:21:45.090776 [DEBUG] key: bucket down (idx=38)
2026/03/09 22:21:45.090806 [INFO]  key: select bucket idx=39
2026/03/09 22:21:45.090810 [INFO]  loadObjects: bucket="elasticsearch-gitlab" prefix=""
2026/03/09 22:21:45.090814 [INFO]  S3 ListObjects called bucket="elasticsearch-gitlab" prefix=""
2026/03/09 22:21:45.290074 [INFO]  S3 ListObjects returned 0 items
2026/03/09 22:21:45.290096 [DEBUG] loadObjects: 0 objects loaded, rendering
2026/03/09 22:21:45.290100 [DEBUG] render: buckets=75 objects=0 bucketIdx=39 objIdx=0
2026/03/09 22:21:46.029428 [DEBUG] key: bucket up (idx=39)
2026/03/09 22:21:46.029498 [DEBUG] render: buckets=75 objects=0 bucketIdx=38 objIdx=0
2026/03/09 22:21:46.217300 [DEBUG] key: bucket up (idx=38)
2026/03/09 22:21:46.217334 [DEBUG] render: buckets=75 objects=0 bucketIdx=37 objIdx=0
2026/03/09 22:21:46.386738 [DEBUG] key: bucket up (idx=37)
2026/03/09 22:21:46.386793 [DEBUG] render: buckets=75 objects=0 bucketIdx=36 objIdx=0
2026/03/09 22:21:46.604216 [DEBUG] key: bucket up (idx=36)
2026/03/09 22:21:46.604276 [DEBUG] render: buckets=75 objects=0 bucketIdx=35 objIdx=0
2026/03/09 22:21:46.801315 [DEBUG] key: bucket up (idx=35)
2026/03/09 22:21:46.801339 [DEBUG] render: buckets=75 objects=0 bucketIdx=34 objIdx=0
2026/03/09 22:21:46.993427 [DEBUG] key: bucket up (idx=34)
2026/03/09 22:21:46.993462 [DEBUG] render: buckets=75 objects=0 bucketIdx=33 objIdx=0
2026/03/09 22:21:47.186628 [DEBUG] key: bucket up (idx=33)
2026/03/09 22:21:47.186681 [DEBUG] render: buckets=75 objects=0 bucketIdx=32 objIdx=0
2026/03/09 22:21:47.452359 [DEBUG] key: bucket up (idx=32)
2026/03/09 22:21:47.452385 [DEBUG] render: buckets=75 objects=0 bucketIdx=31 objIdx=0
2026/03/09 22:21:47.620530 [DEBUG] key: bucket up (idx=31)
2026/03/09 22:21:47.620562 [DEBUG] render: buckets=75 objects=0 bucketIdx=30 objIdx=0
2026/03/09 22:21:47.789931 [DEBUG] key: bucket up (idx=30)
2026/03/09 22:21:47.790015 [DEBUG] render: buckets=75 objects=0 bucketIdx=29 objIdx=0
2026/03/09 22:21:47.958475 [DEBUG] key: bucket up (idx=29)
2026/03/09 22:21:47.958524 [DEBUG] render: buckets=75 objects=0 bucketIdx=28 objIdx=0
2026/03/09 22:21:48.127572 [DEBUG] key: bucket up (idx=28)
2026/03/09 22:21:48.127618 [DEBUG] render: buckets=75 objects=0 bucketIdx=27 objIdx=0
2026/03/09 22:21:48.295565 [DEBUG] key: bucket up (idx=27)
2026/03/09 22:21:48.295592 [DEBUG] render: buckets=75 objects=0 bucketIdx=26 objIdx=0
2026/03/09 22:21:48.488310 [DEBUG] key: bucket up (idx=26)
2026/03/09 22:21:48.488358 [DEBUG] render: buckets=75 objects=0 bucketIdx=25 objIdx=0
2026/03/09 22:21:48.681160 [DEBUG] key: bucket up (idx=25)
2026/03/09 22:21:48.681219 [DEBUG] render: buckets=75 objects=0 bucketIdx=24 objIdx=0
2026/03/09 22:21:48.874986 [DEBUG] key: bucket up (idx=24)
2026/03/09 22:21:48.875022 [DEBUG] render: buckets=75 objects=0 bucketIdx=23 objIdx=0
2026/03/09 22:21:49.043563 [DEBUG] key: bucket up (idx=23)
2026/03/09 22:21:49.043604 [DEBUG] render: buckets=75 objects=0 bucketIdx=22 objIdx=0
2026/03/09 22:21:49.211530 [DEBUG] key: bucket up (idx=22)
2026/03/09 22:21:49.211568 [DEBUG] render: buckets=75 objects=0 bucketIdx=21 objIdx=0
2026/03/09 22:21:49.380253 [DEBUG] key: bucket up (idx=21)
2026/03/09 22:21:49.380293 [DEBUG] render: buckets=75 objects=0 bucketIdx=20 objIdx=0
2026/03/09 22:21:49.549890 [DEBUG] key: bucket up (idx=20)
2026/03/09 22:21:49.549913 [DEBUG] render: buckets=75 objects=0 bucketIdx=19 objIdx=0
2026/03/09 22:21:49.718263 [DEBUG] key: bucket up (idx=19)
2026/03/09 22:21:49.718305 [DEBUG] render: buckets=75 objects=0 bucketIdx=18 objIdx=0
2026/03/09 22:21:49.911930 [DEBUG] key: bucket up (idx=18)
2026/03/09 22:21:49.911981 [DEBUG] render: buckets=75 objects=0 bucketIdx=17 objIdx=0
2026/03/09 22:21:50.079418 [DEBUG] key: bucket up (idx=17)
2026/03/09 22:21:50.079539 [DEBUG] render: buckets=75 objects=0 bucketIdx=16 objIdx=0
2026/03/09 22:21:51.428644 [DEBUG] key: bucket up (idx=16)
2026/03/09 22:21:51.428681 [DEBUG] render: buckets=75 objects=0 bucketIdx=15 objIdx=0
2026/03/09 22:21:54.939290 [DEBUG] key: bucket up (idx=15)
2026/03/09 22:21:54.939337 [DEBUG] render: buckets=75 objects=0 bucketIdx=14 objIdx=0
2026/03/09 22:21:57.425668 [DEBUG] key: bucket down (idx=14)
2026/03/09 22:21:57.425704 [INFO]  key: select bucket idx=15
2026/03/09 22:21:57.425713 [INFO]  loadObjects: bucket="clar-clarityai-assistant-report-mgmt" prefix=""
2026/03/09 22:21:57.425723 [INFO]  S3 ListObjects called bucket="clar-clarityai-assistant-report-mgmt" prefix=""
2026/03/09 22:21:57.601097 [INFO]  S3 ListObjects returned 0 items
2026/03/09 22:21:57.601143 [DEBUG] loadObjects: 0 objects loaded, rendering
2026/03/09 22:21:57.601151 [DEBUG] render: buckets=75 objects=0 bucketIdx=15 objIdx=0
2026/03/09 22:21:58.268185 [DEBUG] key: bucket down (idx=15)
2026/03/09 22:21:58.268221 [INFO]  key: select bucket idx=16
2026/03/09 22:21:58.268226 [INFO]  loadObjects: bucket="clar-fast-api-app-another-test-mgmt" prefix=""
2026/03/09 22:21:58.268236 [INFO]  S3 ListObjects called bucket="clar-fast-api-app-another-test-mgmt" prefix=""
2026/03/09 22:21:58.441388 [INFO]  S3 ListObjects returned 0 items
2026/03/09 22:21:58.441411 [DEBUG] loadObjects: 0 objects loaded, rendering
2026/03/09 22:21:58.441415 [DEBUG] render: buckets=75 objects=0 bucketIdx=16 objIdx=0
2026/03/09 22:21:58.441693 [DEBUG] key: bucket down (idx=16)
2026/03/09 22:21:58.441697 [INFO]  key: select bucket idx=17
2026/03/09 22:21:58.441700 [INFO]  loadObjects: bucket="clar-fast-api-app-test-mgmt" prefix=""
2026/03/09 22:21:58.441704 [INFO]  S3 ListObjects called bucket="clar-fast-api-app-test-mgmt" prefix=""
2026/03/09 22:21:58.599759 [INFO]  S3 ListObjects returned 0 items
2026/03/09 22:21:58.599793 [DEBUG] loadObjects: 0 objects loaded, rendering
2026/03/09 22:21:58.599801 [DEBUG] render: buckets=75 objects=0 bucketIdx=17 objIdx=0
2026/03/09 22:21:58.865693 [DEBUG] key: bucket down (idx=17)
2026/03/09 22:21:58.865734 [INFO]  key: select bucket idx=18
2026/03/09 22:21:58.865743 [INFO]  loadObjects: bucket="clar-loki-chunks-mgmt" prefix=""
2026/03/09 22:21:58.865754 [INFO]  S3 ListObjects called bucket="clar-loki-chunks-mgmt" prefix=""
2026/03/09 22:21:59.030404 [INFO]  S3 ListObjects returned 3 items
2026/03/09 22:21:59.030444 [DEBUG] loadObjects: 3 objects loaded, rendering
2026/03/09 22:21:59.030475 [DEBUG] render: buckets=75 objects=3 bucketIdx=18 objIdx=0
2026/03/09 22:21:59.762406 [DEBUG] key: bucket down (idx=18)
2026/03/09 22:21:59.762431 [INFO]  key: select bucket idx=19
2026/03/09 22:21:59.762434 [INFO]  loadObjects: bucket="clar-loki-ruler-mgmt" prefix=""
2026/03/09 22:21:59.762439 [INFO]  S3 ListObjects called bucket="clar-loki-ruler-mgmt" prefix=""
2026/03/09 22:21:59.927865 [INFO]  S3 ListObjects returned 0 items
2026/03/09 22:21:59.927895 [DEBUG] loadObjects: 0 objects loaded, rendering
2026/03/09 22:21:59.927901 [DEBUG] render: buckets=75 objects=0 bucketIdx=19 objIdx=0
2026/03/09 22:22:00.532718 [DEBUG] key: bucket down (idx=19)
2026/03/09 22:22:00.532762 [INFO]  key: select bucket idx=20
2026/03/09 22:22:00.532771 [INFO]  loadObjects: bucket="clar-metrics-validation-workspace-mgmt" prefix=""
2026/03/09 22:22:00.532783 [INFO]  S3 ListObjects called bucket="clar-metrics-validation-workspace-mgmt" prefix=""
2026/03/09 22:22:00.706839 [INFO]  S3 ListObjects returned 200 items
2026/03/09 22:22:00.706862 [DEBUG] loadObjects: 200 objects loaded, rendering
2026/03/09 22:22:00.706865 [DEBUG] render: buckets=75 objects=200 bucketIdx=20 objIdx=0
2026/03/09 22:22:01.394908 [DEBUG] key: bucket down (idx=20)
2026/03/09 22:22:01.394944 [INFO]  key: select bucket idx=21
2026/03/09 22:22:01.394950 [INFO]  loadObjects: bucket="clar-mlflow-genai-artifacts-store-mgmt" prefix=""
2026/03/09 22:22:01.394957 [INFO]  S3 ListObjects called bucket="clar-mlflow-genai-artifacts-store-mgmt" prefix=""
2026/03/09 22:22:01.572177 [INFO]  S3 ListObjects returned 37 items
2026/03/09 22:22:01.572198 [DEBUG] loadObjects: 37 objects loaded, rendering
2026/03/09 22:22:01.572201 [DEBUG] render: buckets=75 objects=37 bucketIdx=21 objIdx=0
2026/03/09 22:22:01.995573 [DEBUG] key: bucket down (idx=21)
2026/03/09 22:22:01.995598 [INFO]  key: select bucket idx=22
2026/03/09 22:22:01.995601 [INFO]  loadObjects: bucket="clar-search-dashboard-documents-mgmt" prefix=""
2026/03/09 22:22:01.995605 [INFO]  S3 ListObjects called bucket="clar-search-dashboard-documents-mgmt" prefix=""
2026/03/09 22:22:02.155955 [INFO]  S3 ListObjects returned 1 items
2026/03/09 22:22:02.155981 [DEBUG] loadObjects: 1 objects loaded, rendering
2026/03/09 22:22:02.155987 [DEBUG] render: buckets=75 objects=1 bucketIdx=22 objIdx=0
2026/03/09 22:22:02.156423 [DEBUG] key: bucket down (idx=22)
2026/03/09 22:22:02.156436 [INFO]  key: select bucket idx=23
2026/03/09 22:22:02.156440 [INFO]  loadObjects: bucket="clar-streamlit-app-buck-mgmt" prefix=""
2026/03/09 22:22:02.156446 [INFO]  S3 ListObjects called bucket="clar-streamlit-app-buck-mgmt" prefix=""
2026/03/09 22:22:02.316585 [INFO]  S3 ListObjects returned 1 items
2026/03/09 22:22:02.316616 [DEBUG] loadObjects: 1 objects loaded, rendering
2026/03/09 22:22:02.316621 [DEBUG] render: buckets=75 objects=1 bucketIdx=23 objIdx=0
2026/03/09 22:22:02.317053 [DEBUG] key: bucket down (idx=23)
2026/03/09 22:22:02.317059 [INFO]  key: select bucket idx=24
2026/03/09 22:22:02.317069 [INFO]  loadObjects: bucket="clarity-ai-mgmt-buck-64b25806" prefix=""
2026/03/09 22:22:02.317075 [INFO]  S3 ListObjects called bucket="clarity-ai-mgmt-buck-64b25806" prefix=""
2026/03/09 22:22:02.468170 [INFO]  S3 ListObjects returned 0 items
2026/03/09 22:22:02.468199 [DEBUG] loadObjects: 0 objects loaded, rendering
2026/03/09 22:22:02.468205 [DEBUG] render: buckets=75 objects=0 bucketIdx=24 objIdx=0
2026/03/09 22:22:02.468838 [DEBUG] key: bucket down (idx=24)
2026/03/09 22:22:02.468849 [INFO]  key: select bucket idx=25
2026/03/09 22:22:02.468854 [INFO]  loadObjects: bucket="clarity-athena-results-mgmt" prefix=""
2026/03/09 22:22:02.468860 [INFO]  S3 ListObjects called bucket="clarity-athena-results-mgmt" prefix=""
2026/03/09 22:22:02.634007 [INFO]  S3 ListObjects returned 0 items
2026/03/09 22:22:02.634042 [DEBUG] loadObjects: 0 objects loaded, rendering
2026/03/09 22:22:02.634047 [DEBUG] render: buckets=75 objects=0 bucketIdx=25 objIdx=0
2026/03/09 22:22:02.634645 [DEBUG] key: bucket down (idx=25)
2026/03/09 22:22:02.634657 [INFO]  key: select bucket idx=26
2026/03/09 22:22:02.634661 [INFO]  loadObjects: bucket="clarity-foundational-engineering" prefix=""
2026/03/09 22:22:02.634683 [INFO]  S3 ListObjects called bucket="clarity-foundational-engineering" prefix=""
2026/03/09 22:22:02.796982 [INFO]  S3 ListObjects returned 20 items
2026/03/09 22:22:02.797022 [DEBUG] loadObjects: 20 objects loaded, rendering
2026/03/09 22:22:02.797028 [DEBUG] render: buckets=75 objects=20 bucketIdx=26 objIdx=0
2026/03/09 22:22:02.797542 [DEBUG] key: bucket down (idx=26)
2026/03/09 22:22:02.797551 [INFO]  key: select bucket idx=27
2026/03/09 22:22:02.797554 [INFO]  loadObjects: bucket="clarity-modal" prefix=""
2026/03/09 22:22:02.797556 [INFO]  S3 ListObjects called bucket="clarity-modal" prefix=""
2026/03/09 22:22:02.975646 [INFO]  S3 ListObjects returned 24 items
2026/03/09 22:22:02.975666 [DEBUG] loadObjects: 24 objects loaded, rendering
2026/03/09 22:22:02.975668 [DEBUG] render: buckets=75 objects=24 bucketIdx=27 objIdx=0
2026/03/09 22:22:02.975932 [DEBUG] key: bucket down (idx=27)
2026/03/09 22:22:02.975940 [INFO]  key: select bucket idx=28
2026/03/09 22:22:02.975941 [INFO]  loadObjects: bucket="clarity-spike-snowflake-iceberg" prefix=""
2026/03/09 22:22:02.975944 [INFO]  S3 ListObjects called bucket="clarity-spike-snowflake-iceberg" prefix=""
2026/03/09 22:22:03.149617 [INFO]  S3 ListObjects returned 1 items
2026/03/09 22:22:03.149645 [DEBUG] loadObjects: 1 objects loaded, rendering
2026/03/09 22:22:03.149650 [DEBUG] render: buckets=75 objects=1 bucketIdx=28 objIdx=0
2026/03/09 22:22:03.150161 [DEBUG] key: bucket down (idx=28)
2026/03/09 22:22:03.150182 [INFO]  key: select bucket idx=29
2026/03/09 22:22:03.150188 [INFO]  loadObjects: bucket="clarity-terraform-state-mgmt-eu-central-1" prefix=""
2026/03/09 22:22:03.150194 [INFO]  S3 ListObjects called bucket="clarity-terraform-state-mgmt-eu-central-1" prefix=""
2026/03/09 22:22:03.318280 [INFO]  S3 ListObjects returned 181 items
2026/03/09 22:22:03.318315 [DEBUG] loadObjects: 181 objects loaded, rendering
2026/03/09 22:22:03.318317 [DEBUG] render: buckets=75 objects=181 bucketIdx=29 objIdx=0
2026/03/09 22:22:03.318879 [DEBUG] key: bucket down (idx=29)
2026/03/09 22:22:03.326288 [INFO]  key: select bucket idx=30
2026/03/09 22:22:03.326306 [INFO]  loadObjects: bucket="clarityai-corpdocs-mgmt" prefix=""
2026/03/09 22:22:03.326314 [INFO]  S3 ListObjects called bucket="clarityai-corpdocs-mgmt" prefix=""
2026/03/09 22:22:03.492413 [INFO]  S3 ListObjects returned 1 items
2026/03/09 22:22:03.492435 [DEBUG] loadObjects: 1 objects loaded, rendering
2026/03/09 22:22:03.492437 [DEBUG] render: buckets=75 objects=1 bucketIdx=30 objIdx=0
2026/03/09 22:22:03.493112 [DEBUG] key: bucket down (idx=30)
2026/03/09 22:22:03.493134 [INFO]  key: select bucket idx=31
2026/03/09 22:22:03.493139 [INFO]  loadObjects: bucket="collected-documents-exchange-clarity-mgmt-pro" prefix=""
2026/03/09 22:22:03.493146 [INFO]  S3 ListObjects called bucket="collected-documents-exchange-clarity-mgmt-pro" prefix=""
2026/03/09 22:22:03.756602 [INFO]  S3 ListObjects returned 441 items
2026/03/09 22:22:03.756625 [DEBUG] loadObjects: 441 objects loaded, rendering
2026/03/09 22:22:03.756627 [DEBUG] render: buckets=75 objects=441 bucketIdx=31 objIdx=0
2026/03/09 22:22:03.757587 [DEBUG] key: bucket down (idx=31)
2026/03/09 22:22:03.757591 [INFO]  key: select bucket idx=32
2026/03/09 22:22:03.757592 [INFO]  loadObjects: bucket="ctool-mgmt" prefix=""
2026/03/09 22:22:03.757594 [INFO]  S3 ListObjects called bucket="ctool-mgmt" prefix=""
2026/03/09 22:22:03.901043 [INFO]  S3 ListObjects returned 4 items
2026/03/09 22:22:03.901084 [DEBUG] loadObjects: 4 objects loaded, rendering
2026/03/09 22:22:03.901089 [DEBUG] render: buckets=75 objects=4 bucketIdx=32 objIdx=0
2026/03/09 22:22:03.901636 [DEBUG] key: bucket down (idx=32)
2026/03/09 22:22:03.901663 [INFO]  key: select bucket idx=33
2026/03/09 22:22:03.901669 [INFO]  loadObjects: bucket="customer-factset-5f16f2bad0f9bd40ae7cf701-clarity" prefix=""
2026/03/09 22:22:03.901676 [INFO]  S3 ListObjects called bucket="customer-factset-5f16f2bad0f9bd40ae7cf701-clarity" prefix=""
2026/03/09 22:22:04.061660 [INFO]  S3 ListObjects returned 1 items
2026/03/09 22:22:04.061694 [DEBUG] loadObjects: 1 objects loaded, rendering
2026/03/09 22:22:04.061700 [DEBUG] render: buckets=75 objects=1 bucketIdx=33 objIdx=0
2026/03/09 22:22:04.062131 [DEBUG] key: bucket down (idx=33)
2026/03/09 22:22:04.062144 [INFO]  key: select bucket idx=34
2026/03/09 22:22:04.062148 [INFO]  loadObjects: bucket="customer-qontigo-5ea9793d3db7f763b99d5e58-clarity" prefix=""
2026/03/09 22:22:04.062154 [INFO]  S3 ListObjects called bucket="customer-qontigo-5ea9793d3db7f763b99d5e58-clarity" prefix=""
2026/03/09 22:22:04.213186 [INFO]  S3 ListObjects returned 7 items
2026/03/09 22:22:04.213228 [DEBUG] loadObjects: 7 objects loaded, rendering
2026/03/09 22:22:04.213234 [DEBUG] render: buckets=75 objects=7 bucketIdx=34 objIdx=0
2026/03/09 22:22:04.214031 [DEBUG] key: bucket down (idx=34)
2026/03/09 22:22:04.214041 [INFO]  key: select bucket idx=35
2026/03/09 22:22:04.214046 [INFO]  loadObjects: bucket="customer-sam-5cc16d0b85e107000135c80c-clarity" prefix=""
2026/03/09 22:22:04.214052 [INFO]  S3 ListObjects called bucket="customer-sam-5cc16d0b85e107000135c80c-clarity" prefix=""
2026/03/09 22:22:04.370337 [INFO]  S3 ListObjects returned 2 items
2026/03/09 22:22:04.370365 [DEBUG] loadObjects: 2 objects loaded, rendering
2026/03/09 22:22:04.370370 [DEBUG] render: buckets=75 objects=2 bucketIdx=35 objIdx=0
2026/03/09 22:22:04.370767 [DEBUG] key: bucket down (idx=35)
2026/03/09 22:22:04.370777 [INFO]  key: select bucket idx=36
2026/03/09 22:22:04.370779 [INFO]  loadObjects: bucket="datadog-backups-mgmt" prefix=""
2026/03/09 22:22:04.370783 [INFO]  S3 ListObjects called bucket="datadog-backups-mgmt" prefix=""
2026/03/09 22:22:04.527628 [INFO]  S3 ListObjects returned 2 items
2026/03/09 22:22:04.527651 [DEBUG] loadObjects: 2 objects loaded, rendering
2026/03/09 22:22:04.527654 [DEBUG] render: buckets=75 objects=2 bucketIdx=36 objIdx=0
2026/03/09 22:22:04.527969 [DEBUG] key: bucket down (idx=36)
2026/03/09 22:22:04.527977 [INFO]  key: select bucket idx=37
2026/03/09 22:22:04.527982 [INFO]  loadObjects: bucket="datadog-log-archive-clarity-mgmt-pro" prefix=""
2026/03/09 22:22:04.527990 [INFO]  S3 ListObjects called bucket="datadog-log-archive-clarity-mgmt-pro" prefix=""
2026/03/09 22:22:04.697754 [INFO]  S3 ListObjects returned 5 items
2026/03/09 22:22:04.697788 [DEBUG] loadObjects: 5 objects loaded, rendering
2026/03/09 22:22:04.697794 [DEBUG] render: buckets=75 objects=5 bucketIdx=37 objIdx=0
2026/03/09 22:22:04.698486 [DEBUG] key: bucket down (idx=37)
2026/03/09 22:22:04.698497 [INFO]  key: select bucket idx=38
2026/03/09 22:22:04.698501 [INFO]  loadObjects: bucket="elasticsearch-clarity-mgmt-pro" prefix=""
2026/03/09 22:22:04.698508 [INFO]  S3 ListObjects called bucket="elasticsearch-clarity-mgmt-pro" prefix=""
2026/03/09 22:22:04.844670 [INFO]  S3 ListObjects returned 7 items
2026/03/09 22:22:04.844690 [DEBUG] loadObjects: 7 objects loaded, rendering
2026/03/09 22:22:04.844693 [DEBUG] render: buckets=75 objects=7 bucketIdx=38 objIdx=0
2026/03/09 22:22:04.845640 [DEBUG] key: bucket down (idx=38)
2026/03/09 22:22:04.845676 [INFO]  key: select bucket idx=39
2026/03/09 22:22:04.845681 [INFO]  loadObjects: bucket="elasticsearch-gitlab" prefix=""
2026/03/09 22:22:04.845688 [INFO]  S3 ListObjects called bucket="elasticsearch-gitlab" prefix=""
2026/03/09 22:22:04.993804 [INFO]  S3 ListObjects returned 0 items
2026/03/09 22:22:04.993823 [DEBUG] loadObjects: 0 objects loaded, rendering
2026/03/09 22:22:04.993826 [DEBUG] render: buckets=75 objects=0 bucketIdx=39 objIdx=0
2026/03/09 22:22:04.994122 [DEBUG] key: bucket down (idx=39)
2026/03/09 22:22:04.994125 [INFO]  key: select bucket idx=40
2026/03/09 22:22:04.994127 [INFO]  loadObjects: bucket="elb-access-logs-clarity-mgmt-pro" prefix=""
2026/03/09 22:22:04.994130 [INFO]  S3 ListObjects called bucket="elb-access-logs-clarity-mgmt-pro" prefix=""
2026/03/09 22:22:05.192715 [INFO]  S3 ListObjects returned 6 items
2026/03/09 22:22:05.192752 [DEBUG] loadObjects: 6 objects loaded, rendering
2026/03/09 22:22:05.192758 [DEBUG] render: buckets=75 objects=6 bucketIdx=40 objIdx=0
2026/03/09 22:22:05.193294 [DEBUG] key: bucket down (idx=40)
2026/03/09 22:22:05.193301 [INFO]  key: select bucket idx=41
2026/03/09 22:22:05.193305 [INFO]  loadObjects: bucket="exposures-ingestion-mgmt-pro" prefix=""
2026/03/09 22:22:05.193312 [INFO]  S3 ListObjects called bucket="exposures-ingestion-mgmt-pro" prefix=""
2026/03/09 22:22:05.370622 [INFO]  S3 ListObjects returned 2 items
2026/03/09 22:22:05.370650 [DEBUG] loadObjects: 2 objects loaded, rendering
2026/03/09 22:22:05.370655 [DEBUG] render: buckets=75 objects=2 bucketIdx=41 objIdx=0
2026/03/09 22:22:05.371093 [DEBUG] key: bucket down (idx=41)
2026/03/09 22:22:05.371099 [INFO]  key: select bucket idx=42
2026/03/09 22:22:05.371103 [INFO]  loadObjects: bucket="external-efront-clarity-mgmt-pro" prefix=""
2026/03/09 22:22:05.371109 [INFO]  S3 ListObjects called bucket="external-efront-clarity-mgmt-pro" prefix=""
2026/03/09 22:22:05.557871 [INFO]  S3 ListObjects returned 1 items
2026/03/09 22:22:05.557900 [DEBUG] loadObjects: 1 objects loaded, rendering
2026/03/09 22:22:05.557905 [DEBUG] render: buckets=75 objects=1 bucketIdx=42 objIdx=0
2026/03/09 22:22:05.558428 [DEBUG] key: bucket down (idx=42)
2026/03/09 22:22:05.558437 [INFO]  key: select bucket idx=43
2026/03/09 22:22:05.558441 [INFO]  loadObjects: bucket="external-refinitiv-clarity-mgmt-pro" prefix=""
2026/03/09 22:22:05.558447 [INFO]  S3 ListObjects called bucket="external-refinitiv-clarity-mgmt-pro" prefix=""
2026/03/09 22:22:05.750982 [INFO]  S3 ListObjects returned 2 items
2026/03/09 22:22:05.751003 [DEBUG] loadObjects: 2 objects loaded, rendering
2026/03/09 22:22:05.751005 [DEBUG] render: buckets=75 objects=2 bucketIdx=43 objIdx=0
2026/03/09 22:22:05.751928 [DEBUG] key: bucket down (idx=43)
2026/03/09 22:22:05.751954 [INFO]  key: select bucket idx=44
2026/03/09 22:22:05.751959 [INFO]  loadObjects: bucket="forge-reports-mgmt" prefix=""
2026/03/09 22:22:05.751965 [INFO]  S3 ListObjects called bucket="forge-reports-mgmt" prefix=""
2026/03/09 22:22:05.935760 [INFO]  S3 ListObjects returned 1 items
2026/03/09 22:22:05.935794 [DEBUG] loadObjects: 1 objects loaded, rendering
2026/03/09 22:22:05.935800 [DEBUG] render: buckets=75 objects=1 bucketIdx=44 objIdx=0
2026/03/09 22:22:05.936252 [DEBUG] key: bucket down (idx=44)
2026/03/09 22:22:05.936258 [INFO]  key: select bucket idx=45
2026/03/09 22:22:05.936262 [INFO]  loadObjects: bucket="gitlabbackup-clarity-mgmt-pro" prefix=""
2026/03/09 22:22:05.936268 [INFO]  S3 ListObjects called bucket="gitlabbackup-clarity-mgmt-pro" prefix=""
2026/03/09 22:22:06.125814 [INFO]  S3 ListObjects returned 0 items
2026/03/09 22:22:06.125853 [DEBUG] loadObjects: 0 objects loaded, rendering
2026/03/09 22:22:06.125859 [DEBUG] render: buckets=75 objects=0 bucketIdx=45 objIdx=0
2026/03/09 22:22:06.867737 [DEBUG] key: bucket down (idx=45)
2026/03/09 22:22:06.867777 [INFO]  key: select bucket idx=46
2026/03/09 22:22:06.867783 [INFO]  loadObjects: bucket="gitlabrunners-clarity-mgmt-pro" prefix=""
2026/03/09 22:22:06.867787 [INFO]  S3 ListObjects called bucket="gitlabrunners-clarity-mgmt-pro" prefix=""
2026/03/09 22:22:07.415108 [INFO]  S3 ListObjects returned 162 items
2026/03/09 22:22:07.415128 [DEBUG] loadObjects: 162 objects loaded, rendering
2026/03/09 22:22:07.415130 [DEBUG] render: buckets=75 objects=162 bucketIdx=46 objIdx=0
2026/03/09 22:22:07.783331 [DEBUG] key: bucket down (idx=46)
2026/03/09 22:22:07.783377 [INFO]  key: select bucket idx=47
2026/03/09 22:22:07.783384 [INFO]  loadObjects: bucket="igloo-extractions-clarity-mgmt-pro" prefix=""
2026/03/09 22:22:07.783392 [INFO]  S3 ListObjects called bucket="igloo-extractions-clarity-mgmt-pro" prefix=""
2026/03/09 22:22:07.984887 [INFO]  S3 ListObjects returned 1 items
2026/03/09 22:22:07.984927 [DEBUG] loadObjects: 1 objects loaded, rendering
2026/03/09 22:22:07.984932 [DEBUG] render: buckets=75 objects=1 bucketIdx=47 objIdx=0
2026/03/09 22:22:08.336944 [DEBUG] key: bucket down (idx=47)
2026/03/09 22:22:08.336980 [INFO]  key: select bucket idx=48
2026/03/09 22:22:08.336983 [INFO]  loadObjects: bucket="igloo-ml-exchange-clarity-mgmt-pro" prefix=""
2026/03/09 22:22:08.337008 [INFO]  S3 ListObjects called bucket="igloo-ml-exchange-clarity-mgmt-pro" prefix=""
2026/03/09 22:22:08.520051 [INFO]  S3 ListObjects returned 2 items
2026/03/09 22:22:08.520072 [DEBUG] loadObjects: 2 objects loaded, rendering
2026/03/09 22:22:08.520074 [DEBUG] render: buckets=75 objects=2 bucketIdx=48 objIdx=0
2026/03/09 22:22:08.794473 [DEBUG] key: bucket down (idx=48)
2026/03/09 22:22:08.794559 [INFO]  key: select bucket idx=49
2026/03/09 22:22:08.794576 [INFO]  loadObjects: bucket="images-clarity-mgmt-pro" prefix=""
2026/03/09 22:22:08.794583 [INFO]  S3 ListObjects called bucket="images-clarity-mgmt-pro" prefix=""
2026/03/09 22:22:08.962838 [INFO]  S3 ListObjects returned 2 items
2026/03/09 22:22:08.962870 [DEBUG] loadObjects: 2 objects loaded, rendering
2026/03/09 22:22:08.962876 [DEBUG] render: buckets=75 objects=2 bucketIdx=49 objIdx=0
2026/03/09 22:22:09.229086 [DEBUG] key: bucket down (idx=49)
2026/03/09 22:22:09.229135 [INFO]  key: select bucket idx=50
2026/03/09 22:22:09.229142 [INFO]  loadObjects: bucket="inventory-clarity-mgmt-pro" prefix=""
2026/03/09 22:22:09.229151 [INFO]  S3 ListObjects called bucket="inventory-clarity-mgmt-pro" prefix=""
2026/03/09 22:22:09.432525 [INFO]  S3 ListObjects returned 1 items
2026/03/09 22:22:09.432545 [DEBUG] loadObjects: 1 objects loaded, rendering
2026/03/09 22:22:09.432548 [DEBUG] render: buckets=75 objects=1 bucketIdx=50 objIdx=0
2026/03/09 22:22:10.073866 [DEBUG] key: bucket up (idx=50)
2026/03/09 22:22:10.073911 [DEBUG] render: buckets=75 objects=1 bucketIdx=49 objIdx=0
2026/03/09 22:22:10.095233 [DEBUG] key: bucket down (idx=49)
2026/03/09 22:22:10.095258 [INFO]  key: select bucket idx=50
2026/03/09 22:22:10.095267 [INFO]  loadObjects: bucket="inventory-clarity-mgmt-pro" prefix=""
2026/03/09 22:22:10.095279 [INFO]  S3 ListObjects called bucket="inventory-clarity-mgmt-pro" prefix=""
2026/03/09 22:22:10.149034 [INFO]  S3 ListObjects returned 1 items
2026/03/09 22:22:10.149059 [DEBUG] loadObjects: 1 objects loaded, rendering
2026/03/09 22:22:10.149067 [DEBUG] render: buckets=75 objects=1 bucketIdx=50 objIdx=0
2026/03/09 22:22:10.602650 [DEBUG] key: bucket up (idx=50)
2026/03/09 22:22:10.602703 [DEBUG] render: buckets=75 objects=1 bucketIdx=49 objIdx=0
2026/03/09 22:22:10.890494 [DEBUG] key: bucket up (idx=49)
2026/03/09 22:22:10.890540 [DEBUG] render: buckets=75 objects=1 bucketIdx=48 objIdx=0
2026/03/09 22:22:11.059366 [DEBUG] key: bucket up (idx=48)
2026/03/09 22:22:11.059411 [DEBUG] render: buckets=75 objects=1 bucketIdx=47 objIdx=0
2026/03/09 22:22:11.276281 [DEBUG] key: bucket up (idx=47)
2026/03/09 22:22:11.276327 [DEBUG] render: buckets=75 objects=1 bucketIdx=46 objIdx=0
2026/03/09 22:22:11.752824 [DEBUG] key: bucket up (idx=46)
2026/03/09 22:22:11.752877 [DEBUG] render: buckets=75 objects=1 bucketIdx=45 objIdx=0
2026/03/09 22:22:12.913505 [DEBUG] key: bucket up (idx=45)
2026/03/09 22:22:12.913645 [DEBUG] render: buckets=75 objects=1 bucketIdx=44 objIdx=0
2026/03/09 22:22:13.804589 [DEBUG] key: bucket down (idx=44)
2026/03/09 22:22:13.804633 [INFO]  key: select bucket idx=45
2026/03/09 22:22:13.804649 [INFO]  loadObjects: bucket="gitlabbackup-clarity-mgmt-pro" prefix=""
2026/03/09 22:22:13.804672 [INFO]  S3 ListObjects called bucket="gitlabbackup-clarity-mgmt-pro" prefix=""
2026/03/09 22:22:13.955712 [INFO]  S3 ListObjects returned 0 items
2026/03/09 22:22:13.955736 [DEBUG] loadObjects: 0 objects loaded, rendering
2026/03/09 22:22:13.955739 [DEBUG] render: buckets=75 objects=0 bucketIdx=45 objIdx=0
2026/03/09 22:22:14.595711 [DEBUG] key: bucket up (idx=45)
2026/03/09 22:22:14.595751 [DEBUG] render: buckets=75 objects=0 bucketIdx=44 objIdx=0
2026/03/09 22:22:16.382583 [DEBUG] key: bucket up (idx=44)
2026/03/09 22:22:16.382637 [DEBUG] render: buckets=75 objects=0 bucketIdx=43 objIdx=0
2026/03/09 22:22:19.850728 [DEBUG] key: bucket up (idx=43)
2026/03/09 22:22:19.850761 [DEBUG] render: buckets=75 objects=0 bucketIdx=42 objIdx=0
2026/03/09 22:22:20.621669 [DEBUG] key: bucket down (idx=42)
2026/03/09 22:22:20.621754 [INFO]  key: select bucket idx=43
2026/03/09 22:22:20.621761 [INFO]  loadObjects: bucket="external-refinitiv-clarity-mgmt-pro" prefix=""
2026/03/09 22:22:20.621770 [INFO]  S3 ListObjects called bucket="external-refinitiv-clarity-mgmt-pro" prefix=""
2026/03/09 22:22:20.777910 [INFO]  S3 ListObjects returned 2 items
2026/03/09 22:22:20.777945 [DEBUG] loadObjects: 2 objects loaded, rendering
2026/03/09 22:22:20.777951 [DEBUG] render: buckets=75 objects=2 bucketIdx=43 objIdx=0
2026/03/09 22:22:21.803891 [DEBUG] key: bucket up (idx=43)
2026/03/09 22:22:21.803935 [DEBUG] render: buckets=75 objects=2 bucketIdx=42 objIdx=0
2026/03/09 22:22:21.820188 [DEBUG] key: bucket down (idx=42)
2026/03/09 22:22:21.820216 [INFO]  key: select bucket idx=43
2026/03/09 22:22:21.820223 [INFO]  loadObjects: bucket="external-refinitiv-clarity-mgmt-pro" prefix=""
2026/03/09 22:22:21.820232 [INFO]  S3 ListObjects called bucket="external-refinitiv-clarity-mgmt-pro" prefix=""
2026/03/09 22:22:21.878866 [INFO]  S3 ListObjects returned 2 items
2026/03/09 22:22:21.878904 [DEBUG] loadObjects: 2 objects loaded, rendering
2026/03/09 22:22:21.878909 [DEBUG] render: buckets=75 objects=2 bucketIdx=43 objIdx=0
2026/03/09 22:22:23.414881 [DEBUG] key: bucket down (idx=43)
2026/03/09 22:22:23.414916 [INFO]  key: select bucket idx=44
2026/03/09 22:22:23.414920 [INFO]  loadObjects: bucket="forge-reports-mgmt" prefix=""
2026/03/09 22:22:23.414925 [INFO]  S3 ListObjects called bucket="forge-reports-mgmt" prefix=""
2026/03/09 22:22:23.569424 [INFO]  S3 ListObjects returned 1 items
2026/03/09 22:22:23.569473 [DEBUG] loadObjects: 1 objects loaded, rendering
2026/03/09 22:22:23.569476 [DEBUG] render: buckets=75 objects=1 bucketIdx=44 objIdx=0
2026/03/09 22:22:24.161371 [DEBUG] key: bucket down (idx=44)
2026/03/09 22:22:24.161398 [INFO]  key: select bucket idx=45
2026/03/09 22:22:24.161404 [INFO]  loadObjects: bucket="gitlabbackup-clarity-mgmt-pro" prefix=""
2026/03/09 22:22:24.161414 [INFO]  S3 ListObjects called bucket="gitlabbackup-clarity-mgmt-pro" prefix=""
2026/03/09 22:22:24.319707 [INFO]  S3 ListObjects returned 0 items
2026/03/09 22:22:24.319730 [DEBUG] loadObjects: 0 objects loaded, rendering
2026/03/09 22:22:24.319733 [DEBUG] render: buckets=75 objects=0 bucketIdx=45 objIdx=0
2026/03/09 22:22:25.124904 [DEBUG] key: bucket down (idx=45)
2026/03/09 22:22:25.124947 [INFO]  key: select bucket idx=46
2026/03/09 22:22:25.124955 [INFO]  loadObjects: bucket="gitlabrunners-clarity-mgmt-pro" prefix=""
2026/03/09 22:22:25.124963 [INFO]  S3 ListObjects called bucket="gitlabrunners-clarity-mgmt-pro" prefix=""
2026/03/09 22:22:25.429282 [INFO]  S3 ListObjects returned 162 items
2026/03/09 22:22:25.429311 [DEBUG] loadObjects: 162 objects loaded, rendering
2026/03/09 22:22:25.429319 [DEBUG] render: buckets=75 objects=162 bucketIdx=46 objIdx=0
2026/03/09 22:22:26.402089 [DEBUG] key: bucket down (idx=46)
2026/03/09 22:22:26.402142 [INFO]  key: select bucket idx=47
2026/03/09 22:22:26.402153 [INFO]  loadObjects: bucket="igloo-extractions-clarity-mgmt-pro" prefix=""
2026/03/09 22:22:26.402169 [INFO]  S3 ListObjects called bucket="igloo-extractions-clarity-mgmt-pro" prefix=""
2026/03/09 22:22:26.560061 [INFO]  S3 ListObjects returned 1 items
2026/03/09 22:22:26.560093 [DEBUG] loadObjects: 1 objects loaded, rendering
2026/03/09 22:22:26.560101 [DEBUG] render: buckets=75 objects=1 bucketIdx=47 objIdx=0
2026/03/09 22:22:27.269085 [DEBUG] key: bucket down (idx=47)
2026/03/09 22:22:27.269108 [INFO]  key: select bucket idx=48
2026/03/09 22:22:27.269112 [INFO]  loadObjects: bucket="igloo-ml-exchange-clarity-mgmt-pro" prefix=""
2026/03/09 22:22:27.269117 [INFO]  S3 ListObjects called bucket="igloo-ml-exchange-clarity-mgmt-pro" prefix=""
2026/03/09 22:22:27.429042 [INFO]  S3 ListObjects returned 2 items
2026/03/09 22:22:27.429087 [DEBUG] loadObjects: 2 objects loaded, rendering
2026/03/09 22:22:27.429095 [DEBUG] render: buckets=75 objects=2 bucketIdx=48 objIdx=0
2026/03/09 22:22:28.351632 [DEBUG] key: bucket down (idx=48)
2026/03/09 22:22:28.351661 [INFO]  key: select bucket idx=49
2026/03/09 22:22:28.351680 [INFO]  loadObjects: bucket="images-clarity-mgmt-pro" prefix=""
2026/03/09 22:22:28.351685 [INFO]  S3 ListObjects called bucket="images-clarity-mgmt-pro" prefix=""
2026/03/09 22:22:28.508277 [INFO]  S3 ListObjects returned 2 items
2026/03/09 22:22:28.508321 [DEBUG] loadObjects: 2 objects loaded, rendering
2026/03/09 22:22:28.508327 [DEBUG] render: buckets=75 objects=2 bucketIdx=49 objIdx=0
2026/03/09 22:22:29.100738 [DEBUG] key: bucket up (idx=49)
2026/03/09 22:22:29.100778 [DEBUG] render: buckets=75 objects=2 bucketIdx=48 objIdx=0
2026/03/09 22:22:29.526696 [DEBUG] key: bucket down (idx=48)
2026/03/09 22:22:29.526728 [INFO]  key: select bucket idx=49
2026/03/09 22:22:29.526736 [INFO]  loadObjects: bucket="images-clarity-mgmt-pro" prefix=""
2026/03/09 22:22:29.526745 [INFO]  S3 ListObjects called bucket="images-clarity-mgmt-pro" prefix=""
2026/03/09 22:22:29.584987 [INFO]  S3 ListObjects returned 2 items
2026/03/09 22:22:29.585023 [DEBUG] loadObjects: 2 objects loaded, rendering
2026/03/09 22:22:29.585028 [DEBUG] render: buckets=75 objects=2 bucketIdx=49 objIdx=0
2026/03/09 22:22:30.201600 [DEBUG] key: bucket up (idx=49)
2026/03/09 22:22:30.201628 [DEBUG] render: buckets=75 objects=2 bucketIdx=48 objIdx=0
2026/03/09 22:22:32.637575 [DEBUG] key: bucket down (idx=48)
2026/03/09 22:22:32.637642 [INFO]  key: select bucket idx=49
2026/03/09 22:22:32.637646 [INFO]  loadObjects: bucket="images-clarity-mgmt-pro" prefix=""
2026/03/09 22:22:32.637650 [INFO]  S3 ListObjects called bucket="images-clarity-mgmt-pro" prefix=""
2026/03/09 22:22:32.688318 [INFO]  S3 ListObjects returned 2 items
2026/03/09 22:22:32.688350 [DEBUG] loadObjects: 2 objects loaded, rendering
2026/03/09 22:22:32.688356 [DEBUG] render: buckets=75 objects=2 bucketIdx=49 objIdx=0
2026/03/09 22:22:36.827880 [DEBUG] key: bucket up (idx=49)
2026/03/09 22:22:36.827911 [DEBUG] render: buckets=75 objects=2 bucketIdx=48 objIdx=0
2026/03/09 22:22:39.309264 [DEBUG] key: bucket up (idx=48)
2026/03/09 22:22:39.309305 [DEBUG] render: buckets=75 objects=2 bucketIdx=47 objIdx=0
2026/03/09 22:22:43.711158 [DEBUG] key: bucket up (idx=47)
2026/03/09 22:22:43.711207 [DEBUG] render: buckets=75 objects=2 bucketIdx=46 objIdx=0
2026/03/09 22:23:00.092296 [DEBUG] key: bucket up (idx=46)
2026/03/09 22:23:00.092380 [DEBUG] render: buckets=75 objects=2 bucketIdx=45 objIdx=0
2026/03/09 22:23:00.326584 [DEBUG] key: bucket up (idx=45)
2026/03/09 22:23:00.326646 [DEBUG] render: buckets=75 objects=2 bucketIdx=44 objIdx=0
2026/03/09 22:23:00.500832 [DEBUG] key: bucket up (idx=44)
2026/03/09 22:23:00.500890 [DEBUG] render: buckets=75 objects=2 bucketIdx=43 objIdx=0
2026/03/09 22:23:00.668666 [DEBUG] key: bucket up (idx=43)
2026/03/09 22:23:00.668733 [DEBUG] render: buckets=75 objects=2 bucketIdx=42 objIdx=0
2026/03/09 22:23:01.801513 [DEBUG] key: bucket up (idx=42)
2026/03/09 22:23:01.801591 [DEBUG] render: buckets=75 objects=2 bucketIdx=41 objIdx=0
2026/03/09 22:23:02.157497 [DEBUG] key: bucket up (idx=41)
2026/03/09 22:23:02.157542 [DEBUG] render: buckets=75 objects=2 bucketIdx=40 objIdx=0
2026/03/09 22:23:02.591548 [DEBUG] key: bucket up (idx=40)
2026/03/09 22:23:02.591595 [DEBUG] render: buckets=75 objects=2 bucketIdx=39 objIdx=0
2026/03/09 22:23:02.765798 [DEBUG] key: bucket up (idx=39)
2026/03/09 22:23:02.765848 [DEBUG] render: buckets=75 objects=2 bucketIdx=38 objIdx=0
2026/03/09 22:23:02.958426 [DEBUG] key: bucket up (idx=38)
2026/03/09 22:23:02.958469 [DEBUG] render: buckets=75 objects=2 bucketIdx=37 objIdx=0
2026/03/09 22:23:03.126655 [DEBUG] key: bucket up (idx=37)
2026/03/09 22:23:03.126722 [DEBUG] render: buckets=75 objects=2 bucketIdx=36 objIdx=0
2026/03/09 22:23:03.295818 [DEBUG] key: bucket up (idx=36)
2026/03/09 22:23:03.295877 [DEBUG] render: buckets=75 objects=2 bucketIdx=35 objIdx=0
2026/03/09 22:23:03.482732 [DEBUG] key: bucket up (idx=35)
2026/03/09 22:23:03.482824 [DEBUG] render: buckets=75 objects=2 bucketIdx=34 objIdx=0
2026/03/09 22:23:03.655764 [DEBUG] key: bucket up (idx=34)
2026/03/09 22:23:03.655822 [DEBUG] render: buckets=75 objects=2 bucketIdx=33 objIdx=0
2026/03/09 22:23:03.844667 [DEBUG] key: bucket up (idx=33)
2026/03/09 22:23:03.844715 [DEBUG] render: buckets=75 objects=2 bucketIdx=32 objIdx=0
2026/03/09 22:23:04.017799 [DEBUG] key: bucket up (idx=32)
2026/03/09 22:23:04.017829 [DEBUG] render: buckets=75 objects=2 bucketIdx=31 objIdx=0
2026/03/09 22:23:04.186368 [DEBUG] key: bucket up (idx=31)
2026/03/09 22:23:04.186409 [DEBUG] render: buckets=75 objects=2 bucketIdx=30 objIdx=0
2026/03/09 22:23:04.378727 [DEBUG] key: bucket up (idx=30)
2026/03/09 22:23:04.378766 [DEBUG] render: buckets=75 objects=2 bucketIdx=29 objIdx=0
2026/03/09 22:23:04.572774 [DEBUG] key: bucket up (idx=29)
2026/03/09 22:23:04.572850 [DEBUG] render: buckets=75 objects=2 bucketIdx=28 objIdx=0
2026/03/09 22:23:04.741721 [DEBUG] key: bucket up (idx=28)
2026/03/09 22:23:04.741768 [DEBUG] render: buckets=75 objects=2 bucketIdx=27 objIdx=0
2026/03/09 22:23:04.936742 [DEBUG] key: bucket up (idx=27)
2026/03/09 22:23:04.936805 [DEBUG] render: buckets=75 objects=2 bucketIdx=26 objIdx=0
2026/03/09 22:23:05.127804 [DEBUG] key: bucket up (idx=26)
2026/03/09 22:23:05.127835 [DEBUG] render: buckets=75 objects=2 bucketIdx=25 objIdx=0
2026/03/09 22:23:05.315423 [DEBUG] key: bucket up (idx=25)
2026/03/09 22:23:05.315472 [DEBUG] render: buckets=75 objects=2 bucketIdx=24 objIdx=0
2026/03/09 22:23:05.490079 [DEBUG] key: bucket up (idx=24)
2026/03/09 22:23:05.490130 [DEBUG] render: buckets=75 objects=2 bucketIdx=23 objIdx=0
2026/03/09 22:23:05.677189 [DEBUG] key: bucket up (idx=23)
2026/03/09 22:23:05.677250 [DEBUG] render: buckets=75 objects=2 bucketIdx=22 objIdx=0
2026/03/09 22:23:05.849757 [DEBUG] key: bucket up (idx=22)
2026/03/09 22:23:05.849797 [DEBUG] render: buckets=75 objects=2 bucketIdx=21 objIdx=0
2026/03/09 22:23:06.038442 [DEBUG] key: bucket up (idx=21)
2026/03/09 22:23:06.038498 [DEBUG] render: buckets=75 objects=2 bucketIdx=20 objIdx=0
2026/03/09 22:23:06.211497 [DEBUG] key: bucket up (idx=20)
2026/03/09 22:23:06.211564 [DEBUG] render: buckets=75 objects=2 bucketIdx=19 objIdx=0
2026/03/09 22:23:06.380742 [DEBUG] key: bucket up (idx=19)
2026/03/09 22:23:06.380801 [DEBUG] render: buckets=75 objects=2 bucketIdx=18 objIdx=0
2026/03/09 22:23:06.548449 [DEBUG] key: bucket up (idx=18)
2026/03/09 22:23:06.548509 [DEBUG] render: buckets=75 objects=2 bucketIdx=17 objIdx=0
2026/03/09 22:23:08.038000 [DEBUG] key: bucket up (idx=17)
2026/03/09 22:23:08.038035 [DEBUG] render: buckets=75 objects=2 bucketIdx=16 objIdx=0
2026/03/09 22:23:11.991723 [DEBUG] key: bucket up (idx=16)
2026/03/09 22:23:11.991771 [DEBUG] render: buckets=75 objects=2 bucketIdx=15 objIdx=0
2026/03/09 22:23:12.348670 [DEBUG] key: bucket down (idx=15)
2026/03/09 22:23:12.348734 [INFO]  key: select bucket idx=16
2026/03/09 22:23:12.348744 [INFO]  loadObjects: bucket="clar-fast-api-app-another-test-mgmt" prefix=""
2026/03/09 22:23:12.348754 [INFO]  S3 ListObjects called bucket="clar-fast-api-app-another-test-mgmt" prefix=""
2026/03/09 22:23:12.537009 [INFO]  S3 ListObjects returned 0 items
2026/03/09 22:23:12.537056 [DEBUG] loadObjects: 0 objects loaded, rendering
2026/03/09 22:23:12.537064 [DEBUG] render: buckets=75 objects=0 bucketIdx=16 objIdx=0
2026/03/09 22:23:26.519589 [DEBUG] key: bucket down (idx=16)
2026/03/09 22:23:26.519657 [INFO]  key: select bucket idx=17
2026/03/09 22:23:26.519674 [INFO]  loadObjects: bucket="clar-fast-api-app-test-mgmt" prefix=""
2026/03/09 22:23:26.519690 [INFO]  S3 ListObjects called bucket="clar-fast-api-app-test-mgmt" prefix=""
2026/03/09 22:23:26.683365 [INFO]  S3 ListObjects returned 0 items
2026/03/09 22:23:26.683419 [DEBUG] loadObjects: 0 objects loaded, rendering
2026/03/09 22:23:26.683429 [DEBUG] render: buckets=75 objects=0 bucketIdx=17 objIdx=0
2026/03/09 22:23:27.307376 [DEBUG] key: bucket up (idx=17)
2026/03/09 22:23:27.307426 [DEBUG] render: buckets=75 objects=0 bucketIdx=16 objIdx=0
2026/03/09 22:23:28.083804 [DEBUG] key: bucket up (idx=16)
2026/03/09 22:23:28.083840 [DEBUG] render: buckets=75 objects=0 bucketIdx=15 objIdx=0
2026/03/09 22:23:28.635433 [DEBUG] key: bucket up (idx=15)
2026/03/09 22:23:28.635534 [DEBUG] render: buckets=75 objects=0 bucketIdx=14 objIdx=0
2026/03/09 22:23:29.045654 [DEBUG] key: bucket up (idx=14)
2026/03/09 22:23:29.045701 [DEBUG] render: buckets=75 objects=0 bucketIdx=13 objIdx=0
2026/03/09 22:23:29.262670 [DEBUG] key: bucket down (idx=13)
2026/03/09 22:23:29.262712 [INFO]  key: select bucket idx=14
2026/03/09 22:23:29.262722 [INFO]  loadObjects: bucket="clar-clarityai-assistant-chat-mgmt" prefix=""
2026/03/09 22:23:29.262733 [INFO]  S3 ListObjects called bucket="clar-clarityai-assistant-chat-mgmt" prefix=""
2026/03/09 22:23:29.431733 [INFO]  S3 ListObjects returned 2 items
2026/03/09 22:23:29.431781 [DEBUG] loadObjects: 2 objects loaded, rendering
2026/03/09 22:23:29.431790 [DEBUG] render: buckets=75 objects=2 bucketIdx=14 objIdx=0
2026/03/09 22:23:29.432152 [DEBUG] key: bucket down (idx=14)
2026/03/09 22:23:29.432165 [INFO]  key: select bucket idx=15
2026/03/09 22:23:29.432171 [INFO]  loadObjects: bucket="clar-clarityai-assistant-report-mgmt" prefix=""
2026/03/09 22:23:29.432178 [INFO]  S3 ListObjects called bucket="clar-clarityai-assistant-report-mgmt" prefix=""
2026/03/09 22:23:29.569589 [INFO]  S3 ListObjects returned 0 items
2026/03/09 22:23:29.569631 [DEBUG] loadObjects: 0 objects loaded, rendering
2026/03/09 22:23:29.569639 [DEBUG] render: buckets=75 objects=0 bucketIdx=15 objIdx=0
2026/03/09 22:23:29.986088 [INFO]  key: quit
2026/03/09 22:23:29.986152 [INFO]  App exiting normally
2026/03/09 22:23:33.825703 [INFO]  App starting
2026/03/09 22:23:33.826288 [DEBUG] layout: first render, loading buckets
2026/03/09 22:23:33.826328 [INFO]  loadBuckets: listing buckets
2026/03/09 22:23:33.826333 [INFO]  S3 ListBuckets called
2026/03/09 22:23:34.259100 [INFO]  S3 ListBuckets returned 75 buckets
2026/03/09 22:23:34.259176 [INFO]  loadBuckets: got 75 buckets
2026/03/09 22:23:34.259185 [INFO]  loadObjects: bucket="airflow-testing-clarity-mgmt" prefix=""
2026/03/09 22:23:34.259194 [INFO]  S3 ListObjects called bucket="airflow-testing-clarity-mgmt" prefix=""
2026/03/09 22:23:34.421852 [INFO]  S3 ListObjects returned 3 items
2026/03/09 22:23:34.421911 [DEBUG] loadObjects: 3 objects loaded, rendering
2026/03/09 22:23:34.421919 [DEBUG] render: buckets=75 objects=3 bucketIdx=0 objIdx=0
2026/03/09 22:23:35.480218 [DEBUG] key: bucket down (idx=0)
2026/03/09 22:23:35.480272 [INFO]  key: select bucket idx=1
2026/03/09 22:23:35.480282 [INFO]  loadObjects: bucket="airflowlogs-clarity-mgmt-pro" prefix=""
2026/03/09 22:23:35.480292 [INFO]  S3 ListObjects called bucket="airflowlogs-clarity-mgmt-pro" prefix=""
2026/03/09 22:23:35.640383 [INFO]  S3 ListObjects returned 4 items
2026/03/09 22:23:35.640432 [DEBUG] loadObjects: 4 objects loaded, rendering
2026/03/09 22:23:35.640440 [DEBUG] render: buckets=75 objects=4 bucketIdx=1 objIdx=0
2026/03/09 22:23:36.244779 [DEBUG] key: bucket down (idx=1)
2026/03/09 22:23:36.244836 [INFO]  key: select bucket idx=2
2026/03/09 22:23:36.244846 [INFO]  loadObjects: bucket="airflowv2-clarity-mgmt-pro" prefix=""
2026/03/09 22:23:36.244857 [INFO]  S3 ListObjects called bucket="airflowv2-clarity-mgmt-pro" prefix=""
2026/03/09 22:23:36.414838 [INFO]  S3 ListObjects returned 2 items
2026/03/09 22:23:36.414885 [DEBUG] loadObjects: 2 objects loaded, rendering
2026/03/09 22:23:36.414894 [DEBUG] render: buckets=75 objects=2 bucketIdx=2 objIdx=0
2026/03/09 22:23:37.117022 [DEBUG] key: bucket up (idx=2)
2026/03/09 22:23:37.117067 [INFO]  key: select bucket idx=1
2026/03/09 22:23:37.117076 [INFO]  loadObjects: bucket="airflowlogs-clarity-mgmt-pro" prefix=""
2026/03/09 22:23:37.117084 [INFO]  S3 ListObjects called bucket="airflowlogs-clarity-mgmt-pro" prefix=""
2026/03/09 22:23:37.177692 [INFO]  S3 ListObjects returned 4 items
2026/03/09 22:23:37.177731 [DEBUG] loadObjects: 4 objects loaded, rendering
2026/03/09 22:23:37.177738 [DEBUG] render: buckets=75 objects=4 bucketIdx=1 objIdx=0
2026/03/09 22:23:37.745092 [DEBUG] key: bucket up (idx=1)
2026/03/09 22:23:37.745125 [INFO]  key: select bucket idx=0
2026/03/09 22:23:37.745130 [INFO]  loadObjects: bucket="airflow-testing-clarity-mgmt" prefix=""
2026/03/09 22:23:37.745145 [INFO]  S3 ListObjects called bucket="airflow-testing-clarity-mgmt" prefix=""
2026/03/09 22:23:37.806070 [INFO]  S3 ListObjects returned 3 items
2026/03/09 22:23:37.806113 [DEBUG] loadObjects: 3 objects loaded, rendering
2026/03/09 22:23:37.806122 [DEBUG] render: buckets=75 objects=3 bucketIdx=0 objIdx=0
2026/03/09 22:23:38.249565 [DEBUG] key: bucket down (idx=0)
2026/03/09 22:23:38.249625 [INFO]  key: select bucket idx=1
2026/03/09 22:23:38.249634 [INFO]  loadObjects: bucket="airflowlogs-clarity-mgmt-pro" prefix=""
2026/03/09 22:23:38.249644 [INFO]  S3 ListObjects called bucket="airflowlogs-clarity-mgmt-pro" prefix=""
2026/03/09 22:23:38.311365 [INFO]  S3 ListObjects returned 4 items
2026/03/09 22:23:38.311402 [DEBUG] loadObjects: 4 objects loaded, rendering
2026/03/09 22:23:38.311410 [DEBUG] render: buckets=75 objects=4 bucketIdx=1 objIdx=0
2026/03/09 22:23:38.611531 [DEBUG] key: bucket down (idx=1)
2026/03/09 22:23:38.611574 [INFO]  key: select bucket idx=2
2026/03/09 22:23:38.611578 [INFO]  loadObjects: bucket="airflowv2-clarity-mgmt-pro" prefix=""
2026/03/09 22:23:38.611585 [INFO]  S3 ListObjects called bucket="airflowv2-clarity-mgmt-pro" prefix=""
2026/03/09 22:23:38.676086 [INFO]  S3 ListObjects returned 2 items
2026/03/09 22:23:38.676116 [DEBUG] loadObjects: 2 objects loaded, rendering
2026/03/09 22:23:38.676121 [DEBUG] render: buckets=75 objects=2 bucketIdx=2 objIdx=0
2026/03/09 22:23:38.971301 [DEBUG] key: bucket down (idx=2)
2026/03/09 22:23:38.971363 [INFO]  key: select bucket idx=3
2026/03/09 22:23:38.971370 [INFO]  loadObjects: bucket="argo-workflows-clarity-mgmt-pro" prefix=""
2026/03/09 22:23:38.971378 [INFO]  S3 ListObjects called bucket="argo-workflows-clarity-mgmt-pro" prefix=""
2026/03/09 22:23:39.242196 [INFO]  S3 ListObjects returned 1000 items
2026/03/09 22:23:39.242383 [DEBUG] loadObjects: 1000 objects loaded, rendering
2026/03/09 22:23:39.242388 [DEBUG] render: buckets=75 objects=1000 bucketIdx=3 objIdx=0
2026/03/09 22:23:39.573274 [DEBUG] key: bucket down (idx=3)
2026/03/09 22:23:39.573312 [INFO]  key: select bucket idx=4
2026/03/09 22:23:39.573316 [INFO]  loadObjects: bucket="artifacts-clarity-mgmt-pro" prefix=""
2026/03/09 22:23:39.573323 [INFO]  S3 ListObjects called bucket="artifacts-clarity-mgmt-pro" prefix=""
2026/03/09 22:23:39.738142 [INFO]  S3 ListObjects returned 11 items
2026/03/09 22:23:39.738194 [DEBUG] loadObjects: 11 objects loaded, rendering
2026/03/09 22:23:39.738203 [DEBUG] render: buckets=75 objects=11 bucketIdx=4 objIdx=0
2026/03/09 22:23:40.056068 [DEBUG] key: bucket down (idx=4)
2026/03/09 22:23:40.056118 [INFO]  key: select bucket idx=5
2026/03/09 22:23:40.056127 [INFO]  loadObjects: bucket="augmentedai-clarity-mgmt-pro" prefix=""
2026/03/09 22:23:40.056139 [INFO]  S3 ListObjects called bucket="augmentedai-clarity-mgmt-pro" prefix=""
2026/03/09 22:23:40.214972 [INFO]  S3 ListObjects returned 2 items
2026/03/09 22:23:40.215020 [DEBUG] loadObjects: 2 objects loaded, rendering
2026/03/09 22:23:40.215028 [DEBUG] render: buckets=75 objects=2 bucketIdx=5 objIdx=0
2026/03/09 22:23:40.490905 [DEBUG] key: bucket up (idx=5)
2026/03/09 22:23:40.490952 [INFO]  key: select bucket idx=4
2026/03/09 22:23:40.490961 [INFO]  loadObjects: bucket="artifacts-clarity-mgmt-pro" prefix=""
2026/03/09 22:23:40.490970 [INFO]  S3 ListObjects called bucket="artifacts-clarity-mgmt-pro" prefix=""
2026/03/09 22:23:40.553350 [INFO]  S3 ListObjects returned 11 items
2026/03/09 22:23:40.553408 [DEBUG] loadObjects: 11 objects loaded, rendering
2026/03/09 22:23:40.553416 [DEBUG] render: buckets=75 objects=11 bucketIdx=4 objIdx=0
2026/03/09 22:23:40.805237 [DEBUG] key: bucket up (idx=4)
2026/03/09 22:23:40.805375 [INFO]  key: select bucket idx=3
2026/03/09 22:23:40.805398 [INFO]  loadObjects: bucket="argo-workflows-clarity-mgmt-pro" prefix=""
2026/03/09 22:23:40.805407 [INFO]  S3 ListObjects called bucket="argo-workflows-clarity-mgmt-pro" prefix=""
2026/03/09 22:23:40.917684 [INFO]  S3 ListObjects returned 1000 items
2026/03/09 22:23:40.917727 [DEBUG] loadObjects: 1000 objects loaded, rendering
2026/03/09 22:23:40.917731 [DEBUG] render: buckets=75 objects=1000 bucketIdx=3 objIdx=0
2026/03/09 22:23:41.165356 [DEBUG] key: bucket up (idx=3)
2026/03/09 22:23:41.165607 [INFO]  key: select bucket idx=2
2026/03/09 22:23:41.165641 [INFO]  loadObjects: bucket="airflowv2-clarity-mgmt-pro" prefix=""
2026/03/09 22:23:41.165671 [INFO]  S3 ListObjects called bucket="airflowv2-clarity-mgmt-pro" prefix=""
2026/03/09 22:23:41.229536 [INFO]  S3 ListObjects returned 2 items
2026/03/09 22:23:41.229581 [DEBUG] loadObjects: 2 objects loaded, rendering
2026/03/09 22:23:41.229589 [DEBUG] render: buckets=75 objects=2 bucketIdx=2 objIdx=0
2026/03/09 22:23:41.569230 [DEBUG] key: bucket down (idx=2)
2026/03/09 22:23:41.569257 [INFO]  key: select bucket idx=3
2026/03/09 22:23:41.569265 [INFO]  loadObjects: bucket="argo-workflows-clarity-mgmt-pro" prefix=""
2026/03/09 22:23:41.569274 [INFO]  S3 ListObjects called bucket="argo-workflows-clarity-mgmt-pro" prefix=""
2026/03/09 22:23:41.647261 [INFO]  S3 ListObjects returned 1000 items
2026/03/09 22:23:41.647286 [DEBUG] loadObjects: 1000 objects loaded, rendering
2026/03/09 22:23:41.647289 [DEBUG] render: buckets=75 objects=1000 bucketIdx=3 objIdx=0
2026/03/09 22:23:41.720240 [DEBUG] key: bucket down (idx=3)
2026/03/09 22:23:41.720314 [INFO]  key: select bucket idx=4
2026/03/09 22:23:41.720321 [INFO]  loadObjects: bucket="artifacts-clarity-mgmt-pro" prefix=""
2026/03/09 22:23:41.720332 [INFO]  S3 ListObjects called bucket="artifacts-clarity-mgmt-pro" prefix=""
2026/03/09 22:23:41.784809 [INFO]  S3 ListObjects returned 11 items
2026/03/09 22:23:41.784859 [DEBUG] loadObjects: 11 objects loaded, rendering
2026/03/09 22:23:41.784869 [DEBUG] render: buckets=75 objects=11 bucketIdx=4 objIdx=0
2026/03/09 22:23:41.911615 [DEBUG] key: bucket down (idx=4)
2026/03/09 22:23:41.911649 [INFO]  key: select bucket idx=5
2026/03/09 22:23:41.911654 [INFO]  loadObjects: bucket="augmentedai-clarity-mgmt-pro" prefix=""
2026/03/09 22:23:41.911660 [INFO]  S3 ListObjects called bucket="augmentedai-clarity-mgmt-pro" prefix=""
2026/03/09 22:23:41.979059 [INFO]  S3 ListObjects returned 2 items
2026/03/09 22:23:41.979117 [DEBUG] loadObjects: 2 objects loaded, rendering
2026/03/09 22:23:41.979129 [DEBUG] render: buckets=75 objects=2 bucketIdx=5 objIdx=0
2026/03/09 22:23:42.249134 [DEBUG] key: bucket down (idx=5)
2026/03/09 22:23:42.249220 [INFO]  key: select bucket idx=6
2026/03/09 22:23:42.249232 [INFO]  loadObjects: bucket="aws-athena-query-results-913932804865-eu-central-1" prefix=""
2026/03/09 22:23:42.249253 [INFO]  S3 ListObjects called bucket="aws-athena-query-results-913932804865-eu-central-1" prefix=""
2026/03/09 22:23:42.442785 [INFO]  S3 ListObjects returned 1 items
2026/03/09 22:23:42.442815 [DEBUG] loadObjects: 1 objects loaded, rendering
2026/03/09 22:23:42.442819 [DEBUG] render: buckets=75 objects=1 bucketIdx=6 objIdx=0
2026/03/09 22:23:42.556655 [DEBUG] key: bucket up (idx=6)
2026/03/09 22:23:42.556710 [INFO]  key: select bucket idx=5
2026/03/09 22:23:42.556722 [INFO]  loadObjects: bucket="augmentedai-clarity-mgmt-pro" prefix=""
2026/03/09 22:23:42.556735 [INFO]  S3 ListObjects called bucket="augmentedai-clarity-mgmt-pro" prefix=""
2026/03/09 22:23:42.617112 [INFO]  S3 ListObjects returned 2 items
2026/03/09 22:23:42.617161 [DEBUG] loadObjects: 2 objects loaded, rendering
2026/03/09 22:23:42.617173 [DEBUG] render: buckets=75 objects=2 bucketIdx=5 objIdx=0
2026/03/09 22:23:42.850914 [DEBUG] key: bucket up (idx=5)
2026/03/09 22:23:42.850967 [INFO]  key: select bucket idx=4
2026/03/09 22:23:42.850979 [INFO]  loadObjects: bucket="artifacts-clarity-mgmt-pro" prefix=""
2026/03/09 22:23:42.850991 [INFO]  S3 ListObjects called bucket="artifacts-clarity-mgmt-pro" prefix=""
2026/03/09 22:23:42.919564 [INFO]  S3 ListObjects returned 11 items
2026/03/09 22:23:42.919616 [DEBUG] loadObjects: 11 objects loaded, rendering
2026/03/09 22:23:42.919627 [DEBUG] render: buckets=75 objects=11 bucketIdx=4 objIdx=0
2026/03/09 22:23:43.092352 [DEBUG] key: bucket up (idx=4)
2026/03/09 22:23:43.092443 [INFO]  key: select bucket idx=3
2026/03/09 22:23:43.092472 [INFO]  loadObjects: bucket="argo-workflows-clarity-mgmt-pro" prefix=""
2026/03/09 22:23:43.092485 [INFO]  S3 ListObjects called bucket="argo-workflows-clarity-mgmt-pro" prefix=""
2026/03/09 22:23:43.172513 [INFO]  S3 ListObjects returned 1000 items
2026/03/09 22:23:43.172530 [DEBUG] loadObjects: 1000 objects loaded, rendering
2026/03/09 22:23:43.172533 [DEBUG] render: buckets=75 objects=1000 bucketIdx=3 objIdx=0
2026/03/09 22:23:43.400315 [DEBUG] key: bucket up (idx=3)
2026/03/09 22:23:43.400409 [INFO]  key: select bucket idx=2
2026/03/09 22:23:43.400418 [INFO]  loadObjects: bucket="airflowv2-clarity-mgmt-pro" prefix=""
2026/03/09 22:23:43.400431 [INFO]  S3 ListObjects called bucket="airflowv2-clarity-mgmt-pro" prefix=""
2026/03/09 22:23:43.465076 [INFO]  S3 ListObjects returned 2 items
2026/03/09 22:23:43.465126 [DEBUG] loadObjects: 2 objects loaded, rendering
2026/03/09 22:23:43.465135 [DEBUG] render: buckets=75 objects=2 bucketIdx=2 objIdx=0
2026/03/09 22:23:43.791332 [DEBUG] key: bucket up (idx=2)
2026/03/09 22:23:43.791517 [INFO]  key: select bucket idx=1
2026/03/09 22:23:43.791534 [INFO]  loadObjects: bucket="airflowlogs-clarity-mgmt-pro" prefix=""
2026/03/09 22:23:43.791546 [INFO]  S3 ListObjects called bucket="airflowlogs-clarity-mgmt-pro" prefix=""
2026/03/09 22:23:43.850297 [INFO]  S3 ListObjects returned 4 items
2026/03/09 22:23:43.850345 [DEBUG] loadObjects: 4 objects loaded, rendering
2026/03/09 22:23:43.850349 [DEBUG] render: buckets=75 objects=4 bucketIdx=1 objIdx=0
2026/03/09 22:23:44.103552 [DEBUG] key: bucket up (idx=1)
2026/03/09 22:23:44.103597 [INFO]  key: select bucket idx=0
2026/03/09 22:23:44.103606 [INFO]  loadObjects: bucket="airflow-testing-clarity-mgmt" prefix=""
2026/03/09 22:23:44.103616 [INFO]  S3 ListObjects called bucket="airflow-testing-clarity-mgmt" prefix=""
2026/03/09 22:23:44.310948 [INFO]  S3 ListObjects returned 3 items
2026/03/09 22:23:44.311003 [DEBUG] loadObjects: 3 objects loaded, rendering
2026/03/09 22:23:44.311013 [DEBUG] render: buckets=75 objects=3 bucketIdx=0 objIdx=0
2026/03/09 22:23:44.586244 [DEBUG] key: bucket down (idx=0)
2026/03/09 22:23:44.586309 [INFO]  key: select bucket idx=1
2026/03/09 22:23:44.586314 [INFO]  loadObjects: bucket="airflowlogs-clarity-mgmt-pro" prefix=""
2026/03/09 22:23:44.586321 [INFO]  S3 ListObjects called bucket="airflowlogs-clarity-mgmt-pro" prefix=""
2026/03/09 22:23:44.638957 [INFO]  S3 ListObjects returned 4 items
2026/03/09 22:23:44.638989 [DEBUG] loadObjects: 4 objects loaded, rendering
2026/03/09 22:23:44.638993 [DEBUG] render: buckets=75 objects=4 bucketIdx=1 objIdx=0
2026/03/09 22:23:44.754706 [DEBUG] key: bucket down (idx=1)
2026/03/09 22:23:44.754751 [INFO]  key: select bucket idx=2
2026/03/09 22:23:44.754771 [INFO]  loadObjects: bucket="airflowv2-clarity-mgmt-pro" prefix=""
2026/03/09 22:23:44.754782 [INFO]  S3 ListObjects called bucket="airflowv2-clarity-mgmt-pro" prefix=""
2026/03/09 22:23:44.817668 [INFO]  S3 ListObjects returned 2 items
2026/03/09 22:23:44.817699 [DEBUG] loadObjects: 2 objects loaded, rendering
2026/03/09 22:23:44.817703 [DEBUG] render: buckets=75 objects=2 bucketIdx=2 objIdx=0
2026/03/09 22:23:44.969987 [DEBUG] key: bucket down (idx=2)
2026/03/09 22:23:44.970044 [INFO]  key: select bucket idx=3
2026/03/09 22:23:44.970054 [INFO]  loadObjects: bucket="argo-workflows-clarity-mgmt-pro" prefix=""
2026/03/09 22:23:44.970064 [INFO]  S3 ListObjects called bucket="argo-workflows-clarity-mgmt-pro" prefix=""
2026/03/09 22:23:45.044120 [INFO]  S3 ListObjects returned 1000 items
2026/03/09 22:23:45.044145 [DEBUG] loadObjects: 1000 objects loaded, rendering
2026/03/09 22:23:45.044148 [DEBUG] render: buckets=75 objects=1000 bucketIdx=3 objIdx=0
2026/03/09 22:23:45.158411 [DEBUG] key: bucket down (idx=3)
2026/03/09 22:23:45.158485 [INFO]  key: select bucket idx=4
2026/03/09 22:23:45.158492 [INFO]  loadObjects: bucket="artifacts-clarity-mgmt-pro" prefix=""
2026/03/09 22:23:45.158499 [INFO]  S3 ListObjects called bucket="artifacts-clarity-mgmt-pro" prefix=""
2026/03/09 22:23:45.228213 [INFO]  S3 ListObjects returned 11 items
2026/03/09 22:23:45.228254 [DEBUG] loadObjects: 11 objects loaded, rendering
2026/03/09 22:23:45.228264 [DEBUG] render: buckets=75 objects=11 bucketIdx=4 objIdx=0
2026/03/09 22:23:46.704407 [INFO]  key: quit
2026/03/09 22:23:46.704490 [INFO]  App exiting normally
2026/03/09 22:23:51.992434 [INFO]  App starting
2026/03/09 22:23:51.992996 [DEBUG] layout: first render, loading buckets
2026/03/09 22:23:51.993027 [INFO]  loadBuckets: listing buckets
2026/03/09 22:23:51.993033 [INFO]  S3 ListBuckets called
2026/03/09 22:23:52.360400 [INFO]  S3 ListBuckets returned 75 buckets
2026/03/09 22:23:52.360500 [INFO]  loadBuckets: got 75 buckets
2026/03/09 22:23:52.360511 [INFO]  loadObjects: bucket="airflow-testing-clarity-mgmt" prefix=""
2026/03/09 22:23:52.360521 [INFO]  S3 ListObjects called bucket="airflow-testing-clarity-mgmt" prefix=""
2026/03/09 22:23:52.521766 [INFO]  S3 ListObjects returned 3 items
2026/03/09 22:23:52.521808 [DEBUG] loadObjects: 3 objects loaded, rendering
2026/03/09 22:23:52.521817 [DEBUG] render: buckets=75 objects=3 bucketIdx=0 objIdx=0
2026/03/09 22:23:53.138489 [DEBUG] key: bucket down (idx=0)
2026/03/09 22:23:53.138511 [INFO]  key: select bucket idx=1
2026/03/09 22:23:53.138515 [INFO]  loadObjects: bucket="airflowlogs-clarity-mgmt-pro" prefix=""
2026/03/09 22:23:53.138520 [INFO]  S3 ListObjects called bucket="airflowlogs-clarity-mgmt-pro" prefix=""
2026/03/09 22:23:53.294016 [INFO]  S3 ListObjects returned 4 items
2026/03/09 22:23:53.294054 [DEBUG] loadObjects: 4 objects loaded, rendering
2026/03/09 22:23:53.294058 [DEBUG] render: buckets=75 objects=4 bucketIdx=1 objIdx=0
2026/03/09 22:23:53.620156 [DEBUG] key: bucket down (idx=1)
2026/03/09 22:23:53.620200 [INFO]  key: select bucket idx=2
2026/03/09 22:23:53.620213 [INFO]  loadObjects: bucket="airflowv2-clarity-mgmt-pro" prefix=""
2026/03/09 22:23:53.620218 [INFO]  S3 ListObjects called bucket="airflowv2-clarity-mgmt-pro" prefix=""
2026/03/09 22:23:53.784767 [INFO]  S3 ListObjects returned 2 items
2026/03/09 22:23:53.784816 [DEBUG] loadObjects: 2 objects loaded, rendering
2026/03/09 22:23:53.784820 [DEBUG] render: buckets=75 objects=2 bucketIdx=2 objIdx=0
2026/03/09 22:23:54.052256 [DEBUG] key: bucket down (idx=2)
2026/03/09 22:23:54.052321 [INFO]  key: select bucket idx=3
2026/03/09 22:23:54.052334 [INFO]  loadObjects: bucket="argo-workflows-clarity-mgmt-pro" prefix=""
2026/03/09 22:23:54.052349 [INFO]  S3 ListObjects called bucket="argo-workflows-clarity-mgmt-pro" prefix=""
2026/03/09 22:23:54.309374 [INFO]  S3 ListObjects returned 1000 items
2026/03/09 22:23:54.309414 [DEBUG] loadObjects: 1000 objects loaded, rendering
2026/03/09 22:23:54.309418 [DEBUG] render: buckets=75 objects=1000 bucketIdx=3 objIdx=0
2026/03/09 22:23:54.606493 [DEBUG] key: bucket down (idx=3)
2026/03/09 22:23:54.606539 [INFO]  key: select bucket idx=4
2026/03/09 22:23:54.606548 [INFO]  loadObjects: bucket="artifacts-clarity-mgmt-pro" prefix=""
2026/03/09 22:23:54.606559 [INFO]  S3 ListObjects called bucket="artifacts-clarity-mgmt-pro" prefix=""
2026/03/09 22:23:54.815990 [INFO]  S3 ListObjects returned 11 items
2026/03/09 22:23:54.816039 [DEBUG] loadObjects: 11 objects loaded, rendering
2026/03/09 22:23:54.816047 [DEBUG] render: buckets=75 objects=11 bucketIdx=4 objIdx=0
2026/03/09 22:23:55.329619 [DEBUG] key: bucket up (idx=4)
2026/03/09 22:23:55.329663 [INFO]  key: select bucket idx=3
2026/03/09 22:23:55.329678 [INFO]  loadObjects: bucket="argo-workflows-clarity-mgmt-pro" prefix=""
2026/03/09 22:23:55.329685 [INFO]  S3 ListObjects called bucket="argo-workflows-clarity-mgmt-pro" prefix=""
2026/03/09 22:23:55.449887 [INFO]  S3 ListObjects returned 1000 items
2026/03/09 22:23:55.449926 [DEBUG] loadObjects: 1000 objects loaded, rendering
2026/03/09 22:23:55.449934 [DEBUG] render: buckets=75 objects=1000 bucketIdx=3 objIdx=0
2026/03/09 22:23:55.878723 [DEBUG] key: bucket down (idx=3)
2026/03/09 22:23:55.878776 [INFO]  key: select bucket idx=4
2026/03/09 22:23:55.878785 [INFO]  loadObjects: bucket="artifacts-clarity-mgmt-pro" prefix=""
2026/03/09 22:23:55.878840 [INFO]  S3 ListObjects called bucket="artifacts-clarity-mgmt-pro" prefix=""
2026/03/09 22:23:55.951197 [INFO]  S3 ListObjects returned 11 items
2026/03/09 22:23:55.951241 [DEBUG] loadObjects: 11 objects loaded, rendering
2026/03/09 22:23:55.951250 [DEBUG] render: buckets=75 objects=11 bucketIdx=4 objIdx=0
2026/03/09 22:23:56.317740 [DEBUG] key: bucket down (idx=4)
2026/03/09 22:23:56.317787 [INFO]  key: select bucket idx=5
2026/03/09 22:23:56.317796 [INFO]  loadObjects: bucket="augmentedai-clarity-mgmt-pro" prefix=""
2026/03/09 22:23:56.317812 [INFO]  S3 ListObjects called bucket="augmentedai-clarity-mgmt-pro" prefix=""
2026/03/09 22:23:56.479788 [INFO]  S3 ListObjects returned 2 items
2026/03/09 22:23:56.479827 [DEBUG] loadObjects: 2 objects loaded, rendering
2026/03/09 22:23:56.479835 [DEBUG] render: buckets=75 objects=2 bucketIdx=5 objIdx=0
2026/03/09 22:23:56.487069 [DEBUG] key: bucket down (idx=5)
2026/03/09 22:23:56.487083 [INFO]  key: select bucket idx=6
2026/03/09 22:23:56.487086 [INFO]  loadObjects: bucket="aws-athena-query-results-913932804865-eu-central-1" prefix=""
2026/03/09 22:23:56.487090 [INFO]  S3 ListObjects called bucket="aws-athena-query-results-913932804865-eu-central-1" prefix=""
2026/03/09 22:23:56.639740 [INFO]  S3 ListObjects returned 1 items
2026/03/09 22:23:56.639804 [DEBUG] loadObjects: 1 objects loaded, rendering
2026/03/09 22:23:56.639813 [DEBUG] render: buckets=75 objects=1 bucketIdx=6 objIdx=0
2026/03/09 22:23:56.678436 [DEBUG] key: bucket down (idx=6)
2026/03/09 22:23:56.678465 [INFO]  key: select bucket idx=7
2026/03/09 22:23:56.678471 [INFO]  loadObjects: bucket="aws-athena-query-results-eu-central-1-913932804865" prefix=""
2026/03/09 22:23:56.678477 [INFO]  S3 ListObjects called bucket="aws-athena-query-results-eu-central-1-913932804865" prefix=""
2026/03/09 22:23:56.833729 [INFO]  S3 ListObjects returned 54 items
2026/03/09 22:23:56.833772 [DEBUG] loadObjects: 54 objects loaded, rendering
2026/03/09 22:23:56.833781 [DEBUG] render: buckets=75 objects=54 bucketIdx=7 objIdx=0
2026/03/09 22:23:57.131627 [DEBUG] key: bucket down (idx=7)
2026/03/09 22:23:57.131660 [INFO]  key: select bucket idx=8
2026/03/09 22:23:57.131666 [INFO]  loadObjects: bucket="aws-emr-resources-913932804865-eu-central-1" prefix=""
2026/03/09 22:23:57.131671 [INFO]  S3 ListObjects called bucket="aws-emr-resources-913932804865-eu-central-1" prefix=""
2026/03/09 22:23:57.296147 [INFO]  S3 ListObjects returned 0 items
2026/03/09 22:23:57.296207 [DEBUG] loadObjects: 0 objects loaded, rendering
2026/03/09 22:23:57.296218 [DEBUG] render: buckets=75 objects=0 bucketIdx=8 objIdx=0
2026/03/09 22:23:57.810995 [DEBUG] key: bucket down (idx=8)
2026/03/09 22:23:57.811042 [INFO]  key: select bucket idx=9
2026/03/09 22:23:57.811053 [INFO]  loadObjects: bucket="aws-logs-913932804865-eu-central-1" prefix=""
2026/03/09 22:23:57.811066 [INFO]  S3 ListObjects called bucket="aws-logs-913932804865-eu-central-1" prefix=""
2026/03/09 22:23:57.953084 [INFO]  S3 ListObjects returned 1 items
2026/03/09 22:23:57.953124 [DEBUG] loadObjects: 1 objects loaded, rendering
2026/03/09 22:23:57.953135 [DEBUG] render: buckets=75 objects=1 bucketIdx=9 objIdx=0
2026/03/09 22:23:58.438363 [DEBUG] key: bucket down (idx=9)
2026/03/09 22:23:58.438415 [INFO]  key: select bucket idx=10
2026/03/09 22:23:58.438427 [INFO]  loadObjects: bucket="backup-data-platform-clarity-mgmt-pro" prefix=""
2026/03/09 22:23:58.438439 [INFO]  S3 ListObjects called bucket="backup-data-platform-clarity-mgmt-pro" prefix=""
2026/03/09 22:23:58.583037 [INFO]  S3 ListObjects returned 10 items
2026/03/09 22:23:58.583088 [DEBUG] loadObjects: 10 objects loaded, rendering
2026/03/09 22:23:58.583100 [DEBUG] render: buckets=75 objects=10 bucketIdx=10 objIdx=0
2026/03/09 22:23:58.629411 [DEBUG] key: bucket down (idx=10)
2026/03/09 22:23:58.629436 [INFO]  key: select bucket idx=11
2026/03/09 22:23:58.629443 [INFO]  loadObjects: bucket="backup-reference-data-clarity-mgmt-pro" prefix=""
2026/03/09 22:23:58.629463 [INFO]  S3 ListObjects called bucket="backup-reference-data-clarity-mgmt-pro" prefix=""
2026/03/09 22:23:58.759399 [ERROR] S3 ListObjects failed: operation error S3: ListObjectsV2, https response error StatusCode: 403, RequestID: K8YHVGFF2ABXFDTM, HostID: i4dwXmFfrD+lkkhbOmBWvfDTM0SSdLndj79tFAc+fk5qjVIkLNuBSvxpRmvzv4D/vL+MkRuTkTYXYdYsosjFUYnJWAc75Y6i, api error AccessDenied: User: arn:aws:sts::913932804865:assumed-role/federateclarity/aws-go-sdk-1773091431993795155 is not authorized to perform: s3:ListBucket on resource: "arn:aws:s3:::backup-reference-data-clarity-mgmt-pro" with an explicit deny in a resource-based policy
2026/03/09 22:23:58.759444 [ERROR] loadObjects failed: operation error S3: ListObjectsV2, https response error StatusCode: 403, RequestID: K8YHVGFF2ABXFDTM, HostID: i4dwXmFfrD+lkkhbOmBWvfDTM0SSdLndj79tFAc+fk5qjVIkLNuBSvxpRmvzv4D/vL+MkRuTkTYXYdYsosjFUYnJWAc75Y6i, api error AccessDenied: User: arn:aws:sts::913932804865:assumed-role/federateclarity/aws-go-sdk-1773091431993795155 is not authorized to perform: s3:ListBucket on resource: "arn:aws:s3:::backup-reference-data-clarity-mgmt-pro" with an explicit deny in a resource-based policy
2026/03/09 22:23:58.871926 [DEBUG] key: bucket down (idx=11)
2026/03/09 22:23:58.871970 [INFO]  key: select bucket idx=12
2026/03/09 22:23:58.871994 [INFO]  loadObjects: bucket="chatcommands-mgmt" prefix=""
2026/03/09 22:23:58.872006 [INFO]  S3 ListObjects called bucket="chatcommands-mgmt" prefix=""
2026/03/09 22:23:59.036930 [INFO]  S3 ListObjects returned 3 items
2026/03/09 22:23:59.036977 [DEBUG] loadObjects: 3 objects loaded, rendering
2026/03/09 22:23:59.036985 [DEBUG] render: buckets=75 objects=3 bucketIdx=12 objIdx=0
2026/03/09 22:23:59.949649 [DEBUG] key: bucket up (idx=12)
2026/03/09 22:23:59.949685 [INFO]  key: select bucket idx=11
2026/03/09 22:23:59.949691 [INFO]  loadObjects: bucket="backup-reference-data-clarity-mgmt-pro" prefix=""
2026/03/09 22:23:59.949695 [INFO]  S3 ListObjects called bucket="backup-reference-data-clarity-mgmt-pro" prefix=""
2026/03/09 22:23:59.995415 [ERROR] S3 ListObjects failed: operation error S3: ListObjectsV2, https response error StatusCode: 403, RequestID: 9YWNAWPA51Z4KQ35, HostID: iqQOJBcB2pNW+WdNZhM6jvjNEhryqbZpiRutYPIzpE20pNwwDcnoUhDPEwUBddxHfBsXMRiYlcIOrGZM5hDXKZXbIE4O7iWW, api error AccessDenied: User: arn:aws:sts::913932804865:assumed-role/federateclarity/aws-go-sdk-1773091431993795155 is not authorized to perform: s3:ListBucket on resource: "arn:aws:s3:::backup-reference-data-clarity-mgmt-pro" with an explicit deny in a resource-based policy
2026/03/09 22:23:59.995501 [ERROR] loadObjects failed: operation error S3: ListObjectsV2, https response error StatusCode: 403, RequestID: 9YWNAWPA51Z4KQ35, HostID: iqQOJBcB2pNW+WdNZhM6jvjNEhryqbZpiRutYPIzpE20pNwwDcnoUhDPEwUBddxHfBsXMRiYlcIOrGZM5hDXKZXbIE4O7iWW, api error AccessDenied: User: arn:aws:sts::913932804865:assumed-role/federateclarity/aws-go-sdk-1773091431993795155 is not authorized to perform: s3:ListBucket on resource: "arn:aws:s3:::backup-reference-data-clarity-mgmt-pro" with an explicit deny in a resource-based policy
2026/03/09 22:24:01.423769 [DEBUG] key: bucket down (idx=11)
2026/03/09 22:24:01.423809 [INFO]  key: select bucket idx=12
2026/03/09 22:24:01.423815 [INFO]  loadObjects: bucket="chatcommands-mgmt" prefix=""
2026/03/09 22:24:01.423822 [INFO]  S3 ListObjects called bucket="chatcommands-mgmt" prefix=""
2026/03/09 22:24:01.481429 [INFO]  S3 ListObjects returned 3 items
2026/03/09 22:24:01.481496 [DEBUG] loadObjects: 3 objects loaded, rendering
2026/03/09 22:24:01.481508 [DEBUG] render: buckets=75 objects=3 bucketIdx=12 objIdx=0
2026/03/09 22:24:02.604363 [DEBUG] key: bucket down (idx=12)
2026/03/09 22:24:02.604440 [INFO]  key: select bucket idx=13
2026/03/09 22:24:02.604468 [INFO]  loadObjects: bucket="clar-assistant-performance-tracker-data-mgmt" prefix=""
2026/03/09 22:24:02.604519 [INFO]  S3 ListObjects called bucket="clar-assistant-performance-tracker-data-mgmt" prefix=""
2026/03/09 22:24:02.782093 [INFO]  S3 ListObjects returned 1 items
2026/03/09 22:24:02.782138 [DEBUG] loadObjects: 1 objects loaded, rendering
2026/03/09 22:24:02.782175 [DEBUG] render: buckets=75 objects=1 bucketIdx=13 objIdx=0
2026/03/09 22:24:09.515096 [DEBUG] key: bucket down (idx=13)
2026/03/09 22:24:09.515156 [INFO]  key: select bucket idx=14
2026/03/09 22:24:09.515167 [INFO]  loadObjects: bucket="clar-clarityai-assistant-chat-mgmt" prefix=""
2026/03/09 22:24:09.515179 [INFO]  S3 ListObjects called bucket="clar-clarityai-assistant-chat-mgmt" prefix=""
2026/03/09 22:24:09.692894 [INFO]  S3 ListObjects returned 2 items
2026/03/09 22:24:09.692949 [DEBUG] loadObjects: 2 objects loaded, rendering
2026/03/09 22:24:09.692957 [DEBUG] render: buckets=75 objects=2 bucketIdx=14 objIdx=0
2026/03/09 22:24:10.262930 [DEBUG] key: bucket down (idx=14)
2026/03/09 22:24:10.262982 [INFO]  key: select bucket idx=15
2026/03/09 22:24:10.262991 [INFO]  loadObjects: bucket="clar-clarityai-assistant-report-mgmt" prefix=""
2026/03/09 22:24:10.263000 [INFO]  S3 ListObjects called bucket="clar-clarityai-assistant-report-mgmt" prefix=""
2026/03/09 22:24:10.417968 [INFO]  S3 ListObjects returned 0 items
2026/03/09 22:24:10.417992 [DEBUG] loadObjects: 0 objects loaded, rendering
2026/03/09 22:24:10.417996 [DEBUG] render: buckets=75 objects=0 bucketIdx=15 objIdx=0
2026/03/09 22:24:10.914046 [DEBUG] key: bucket down (idx=15)
2026/03/09 22:24:10.914103 [INFO]  key: select bucket idx=16
2026/03/09 22:24:10.914112 [INFO]  loadObjects: bucket="clar-fast-api-app-another-test-mgmt" prefix=""
2026/03/09 22:24:10.914122 [INFO]  S3 ListObjects called bucket="clar-fast-api-app-another-test-mgmt" prefix=""
2026/03/09 22:24:11.090885 [INFO]  S3 ListObjects returned 0 items
2026/03/09 22:24:11.090934 [DEBUG] loadObjects: 0 objects loaded, rendering
2026/03/09 22:24:11.090941 [DEBUG] render: buckets=75 objects=0 bucketIdx=16 objIdx=0
2026/03/09 22:24:11.465384 [DEBUG] key: bucket down (idx=16)
2026/03/09 22:24:11.465441 [INFO]  key: select bucket idx=17
2026/03/09 22:24:11.465477 [INFO]  loadObjects: bucket="clar-fast-api-app-test-mgmt" prefix=""
2026/03/09 22:24:11.465497 [INFO]  S3 ListObjects called bucket="clar-fast-api-app-test-mgmt" prefix=""
2026/03/09 22:24:11.631663 [INFO]  S3 ListObjects returned 0 items
2026/03/09 22:24:11.631732 [DEBUG] loadObjects: 0 objects loaded, rendering
2026/03/09 22:24:11.631740 [DEBUG] render: buckets=75 objects=0 bucketIdx=17 objIdx=0
2026/03/09 22:24:12.068560 [DEBUG] key: bucket down (idx=17)
2026/03/09 22:24:12.068621 [INFO]  key: select bucket idx=18
2026/03/09 22:24:12.068626 [INFO]  loadObjects: bucket="clar-loki-chunks-mgmt" prefix=""
2026/03/09 22:24:12.068631 [INFO]  S3 ListObjects called bucket="clar-loki-chunks-mgmt" prefix=""
2026/03/09 22:24:12.230945 [INFO]  S3 ListObjects returned 3 items
2026/03/09 22:24:12.230997 [DEBUG] loadObjects: 3 objects loaded, rendering
2026/03/09 22:24:12.231001 [DEBUG] render: buckets=75 objects=3 bucketIdx=18 objIdx=0
2026/03/09 22:24:12.693809 [DEBUG] key: bucket down (idx=18)
2026/03/09 22:24:12.693850 [INFO]  key: select bucket idx=19
2026/03/09 22:24:12.693857 [INFO]  loadObjects: bucket="clar-loki-ruler-mgmt" prefix=""
2026/03/09 22:24:12.693867 [INFO]  S3 ListObjects called bucket="clar-loki-ruler-mgmt" prefix=""
2026/03/09 22:24:12.840135 [INFO]  S3 ListObjects returned 0 items
2026/03/09 22:24:12.840186 [DEBUG] loadObjects: 0 objects loaded, rendering
2026/03/09 22:24:12.840192 [DEBUG] render: buckets=75 objects=0 bucketIdx=19 objIdx=0
2026/03/09 22:24:13.729194 [DEBUG] key: bucket down (idx=19)
2026/03/09 22:24:13.729249 [INFO]  key: select bucket idx=20
2026/03/09 22:24:13.729259 [INFO]  loadObjects: bucket="clar-metrics-validation-workspace-mgmt" prefix=""
2026/03/09 22:24:13.729270 [INFO]  S3 ListObjects called bucket="clar-metrics-validation-workspace-mgmt" prefix=""
2026/03/09 22:24:13.905198 [INFO]  S3 ListObjects returned 200 items
2026/03/09 22:24:13.905254 [DEBUG] loadObjects: 200 objects loaded, rendering
2026/03/09 22:24:13.905265 [DEBUG] render: buckets=75 objects=200 bucketIdx=20 objIdx=0
2026/03/09 22:24:14.976138 [DEBUG] key: bucket down (idx=20)
2026/03/09 22:24:14.976200 [INFO]  key: select bucket idx=21
2026/03/09 22:24:14.976205 [INFO]  loadObjects: bucket="clar-mlflow-genai-artifacts-store-mgmt" prefix=""
2026/03/09 22:24:14.976210 [INFO]  S3 ListObjects called bucket="clar-mlflow-genai-artifacts-store-mgmt" prefix=""
2026/03/09 22:24:15.153017 [INFO]  S3 ListObjects returned 37 items
2026/03/09 22:24:15.153034 [DEBUG] loadObjects: 37 objects loaded, rendering
2026/03/09 22:24:15.153037 [DEBUG] render: buckets=75 objects=37 bucketIdx=21 objIdx=0
2026/03/09 22:24:15.438638 [DEBUG] key: bucket up (idx=21)
2026/03/09 22:24:15.438679 [INFO]  key: select bucket idx=20
2026/03/09 22:24:15.438685 [INFO]  loadObjects: bucket="clar-metrics-validation-workspace-mgmt" prefix=""
2026/03/09 22:24:15.438693 [INFO]  S3 ListObjects called bucket="clar-metrics-validation-workspace-mgmt" prefix=""
2026/03/09 22:24:15.496215 [INFO]  S3 ListObjects returned 200 items
2026/03/09 22:24:15.496249 [DEBUG] loadObjects: 200 objects loaded, rendering
2026/03/09 22:24:15.496255 [DEBUG] render: buckets=75 objects=200 bucketIdx=20 objIdx=0
2026/03/09 22:24:16.161037 [DEBUG] key: bucket up (idx=20)
2026/03/09 22:24:16.161074 [INFO]  key: select bucket idx=19
2026/03/09 22:24:16.161079 [INFO]  loadObjects: bucket="clar-loki-ruler-mgmt" prefix=""
2026/03/09 22:24:16.161084 [INFO]  S3 ListObjects called bucket="clar-loki-ruler-mgmt" prefix=""
2026/03/09 22:24:16.217782 [INFO]  S3 ListObjects returned 0 items
2026/03/09 22:24:16.217825 [DEBUG] loadObjects: 0 objects loaded, rendering
2026/03/09 22:24:16.217833 [DEBUG] render: buckets=75 objects=0 bucketIdx=19 objIdx=0
2026/03/09 22:26:00.179094 [DEBUG] key: bucket down (idx=19)
2026/03/09 22:26:00.179158 [INFO]  key: select bucket idx=20
2026/03/09 22:26:00.179165 [INFO]  loadObjects: bucket="clar-metrics-validation-workspace-mgmt" prefix=""
2026/03/09 22:26:00.179171 [INFO]  S3 ListObjects called bucket="clar-metrics-validation-workspace-mgmt" prefix=""
2026/03/09 22:26:00.336868 [INFO]  S3 ListObjects returned 200 items
2026/03/09 22:26:00.336899 [DEBUG] loadObjects: 200 objects loaded, rendering
2026/03/09 22:26:00.336905 [DEBUG] render: buckets=75 objects=200 bucketIdx=20 objIdx=0
2026/03/09 22:26:01.236995 [DEBUG] key: bucket up (idx=20)
2026/03/09 22:26:01.237066 [INFO]  key: select bucket idx=19
2026/03/09 22:26:01.237077 [INFO]  loadObjects: bucket="clar-loki-ruler-mgmt" prefix=""
2026/03/09 22:26:01.237090 [INFO]  S3 ListObjects called bucket="clar-loki-ruler-mgmt" prefix=""
2026/03/09 22:26:01.406425 [INFO]  S3 ListObjects returned 0 items
2026/03/09 22:26:01.406502 [DEBUG] loadObjects: 0 objects loaded, rendering
2026/03/09 22:26:01.406515 [DEBUG] render: buckets=75 objects=0 bucketIdx=19 objIdx=0
2026/03/09 22:26:01.719986 [DEBUG] key: bucket up (idx=19)
2026/03/09 22:26:01.720081 [INFO]  key: select bucket idx=18
2026/03/09 22:26:01.720092 [INFO]  loadObjects: bucket="clar-loki-chunks-mgmt" prefix=""
2026/03/09 22:26:01.720105 [INFO]  S3 ListObjects called bucket="clar-loki-chunks-mgmt" prefix=""
2026/03/09 22:26:01.880602 [INFO]  S3 ListObjects returned 3 items
2026/03/09 22:26:01.880636 [DEBUG] loadObjects: 3 objects loaded, rendering
2026/03/09 22:26:01.880641 [DEBUG] render: buckets=75 objects=3 bucketIdx=18 objIdx=0
2026/03/09 22:26:02.220968 [DEBUG] key: bucket up (idx=18)
2026/03/09 22:26:02.221012 [INFO]  key: select bucket idx=17
2026/03/09 22:26:02.221017 [INFO]  loadObjects: bucket="clar-fast-api-app-test-mgmt" prefix=""
2026/03/09 22:26:02.221024 [INFO]  S3 ListObjects called bucket="clar-fast-api-app-test-mgmt" prefix=""
2026/03/09 22:26:02.391685 [INFO]  S3 ListObjects returned 0 items
2026/03/09 22:26:02.391733 [DEBUG] loadObjects: 0 objects loaded, rendering
2026/03/09 22:26:02.391745 [DEBUG] render: buckets=75 objects=0 bucketIdx=17 objIdx=0
2026/03/09 22:26:02.780314 [DEBUG] key: bucket up (idx=17)
2026/03/09 22:26:02.780368 [INFO]  key: select bucket idx=16
2026/03/09 22:26:02.780381 [INFO]  loadObjects: bucket="clar-fast-api-app-another-test-mgmt" prefix=""
2026/03/09 22:26:02.780392 [INFO]  S3 ListObjects called bucket="clar-fast-api-app-another-test-mgmt" prefix=""
2026/03/09 22:26:02.954011 [INFO]  S3 ListObjects returned 0 items
2026/03/09 22:26:02.954058 [DEBUG] loadObjects: 0 objects loaded, rendering
2026/03/09 22:26:02.954065 [DEBUG] render: buckets=75 objects=0 bucketIdx=16 objIdx=0
2026/03/09 22:26:03.281591 [DEBUG] key: bucket up (idx=16)
2026/03/09 22:26:03.281637 [INFO]  key: select bucket idx=15
2026/03/09 22:26:03.281642 [INFO]  loadObjects: bucket="clar-clarityai-assistant-report-mgmt" prefix=""
2026/03/09 22:26:03.281648 [INFO]  S3 ListObjects called bucket="clar-clarityai-assistant-report-mgmt" prefix=""
2026/03/09 22:26:03.431748 [INFO]  S3 ListObjects returned 0 items
2026/03/09 22:26:03.431776 [DEBUG] loadObjects: 0 objects loaded, rendering
2026/03/09 22:26:03.431781 [DEBUG] render: buckets=75 objects=0 bucketIdx=15 objIdx=0
2026/03/09 22:26:03.647772 [DEBUG] key: bucket up (idx=15)
2026/03/09 22:26:03.647820 [INFO]  key: select bucket idx=14
2026/03/09 22:26:03.647828 [INFO]  loadObjects: bucket="clar-clarityai-assistant-chat-mgmt" prefix=""
2026/03/09 22:26:03.647836 [INFO]  S3 ListObjects called bucket="clar-clarityai-assistant-chat-mgmt" prefix=""
2026/03/09 22:26:03.809084 [INFO]  S3 ListObjects returned 2 items
2026/03/09 22:26:03.809151 [DEBUG] loadObjects: 2 objects loaded, rendering
2026/03/09 22:26:03.809155 [DEBUG] render: buckets=75 objects=2 bucketIdx=14 objIdx=0
2026/03/09 22:26:40.215186 [DEBUG] key: enter object idx=0
2026/03/09 22:26:40.215224 [INFO]  loadObjects: bucket="clar-clarityai-assistant-chat-mgmt" prefix="conversations/"
2026/03/09 22:26:40.215231 [INFO]  S3 ListObjects called bucket="clar-clarityai-assistant-chat-mgmt" prefix="conversations/"
2026/03/09 22:26:40.447398 [INFO]  S3 ListObjects returned 1 items
2026/03/09 22:26:40.447449 [DEBUG] loadObjects: 1 objects loaded, rendering
2026/03/09 22:26:40.447520 [DEBUG] render: buckets=75 objects=1 bucketIdx=14 objIdx=0
2026/03/09 22:26:41.539595 [DEBUG] key: enter object idx=0
2026/03/09 22:26:41.539636 [INFO]  loadObjects: bucket="clar-clarityai-assistant-chat-mgmt" prefix="conversations/661d4fd815d9a369f54ec8ea/"
2026/03/09 22:26:41.539642 [INFO]  S3 ListObjects called bucket="clar-clarityai-assistant-chat-mgmt" prefix="conversations/661d4fd815d9a369f54ec8ea/"
2026/03/09 22:26:41.657696 [INFO]  S3 ListObjects returned 244 items
2026/03/09 22:26:41.657723 [DEBUG] loadObjects: 244 objects loaded, rendering
2026/03/09 22:26:41.657727 [DEBUG] render: buckets=75 objects=244 bucketIdx=14 objIdx=0
2026/03/09 22:26:42.816633 [DEBUG] key: obj down (idx=0)
2026/03/09 22:26:42.816715 [DEBUG] render: buckets=75 objects=244 bucketIdx=14 objIdx=1
2026/03/09 22:26:43.182017 [DEBUG] key: enter object idx=1
2026/03/09 22:26:48.311098 [DEBUG] key: bucket down (idx=14)
2026/03/09 22:26:48.311158 [INFO]  key: select bucket idx=15
2026/03/09 22:26:48.311170 [INFO]  loadObjects: bucket="clar-clarityai-assistant-report-mgmt" prefix=""
2026/03/09 22:26:48.311183 [INFO]  S3 ListObjects called bucket="clar-clarityai-assistant-report-mgmt" prefix=""
2026/03/09 22:26:48.491746 [INFO]  S3 ListObjects returned 0 items
2026/03/09 22:26:48.491783 [DEBUG] loadObjects: 0 objects loaded, rendering
2026/03/09 22:26:48.491788 [DEBUG] render: buckets=75 objects=0 bucketIdx=15 objIdx=0
2026/03/09 22:26:49.515174 [DEBUG] key: bucket up (idx=15)
2026/03/09 22:26:49.515225 [INFO]  key: select bucket idx=14
2026/03/09 22:26:49.515234 [INFO]  loadObjects: bucket="clar-clarityai-assistant-chat-mgmt" prefix=""
2026/03/09 22:26:49.515244 [INFO]  S3 ListObjects called bucket="clar-clarityai-assistant-chat-mgmt" prefix=""
2026/03/09 22:26:49.685711 [INFO]  S3 ListObjects returned 2 items
2026/03/09 22:26:49.685790 [DEBUG] loadObjects: 2 objects loaded, rendering
2026/03/09 22:26:49.685801 [DEBUG] render: buckets=75 objects=2 bucketIdx=14 objIdx=0
2026/03/09 22:26:53.080130 [DEBUG] key: obj down (idx=0)
2026/03/09 22:26:53.080161 [DEBUG] render: buckets=75 objects=2 bucketIdx=14 objIdx=1
2026/03/09 22:26:53.609981 [DEBUG] key: obj down (idx=1)
2026/03/09 22:26:54.258916 [DEBUG] key: obj down (idx=1)
2026/03/09 22:26:55.218163 [DEBUG] key: obj down (idx=1)
2026/03/09 22:26:55.628310 [DEBUG] key: obj down (idx=1)
2026/03/09 22:26:55.964193 [DEBUG] key: obj up (idx=1)
2026/03/09 22:26:55.964232 [DEBUG] render: buckets=75 objects=2 bucketIdx=14 objIdx=0
2026/03/09 22:26:56.861811 [DEBUG] key: enter object idx=0
2026/03/09 22:26:56.861874 [INFO]  loadObjects: bucket="clar-clarityai-assistant-chat-mgmt" prefix="conversations/"
2026/03/09 22:26:56.861892 [INFO]  S3 ListObjects called bucket="clar-clarityai-assistant-chat-mgmt" prefix="conversations/"
2026/03/09 22:26:57.021398 [INFO]  S3 ListObjects returned 1 items
2026/03/09 22:26:57.021480 [DEBUG] loadObjects: 1 objects loaded, rendering
2026/03/09 22:26:57.021491 [DEBUG] render: buckets=75 objects=1 bucketIdx=14 objIdx=0
2026/03/09 22:26:58.473251 [DEBUG] key: enter object idx=0
2026/03/09 22:26:58.473298 [INFO]  loadObjects: bucket="clar-clarityai-assistant-chat-mgmt" prefix="conversations/661d4fd815d9a369f54ec8ea/"
2026/03/09 22:26:58.473315 [INFO]  S3 ListObjects called bucket="clar-clarityai-assistant-chat-mgmt" prefix="conversations/661d4fd815d9a369f54ec8ea/"
2026/03/09 22:26:58.580142 [INFO]  S3 ListObjects returned 244 items
2026/03/09 22:26:58.580175 [DEBUG] loadObjects: 244 objects loaded, rendering
2026/03/09 22:26:58.580181 [DEBUG] render: buckets=75 objects=244 bucketIdx=14 objIdx=0
2026/03/09 22:27:44.205824 [INFO]  key: quit
2026/03/09 22:27:44.205875 [INFO]  App exiting normally
2026/03/09 22:27:48.210056 [INFO]  App starting
2026/03/09 22:27:48.210594 [DEBUG] layout: first render, loading buckets
2026/03/09 22:27:48.210615 [INFO]  loadBuckets: listing buckets
2026/03/09 22:27:48.210622 [INFO]  S3 ListBuckets called
2026/03/09 22:27:48.646765 [INFO]  S3 ListBuckets returned 75 buckets
2026/03/09 22:27:48.646799 [INFO]  loadBuckets: got 75 buckets
2026/03/09 22:27:48.646804 [INFO]  loadObjects: bucket="airflow-testing-clarity-mgmt" prefix=""
2026/03/09 22:27:48.646811 [INFO]  S3 ListObjects called bucket="airflow-testing-clarity-mgmt" prefix=""
2026/03/09 22:27:48.807387 [INFO]  S3 ListObjects returned 3 items
2026/03/09 22:27:48.807549 [DEBUG] loadObjects: 3 objects loaded, rendering
2026/03/09 22:27:48.807561 [DEBUG] render: buckets=75 objects=3 bucketIdx=0 objIdx=0
2026/03/09 22:27:49.670290 [DEBUG] key: bucket down (idx=0)
2026/03/09 22:27:49.670349 [INFO]  key: select bucket idx=1
2026/03/09 22:27:49.670363 [INFO]  loadObjects: bucket="airflowlogs-clarity-mgmt-pro" prefix=""
2026/03/09 22:27:49.670377 [INFO]  S3 ListObjects called bucket="airflowlogs-clarity-mgmt-pro" prefix=""
2026/03/09 22:27:49.876120 [INFO]  S3 ListObjects returned 4 items
2026/03/09 22:27:49.876166 [DEBUG] loadObjects: 4 objects loaded, rendering
2026/03/09 22:27:49.876170 [DEBUG] render: buckets=75 objects=4 bucketIdx=1 objIdx=0
2026/03/09 22:27:51.097403 [DEBUG] key: obj down (idx=0)
2026/03/09 22:27:51.097515 [DEBUG] render: buckets=75 objects=4 bucketIdx=1 objIdx=1
2026/03/09 22:27:51.500390 [DEBUG] key: obj down (idx=1)
2026/03/09 22:27:51.500428 [DEBUG] render: buckets=75 objects=4 bucketIdx=1 objIdx=2
2026/03/09 22:27:52.059527 [DEBUG] key: obj down (idx=2)
2026/03/09 22:27:52.059602 [DEBUG] render: buckets=75 objects=4 bucketIdx=1 objIdx=3
2026/03/09 22:29:45.509988 [INFO]  key: quit
2026/03/09 22:29:45.510078 [INFO]  App exiting normally
2026/03/09 22:29:47.725743 [INFO]  App starting
2026/03/09 22:29:47.726148 [DEBUG] layout: first render, loading buckets
2026/03/09 22:29:47.726162 [INFO]  loadBuckets: listing buckets
2026/03/09 22:29:47.726165 [INFO]  S3 ListBuckets called
2026/03/09 22:29:48.103571 [INFO]  S3 ListBuckets returned 75 buckets
2026/03/09 22:29:48.103628 [INFO]  loadBuckets: got 75 buckets
2026/03/09 22:29:48.103643 [INFO]  loadObjects: bucket="airflow-testing-clarity-mgmt" prefix=""
2026/03/09 22:29:48.103654 [INFO]  S3 ListObjects called bucket="airflow-testing-clarity-mgmt" prefix=""
2026/03/09 22:29:48.263026 [INFO]  S3 ListObjects returned 3 items
2026/03/09 22:29:48.263099 [DEBUG] loadObjects: 3 objects loaded, rendering
2026/03/09 22:29:48.263132 [DEBUG] render: buckets=75 objects=3 bucketIdx=0 objIdx=0
2026/03/09 22:29:49.124387 [DEBUG] key: bucket down (idx=0)
2026/03/09 22:29:49.124435 [INFO]  key: select bucket idx=1
2026/03/09 22:29:49.124444 [INFO]  loadObjects: bucket="airflowlogs-clarity-mgmt-pro" prefix=""
2026/03/09 22:29:49.124479 [INFO]  S3 ListObjects called bucket="airflowlogs-clarity-mgmt-pro" prefix=""
2026/03/09 22:29:49.287272 [INFO]  S3 ListObjects returned 4 items
2026/03/09 22:29:49.287334 [DEBUG] loadObjects: 4 objects loaded, rendering
2026/03/09 22:29:49.287343 [DEBUG] render: buckets=75 objects=4 bucketIdx=1 objIdx=0
2026/03/09 22:29:49.938905 [DEBUG] key: bucket down (idx=1)
2026/03/09 22:29:49.938955 [INFO]  key: select bucket idx=2
2026/03/09 22:29:49.938964 [INFO]  loadObjects: bucket="airflowv2-clarity-mgmt-pro" prefix=""
2026/03/09 22:29:49.938973 [INFO]  S3 ListObjects called bucket="airflowv2-clarity-mgmt-pro" prefix=""
2026/03/09 22:29:50.142900 [INFO]  S3 ListObjects returned 2 items
2026/03/09 22:29:50.142918 [DEBUG] loadObjects: 2 objects loaded, rendering
2026/03/09 22:29:50.142921 [DEBUG] render: buckets=75 objects=2 bucketIdx=2 objIdx=0
2026/03/09 22:29:50.828809 [DEBUG] key: bucket down (idx=2)
2026/03/09 22:29:50.828898 [INFO]  key: select bucket idx=3
2026/03/09 22:29:50.828908 [INFO]  loadObjects: bucket="argo-workflows-clarity-mgmt-pro" prefix=""
2026/03/09 22:29:50.828917 [INFO]  S3 ListObjects called bucket="argo-workflows-clarity-mgmt-pro" prefix=""
2026/03/09 22:29:51.135339 [INFO]  S3 ListObjects returned 1000 items
2026/03/09 22:29:51.135363 [DEBUG] loadObjects: 1000 objects loaded, rendering
2026/03/09 22:29:51.135367 [DEBUG] render: buckets=75 objects=1000 bucketIdx=3 objIdx=0
2026/03/09 22:29:51.750969 [DEBUG] key: bucket down (idx=3)
2026/03/09 22:29:51.751142 [INFO]  key: select bucket idx=4
2026/03/09 22:29:51.751166 [INFO]  loadObjects: bucket="artifacts-clarity-mgmt-pro" prefix=""
2026/03/09 22:29:51.751194 [INFO]  S3 ListObjects called bucket="artifacts-clarity-mgmt-pro" prefix=""
2026/03/09 22:29:51.960370 [INFO]  S3 ListObjects returned 11 items
2026/03/09 22:29:51.960412 [DEBUG] loadObjects: 11 objects loaded, rendering
2026/03/09 22:29:51.960419 [DEBUG] render: buckets=75 objects=11 bucketIdx=4 objIdx=0
2026/03/09 22:29:52.978562 [DEBUG] key: bucket up (idx=4)
2026/03/09 22:29:52.978634 [INFO]  key: select bucket idx=3
2026/03/09 22:29:52.978640 [INFO]  loadObjects: bucket="argo-workflows-clarity-mgmt-pro" prefix=""
2026/03/09 22:29:52.978644 [INFO]  S3 ListObjects called bucket="argo-workflows-clarity-mgmt-pro" prefix=""
2026/03/09 22:29:53.100054 [INFO]  S3 ListObjects returned 1000 items
2026/03/09 22:29:53.100094 [DEBUG] loadObjects: 1000 objects loaded, rendering
2026/03/09 22:29:53.100098 [DEBUG] render: buckets=75 objects=1000 bucketIdx=3 objIdx=0
2026/03/09 22:29:54.181982 [DEBUG] key: bucket up (idx=3)
2026/03/09 22:29:54.182042 [INFO]  key: select bucket idx=2
2026/03/09 22:29:54.182047 [INFO]  loadObjects: bucket="airflowv2-clarity-mgmt-pro" prefix=""
2026/03/09 22:29:54.182055 [INFO]  S3 ListObjects called bucket="airflowv2-clarity-mgmt-pro" prefix=""
2026/03/09 22:29:54.236753 [INFO]  S3 ListObjects returned 2 items
2026/03/09 22:29:54.236813 [DEBUG] loadObjects: 2 objects loaded, rendering
2026/03/09 22:29:54.236820 [DEBUG] render: buckets=75 objects=2 bucketIdx=2 objIdx=0
2026/03/09 22:29:54.662234 [DEBUG] key: bucket down (idx=2)
2026/03/09 22:29:54.662287 [INFO]  key: select bucket idx=3
2026/03/09 22:29:54.662298 [INFO]  loadObjects: bucket="argo-workflows-clarity-mgmt-pro" prefix=""
2026/03/09 22:29:54.662309 [INFO]  S3 ListObjects called bucket="argo-workflows-clarity-mgmt-pro" prefix=""
2026/03/09 22:29:54.780968 [INFO]  S3 ListObjects returned 1000 items
2026/03/09 22:29:54.780997 [DEBUG] loadObjects: 1000 objects loaded, rendering
2026/03/09 22:29:54.781001 [DEBUG] render: buckets=75 objects=1000 bucketIdx=3 objIdx=0
2026/03/09 22:29:55.121647 [DEBUG] key: bucket up (idx=3)
2026/03/09 22:29:55.121689 [INFO]  key: select bucket idx=2
2026/03/09 22:29:55.121707 [INFO]  loadObjects: bucket="airflowv2-clarity-mgmt-pro" prefix=""
2026/03/09 22:29:55.121716 [INFO]  S3 ListObjects called bucket="airflowv2-clarity-mgmt-pro" prefix=""
2026/03/09 22:29:55.173354 [INFO]  S3 ListObjects returned 2 items
2026/03/09 22:29:55.173415 [DEBUG] loadObjects: 2 objects loaded, rendering
2026/03/09 22:29:55.173424 [DEBUG] render: buckets=75 objects=2 bucketIdx=2 objIdx=0
2026/03/09 22:29:56.518356 [DEBUG] key: obj down (idx=0)
2026/03/09 22:29:56.518398 [DEBUG] render: buckets=75 objects=2 bucketIdx=2 objIdx=1
2026/03/09 22:29:57.188518 [DEBUG] key: obj up (idx=1)
2026/03/09 22:29:57.188553 [DEBUG] render: buckets=75 objects=2 bucketIdx=2 objIdx=0
2026/03/09 22:29:57.645835 [DEBUG] key: obj down (idx=0)
2026/03/09 22:29:57.645884 [DEBUG] render: buckets=75 objects=2 bucketIdx=2 objIdx=1
2026/03/09 22:29:58.229514 [DEBUG] key: obj up (idx=1)
2026/03/09 22:29:58.229558 [DEBUG] render: buckets=75 objects=2 bucketIdx=2 objIdx=0
2026/03/09 22:29:58.710943 [DEBUG] key: obj down (idx=0)
2026/03/09 22:29:58.710990 [DEBUG] render: buckets=75 objects=2 bucketIdx=2 objIdx=1
2026/03/09 22:29:59.071632 [DEBUG] key: obj up (idx=1)
2026/03/09 22:29:59.071662 [DEBUG] render: buckets=75 objects=2 bucketIdx=2 objIdx=0
2026/03/09 22:29:59.264646 [DEBUG] key: enter object idx=0
2026/03/09 22:29:59.264701 [INFO]  loadObjects: bucket="airflowv2-clarity-mgmt-pro" prefix="logs/"
2026/03/09 22:29:59.264725 [INFO]  S3 ListObjects called bucket="airflowv2-clarity-mgmt-pro" prefix="logs/"
2026/03/09 22:30:00.272560 [INFO]  S3 ListObjects returned 1000 items
2026/03/09 22:30:00.272604 [DEBUG] loadObjects: 1000 objects loaded, rendering
2026/03/09 22:30:00.272608 [DEBUG] render: buckets=75 objects=1000 bucketIdx=2 objIdx=0
2026/03/09 22:30:00.759928 [DEBUG] key: obj down (idx=0)
2026/03/09 22:30:00.759976 [DEBUG] render: buckets=75 objects=1000 bucketIdx=2 objIdx=1
2026/03/09 22:30:01.072564 [DEBUG] key: obj down (idx=1)
2026/03/09 22:30:01.072610 [DEBUG] render: buckets=75 objects=1000 bucketIdx=2 objIdx=2
2026/03/09 22:30:01.454308 [DEBUG] key: obj down (idx=2)
2026/03/09 22:30:01.454362 [DEBUG] render: buckets=75 objects=1000 bucketIdx=2 objIdx=3
2026/03/09 22:30:01.771716 [DEBUG] key: obj down (idx=3)
2026/03/09 22:30:01.771771 [DEBUG] render: buckets=75 objects=1000 bucketIdx=2 objIdx=4
2026/03/09 22:30:02.204896 [DEBUG] key: obj up (idx=4)
2026/03/09 22:30:02.204955 [DEBUG] render: buckets=75 objects=1000 bucketIdx=2 objIdx=3
2026/03/09 22:30:02.396664 [DEBUG] key: obj up (idx=3)
2026/03/09 22:30:02.396731 [DEBUG] render: buckets=75 objects=1000 bucketIdx=2 objIdx=2
2026/03/09 22:30:02.565507 [DEBUG] key: obj up (idx=2)
2026/03/09 22:30:02.565553 [DEBUG] render: buckets=75 objects=1000 bucketIdx=2 objIdx=1
2026/03/09 22:30:02.879489 [DEBUG] key: obj down (idx=1)
2026/03/09 22:30:02.879568 [DEBUG] render: buckets=75 objects=1000 bucketIdx=2 objIdx=2
2026/03/09 22:30:03.066162 [DEBUG] key: obj down (idx=2)
2026/03/09 22:30:03.066246 [DEBUG] render: buckets=75 objects=1000 bucketIdx=2 objIdx=3
2026/03/09 22:30:03.236068 [DEBUG] key: obj down (idx=3)
2026/03/09 22:30:03.236148 [DEBUG] render: buckets=75 objects=1000 bucketIdx=2 objIdx=4
2026/03/09 22:30:03.380390 [DEBUG] key: obj down (idx=4)
2026/03/09 22:30:03.380484 [DEBUG] render: buckets=75 objects=1000 bucketIdx=2 objIdx=5
2026/03/09 22:30:03.528589 [DEBUG] key: obj down (idx=5)
2026/03/09 22:30:03.528653 [DEBUG] render: buckets=75 objects=1000 bucketIdx=2 objIdx=6
2026/03/09 22:30:03.697618 [DEBUG] key: obj down (idx=6)
2026/03/09 22:30:03.697689 [DEBUG] render: buckets=75 objects=1000 bucketIdx=2 objIdx=7
2026/03/09 22:30:03.843214 [DEBUG] key: obj down (idx=7)
2026/03/09 22:30:03.843288 [DEBUG] render: buckets=75 objects=1000 bucketIdx=2 objIdx=8
2026/03/09 22:30:04.110938 [DEBUG] key: obj up (idx=8)
2026/03/09 22:30:04.111008 [DEBUG] render: buckets=75 objects=1000 bucketIdx=2 objIdx=7
2026/03/09 22:30:04.276806 [DEBUG] key: obj up (idx=7)
2026/03/09 22:30:04.276895 [DEBUG] render: buckets=75 objects=1000 bucketIdx=2 objIdx=6
2026/03/09 22:30:04.421164 [DEBUG] key: obj up (idx=6)
2026/03/09 22:30:04.421296 [DEBUG] render: buckets=75 objects=1000 bucketIdx=2 objIdx=5
2026/03/09 22:30:04.566651 [DEBUG] key: obj up (idx=5)
2026/03/09 22:30:04.566739 [DEBUG] render: buckets=75 objects=1000 bucketIdx=2 objIdx=4
2026/03/09 22:30:04.711623 [DEBUG] key: obj up (idx=4)
2026/03/09 22:30:04.711698 [DEBUG] render: buckets=75 objects=1000 bucketIdx=2 objIdx=3
2026/03/09 22:30:04.850760 [DEBUG] key: obj up (idx=3)
2026/03/09 22:30:04.850812 [DEBUG] render: buckets=75 objects=1000 bucketIdx=2 objIdx=2
2026/03/09 22:30:04.976722 [DEBUG] key: obj up (idx=2)
2026/03/09 22:30:04.976786 [DEBUG] render: buckets=75 objects=1000 bucketIdx=2 objIdx=1
2026/03/09 22:30:05.096276 [DEBUG] key: obj up (idx=1)
2026/03/09 22:30:05.096322 [DEBUG] render: buckets=75 objects=1000 bucketIdx=2 objIdx=0
2026/03/09 22:30:05.260876 [DEBUG] key: obj up (idx=0)
2026/03/09 22:30:05.405853 [DEBUG] key: obj up (idx=0)
2026/03/09 22:30:05.942088 [DEBUG] key: obj down (idx=0)
2026/03/09 22:30:05.942145 [DEBUG] render: buckets=75 objects=1000 bucketIdx=2 objIdx=1
2026/03/09 22:30:06.127565 [DEBUG] key: obj down (idx=1)
2026/03/09 22:30:06.127647 [DEBUG] render: buckets=75 objects=1000 bucketIdx=2 objIdx=2
2026/03/09 22:30:06.296563 [DEBUG] key: obj down (idx=2)
2026/03/09 22:30:06.296634 [DEBUG] render: buckets=75 objects=1000 bucketIdx=2 objIdx=3
2026/03/09 22:30:06.441892 [DEBUG] key: obj down (idx=3)
2026/03/09 22:30:06.441958 [DEBUG] render: buckets=75 objects=1000 bucketIdx=2 objIdx=4
2026/03/09 22:30:07.362889 [DEBUG] key: bucket down (idx=2)
2026/03/09 22:30:07.362943 [INFO]  key: select bucket idx=3
2026/03/09 22:30:07.362947 [INFO]  loadObjects: bucket="argo-workflows-clarity-mgmt-pro" prefix=""
2026/03/09 22:30:07.362953 [INFO]  S3 ListObjects called bucket="argo-workflows-clarity-mgmt-pro" prefix=""
2026/03/09 22:30:07.633391 [INFO]  S3 ListObjects returned 1000 items
2026/03/09 22:30:07.633428 [DEBUG] loadObjects: 1000 objects loaded, rendering
2026/03/09 22:30:07.633431 [DEBUG] render: buckets=75 objects=1000 bucketIdx=3 objIdx=0
2026/03/09 22:30:07.637864 [DEBUG] key: bucket down (idx=3)
2026/03/09 22:30:07.637954 [INFO]  key: select bucket idx=4
2026/03/09 22:30:07.637972 [INFO]  loadObjects: bucket="artifacts-clarity-mgmt-pro" prefix=""
2026/03/09 22:30:07.637994 [INFO]  S3 ListObjects called bucket="artifacts-clarity-mgmt-pro" prefix=""
2026/03/09 22:30:07.816614 [INFO]  S3 ListObjects returned 11 items
2026/03/09 22:30:07.816677 [DEBUG] loadObjects: 11 objects loaded, rendering
2026/03/09 22:30:07.816685 [DEBUG] render: buckets=75 objects=11 bucketIdx=4 objIdx=0
2026/03/09 22:30:07.817117 [DEBUG] key: bucket down (idx=4)
2026/03/09 22:30:07.817131 [INFO]  key: select bucket idx=5
2026/03/09 22:30:07.817138 [INFO]  loadObjects: bucket="augmentedai-clarity-mgmt-pro" prefix=""
2026/03/09 22:30:07.817147 [INFO]  S3 ListObjects called bucket="augmentedai-clarity-mgmt-pro" prefix=""
2026/03/09 22:30:08.008858 [INFO]  S3 ListObjects returned 2 items
2026/03/09 22:30:08.008909 [DEBUG] loadObjects: 2 objects loaded, rendering
2026/03/09 22:30:08.008917 [DEBUG] render: buckets=75 objects=2 bucketIdx=5 objIdx=0
2026/03/09 22:30:08.009322 [DEBUG] key: bucket down (idx=5)
2026/03/09 22:30:08.009335 [INFO]  key: select bucket idx=6
2026/03/09 22:30:08.009341 [INFO]  loadObjects: bucket="aws-athena-query-results-913932804865-eu-central-1" prefix=""
2026/03/09 22:30:08.009348 [INFO]  S3 ListObjects called bucket="aws-athena-query-results-913932804865-eu-central-1" prefix=""
2026/03/09 22:30:08.179052 [INFO]  S3 ListObjects returned 1 items
2026/03/09 22:30:08.179095 [DEBUG] loadObjects: 1 objects loaded, rendering
2026/03/09 22:30:08.179102 [DEBUG] render: buckets=75 objects=1 bucketIdx=6 objIdx=0
2026/03/09 22:30:08.179703 [DEBUG] key: bucket down (idx=6)
2026/03/09 22:30:08.179734 [INFO]  key: select bucket idx=7
2026/03/09 22:30:08.179742 [INFO]  loadObjects: bucket="aws-athena-query-results-eu-central-1-913932804865" prefix=""
2026/03/09 22:30:08.179749 [INFO]  S3 ListObjects called bucket="aws-athena-query-results-eu-central-1-913932804865" prefix=""
2026/03/09 22:30:08.370471 [INFO]  S3 ListObjects returned 54 items
2026/03/09 22:30:08.370517 [DEBUG] loadObjects: 54 objects loaded, rendering
2026/03/09 22:30:08.370525 [DEBUG] render: buckets=75 objects=54 bucketIdx=7 objIdx=0
2026/03/09 22:30:08.371326 [DEBUG] key: bucket down (idx=7)
2026/03/09 22:30:08.371333 [INFO]  key: select bucket idx=8
2026/03/09 22:30:08.371335 [INFO]  loadObjects: bucket="aws-emr-resources-913932804865-eu-central-1" prefix=""
2026/03/09 22:30:08.371339 [INFO]  S3 ListObjects called bucket="aws-emr-resources-913932804865-eu-central-1" prefix=""
2026/03/09 22:30:08.559682 [INFO]  S3 ListObjects returned 0 items
2026/03/09 22:30:08.559939 [DEBUG] loadObjects: 0 objects loaded, rendering
2026/03/09 22:30:08.559947 [DEBUG] render: buckets=75 objects=0 bucketIdx=8 objIdx=0
2026/03/09 22:30:08.560433 [DEBUG] key: bucket down (idx=8)
2026/03/09 22:30:08.560449 [INFO]  key: select bucket idx=9
2026/03/09 22:30:08.560474 [INFO]  loadObjects: bucket="aws-logs-913932804865-eu-central-1" prefix=""
2026/03/09 22:30:08.560484 [INFO]  S3 ListObjects called bucket="aws-logs-913932804865-eu-central-1" prefix=""
2026/03/09 22:30:08.748042 [INFO]  S3 ListObjects returned 1 items
2026/03/09 22:30:08.748086 [DEBUG] loadObjects: 1 objects loaded, rendering
2026/03/09 22:30:08.748095 [DEBUG] render: buckets=75 objects=1 bucketIdx=9 objIdx=0
2026/03/09 22:30:08.748644 [DEBUG] key: bucket down (idx=9)
2026/03/09 22:30:08.748660 [INFO]  key: select bucket idx=10
2026/03/09 22:30:08.748666 [INFO]  loadObjects: bucket="backup-data-platform-clarity-mgmt-pro" prefix=""
2026/03/09 22:30:08.748673 [INFO]  S3 ListObjects called bucket="backup-data-platform-clarity-mgmt-pro" prefix=""
2026/03/09 22:30:08.967679 [INFO]  S3 ListObjects returned 10 items
2026/03/09 22:30:08.967732 [DEBUG] loadObjects: 10 objects loaded, rendering
2026/03/09 22:30:08.967737 [DEBUG] render: buckets=75 objects=10 bucketIdx=10 objIdx=0
2026/03/09 22:30:13.288027 [DEBUG] key: bucket up (idx=10)
2026/03/09 22:30:13.288073 [INFO]  key: select bucket idx=9
2026/03/09 22:30:13.288079 [INFO]  loadObjects: bucket="aws-logs-913932804865-eu-central-1" prefix=""
2026/03/09 22:30:13.288083 [INFO]  S3 ListObjects called bucket="aws-logs-913932804865-eu-central-1" prefix=""
2026/03/09 22:30:13.347974 [INFO]  S3 ListObjects returned 1 items
2026/03/09 22:30:13.348017 [DEBUG] loadObjects: 1 objects loaded, rendering
2026/03/09 22:30:13.348025 [DEBUG] render: buckets=75 objects=1 bucketIdx=9 objIdx=0
2026/03/09 22:30:13.720914 [DEBUG] key: bucket down (idx=9)
2026/03/09 22:30:13.720963 [INFO]  key: select bucket idx=10
2026/03/09 22:30:13.720972 [INFO]  loadObjects: bucket="backup-data-platform-clarity-mgmt-pro" prefix=""
2026/03/09 22:30:13.720982 [INFO]  S3 ListObjects called bucket="backup-data-platform-clarity-mgmt-pro" prefix=""
2026/03/09 22:30:13.777653 [INFO]  S3 ListObjects returned 10 items
2026/03/09 22:30:13.777706 [DEBUG] loadObjects: 10 objects loaded, rendering
2026/03/09 22:30:13.777725 [DEBUG] render: buckets=75 objects=10 bucketIdx=10 objIdx=0
2026/03/09 22:30:13.961292 [DEBUG] key: bucket down (idx=10)
2026/03/09 22:30:13.961326 [INFO]  key: select bucket idx=11
2026/03/09 22:30:13.961332 [INFO]  loadObjects: bucket="backup-reference-data-clarity-mgmt-pro" prefix=""
2026/03/09 22:30:13.961337 [INFO]  S3 ListObjects called bucket="backup-reference-data-clarity-mgmt-pro" prefix=""
2026/03/09 22:30:14.115065 [ERROR] S3 ListObjects failed: operation error S3: ListObjectsV2, https response error StatusCode: 403, RequestID: 8YA3NN1H899JVF5X, HostID: KkxOzJFlK82DRcC2EqtYks5JPVAnY/iVaKAdex5PAVx91gy0CMypXeW/XRoG3vW+K8IAJtPN5sfULFmMax6BpfFmyZVZAdUW5y1Sg2Y4hzc=, api error AccessDenied: User: arn:aws:sts::913932804865:assumed-role/federateclarity/aws-go-sdk-1773091787726373579 is not authorized to perform: s3:ListBucket on resource: "arn:aws:s3:::backup-reference-data-clarity-mgmt-pro" with an explicit deny in a resource-based policy
2026/03/09 22:30:14.115132 [ERROR] loadObjects failed: operation error S3: ListObjectsV2, https response error StatusCode: 403, RequestID: 8YA3NN1H899JVF5X, HostID: KkxOzJFlK82DRcC2EqtYks5JPVAnY/iVaKAdex5PAVx91gy0CMypXeW/XRoG3vW+K8IAJtPN5sfULFmMax6BpfFmyZVZAdUW5y1Sg2Y4hzc=, api error AccessDenied: User: arn:aws:sts::913932804865:assumed-role/federateclarity/aws-go-sdk-1773091787726373579 is not authorized to perform: s3:ListBucket on resource: "arn:aws:s3:::backup-reference-data-clarity-mgmt-pro" with an explicit deny in a resource-based policy
2026/03/09 22:30:14.132261 [DEBUG] key: bucket down (idx=11)
2026/03/09 22:30:14.132297 [INFO]  key: select bucket idx=12
2026/03/09 22:30:14.132306 [INFO]  loadObjects: bucket="chatcommands-mgmt" prefix=""
2026/03/09 22:30:14.132315 [INFO]  S3 ListObjects called bucket="chatcommands-mgmt" prefix=""
2026/03/09 22:30:14.318887 [INFO]  S3 ListObjects returned 3 items
2026/03/09 22:30:14.318931 [DEBUG] loadObjects: 3 objects loaded, rendering
2026/03/09 22:30:14.318940 [DEBUG] render: buckets=75 objects=3 bucketIdx=12 objIdx=0
2026/03/09 22:30:14.419298 [DEBUG] key: bucket down (idx=12)
2026/03/09 22:30:14.419345 [INFO]  key: select bucket idx=13
2026/03/09 22:30:14.419355 [INFO]  loadObjects: bucket="clar-assistant-performance-tracker-data-mgmt" prefix=""
2026/03/09 22:30:14.419369 [INFO]  S3 ListObjects called bucket="clar-assistant-performance-tracker-data-mgmt" prefix=""
2026/03/09 22:30:14.608779 [INFO]  S3 ListObjects returned 1 items
2026/03/09 22:30:14.608821 [DEBUG] loadObjects: 1 objects loaded, rendering
2026/03/09 22:30:14.608831 [DEBUG] render: buckets=75 objects=1 bucketIdx=13 objIdx=0
2026/03/09 22:30:15.022620 [DEBUG] key: bucket down (idx=13)
2026/03/09 22:30:15.022689 [INFO]  key: select bucket idx=14
2026/03/09 22:30:15.022702 [INFO]  loadObjects: bucket="clar-clarityai-assistant-chat-mgmt" prefix=""
2026/03/09 22:30:15.022721 [INFO]  S3 ListObjects called bucket="clar-clarityai-assistant-chat-mgmt" prefix=""
2026/03/09 22:30:15.171314 [INFO]  S3 ListObjects returned 2 items
2026/03/09 22:30:15.171347 [DEBUG] loadObjects: 2 objects loaded, rendering
2026/03/09 22:30:15.171352 [DEBUG] render: buckets=75 objects=2 bucketIdx=14 objIdx=0
2026/03/09 22:30:15.672256 [DEBUG] key: bucket up (idx=14)
2026/03/09 22:30:15.672283 [INFO]  key: select bucket idx=13
2026/03/09 22:30:15.672286 [INFO]  loadObjects: bucket="clar-assistant-performance-tracker-data-mgmt" prefix=""
2026/03/09 22:30:15.672290 [INFO]  S3 ListObjects called bucket="clar-assistant-performance-tracker-data-mgmt" prefix=""
2026/03/09 22:30:15.736151 [INFO]  S3 ListObjects returned 1 items
2026/03/09 22:30:15.736179 [DEBUG] loadObjects: 1 objects loaded, rendering
2026/03/09 22:30:15.736184 [DEBUG] render: buckets=75 objects=1 bucketIdx=13 objIdx=0
2026/03/09 22:30:15.815142 [DEBUG] key: bucket up (idx=13)
2026/03/09 22:30:15.815206 [INFO]  key: select bucket idx=12
2026/03/09 22:30:15.815213 [INFO]  loadObjects: bucket="chatcommands-mgmt" prefix=""
2026/03/09 22:30:15.815220 [INFO]  S3 ListObjects called bucket="chatcommands-mgmt" prefix=""
2026/03/09 22:30:15.868328 [INFO]  S3 ListObjects returned 3 items
2026/03/09 22:30:15.868360 [DEBUG] loadObjects: 3 objects loaded, rendering
2026/03/09 22:30:15.868365 [DEBUG] render: buckets=75 objects=3 bucketIdx=12 objIdx=0
2026/03/09 22:30:16.008086 [DEBUG] key: bucket up (idx=12)
2026/03/09 22:30:16.008126 [INFO]  key: select bucket idx=11
2026/03/09 22:30:16.008134 [INFO]  loadObjects: bucket="backup-reference-data-clarity-mgmt-pro" prefix=""
2026/03/09 22:30:16.008143 [INFO]  S3 ListObjects called bucket="backup-reference-data-clarity-mgmt-pro" prefix=""
2026/03/09 22:30:16.056697 [ERROR] S3 ListObjects failed: operation error S3: ListObjectsV2, https response error StatusCode: 403, RequestID: N3X88M50A9519D3E, HostID: bt5CEm36Q/WZUV1ZR03arvDs2OdmpTVAFZnxAE7GEltUx58sqwqqIRK2PxptLOT7GJR0W0Yj8Pgd2Hl0Qp1uaInRnx4iJwlA3XGugX+hKjk=, api error AccessDenied: User: arn:aws:sts::913932804865:assumed-role/federateclarity/aws-go-sdk-1773091787726373579 is not authorized to perform: s3:ListBucket on resource: "arn:aws:s3:::backup-reference-data-clarity-mgmt-pro" with an explicit deny in a resource-based policy
2026/03/09 22:30:16.056781 [ERROR] loadObjects failed: operation error S3: ListObjectsV2, https response error StatusCode: 403, RequestID: N3X88M50A9519D3E, HostID: bt5CEm36Q/WZUV1ZR03arvDs2OdmpTVAFZnxAE7GEltUx58sqwqqIRK2PxptLOT7GJR0W0Yj8Pgd2Hl0Qp1uaInRnx4iJwlA3XGugX+hKjk=, api error AccessDenied: User: arn:aws:sts::913932804865:assumed-role/federateclarity/aws-go-sdk-1773091787726373579 is not authorized to perform: s3:ListBucket on resource: "arn:aws:s3:::backup-reference-data-clarity-mgmt-pro" with an explicit deny in a resource-based policy
2026/03/09 22:30:16.201086 [DEBUG] key: bucket up (idx=11)
2026/03/09 22:30:16.201141 [INFO]  key: select bucket idx=10
2026/03/09 22:30:16.201150 [INFO]  loadObjects: bucket="backup-data-platform-clarity-mgmt-pro" prefix=""
2026/03/09 22:30:16.201159 [INFO]  S3 ListObjects called bucket="backup-data-platform-clarity-mgmt-pro" prefix=""
2026/03/09 22:30:16.264390 [INFO]  S3 ListObjects returned 10 items
2026/03/09 22:30:16.264419 [DEBUG] loadObjects: 10 objects loaded, rendering
2026/03/09 22:30:16.264424 [DEBUG] render: buckets=75 objects=10 bucketIdx=10 objIdx=0
2026/03/09 22:30:16.395406 [DEBUG] key: bucket up (idx=10)
2026/03/09 22:30:16.395476 [INFO]  key: select bucket idx=9
2026/03/09 22:30:16.395488 [INFO]  loadObjects: bucket="aws-logs-913932804865-eu-central-1" prefix=""
2026/03/09 22:30:16.395496 [INFO]  S3 ListObjects called bucket="aws-logs-913932804865-eu-central-1" prefix=""
2026/03/09 22:30:16.453078 [INFO]  S3 ListObjects returned 1 items
2026/03/09 22:30:16.453115 [DEBUG] loadObjects: 1 objects loaded, rendering
2026/03/09 22:30:16.453122 [DEBUG] render: buckets=75 objects=1 bucketIdx=9 objIdx=0
2026/03/09 22:30:17.021427 [DEBUG] key: bucket up (idx=9)
2026/03/09 22:30:17.021527 [INFO]  key: select bucket idx=8
2026/03/09 22:30:17.021537 [INFO]  loadObjects: bucket="aws-emr-resources-913932804865-eu-central-1" prefix=""
2026/03/09 22:30:17.021546 [INFO]  S3 ListObjects called bucket="aws-emr-resources-913932804865-eu-central-1" prefix=""
2026/03/09 22:30:17.190799 [INFO]  S3 ListObjects returned 0 items
2026/03/09 22:30:17.190856 [DEBUG] loadObjects: 0 objects loaded, rendering
2026/03/09 22:30:17.190864 [DEBUG] render: buckets=75 objects=0 bucketIdx=8 objIdx=0
2026/03/09 22:30:17.598786 [DEBUG] key: bucket up (idx=8)
2026/03/09 22:30:17.598813 [INFO]  key: select bucket idx=7
2026/03/09 22:30:17.598818 [INFO]  loadObjects: bucket="aws-athena-query-results-eu-central-1-913932804865" prefix=""
2026/03/09 22:30:17.598824 [INFO]  S3 ListObjects called bucket="aws-athena-query-results-eu-central-1-913932804865" prefix=""
2026/03/09 22:30:17.749814 [INFO]  S3 ListObjects returned 54 items
2026/03/09 22:30:17.749854 [DEBUG] loadObjects: 54 objects loaded, rendering
2026/03/09 22:30:17.749862 [DEBUG] render: buckets=75 objects=54 bucketIdx=7 objIdx=0
2026/03/09 22:30:18.346877 [DEBUG] key: bucket up (idx=7)
2026/03/09 22:30:18.346961 [INFO]  key: select bucket idx=6
2026/03/09 22:30:18.346975 [INFO]  loadObjects: bucket="aws-athena-query-results-913932804865-eu-central-1" prefix=""
2026/03/09 22:30:18.346990 [INFO]  S3 ListObjects called bucket="aws-athena-query-results-913932804865-eu-central-1" prefix=""
2026/03/09 22:30:18.494878 [INFO]  S3 ListObjects returned 1 items
2026/03/09 22:30:18.494957 [DEBUG] loadObjects: 1 objects loaded, rendering
2026/03/09 22:30:18.494961 [DEBUG] render: buckets=75 objects=1 bucketIdx=6 objIdx=0
2026/03/09 22:30:18.877570 [DEBUG] key: bucket up (idx=6)
2026/03/09 22:30:18.877604 [INFO]  key: select bucket idx=5
2026/03/09 22:30:18.877611 [INFO]  loadObjects: bucket="augmentedai-clarity-mgmt-pro" prefix=""
2026/03/09 22:30:18.877620 [INFO]  S3 ListObjects called bucket="augmentedai-clarity-mgmt-pro" prefix=""
2026/03/09 22:30:19.033818 [INFO]  S3 ListObjects returned 2 items
2026/03/09 22:30:19.033877 [DEBUG] loadObjects: 2 objects loaded, rendering
2026/03/09 22:30:19.033886 [DEBUG] render: buckets=75 objects=2 bucketIdx=5 objIdx=0
2026/03/09 22:30:19.382765 [DEBUG] key: bucket up (idx=5)
2026/03/09 22:30:19.382837 [INFO]  key: select bucket idx=4
2026/03/09 22:30:19.382849 [INFO]  loadObjects: bucket="artifacts-clarity-mgmt-pro" prefix=""
2026/03/09 22:30:19.382859 [INFO]  S3 ListObjects called bucket="artifacts-clarity-mgmt-pro" prefix=""
2026/03/09 22:30:19.554750 [INFO]  S3 ListObjects returned 11 items
2026/03/09 22:30:19.554810 [DEBUG] loadObjects: 11 objects loaded, rendering
2026/03/09 22:30:19.554818 [DEBUG] render: buckets=75 objects=11 bucketIdx=4 objIdx=0
2026/03/09 22:30:21.404160 [DEBUG] key: obj down (idx=0)
2026/03/09 22:30:21.404203 [DEBUG] render: buckets=75 objects=11 bucketIdx=4 objIdx=1
2026/03/09 22:30:21.640973 [DEBUG] key: obj down (idx=1)
2026/03/09 22:30:21.641024 [DEBUG] render: buckets=75 objects=11 bucketIdx=4 objIdx=2
2026/03/09 22:30:21.857504 [DEBUG] key: obj down (idx=2)
2026/03/09 22:30:21.857628 [DEBUG] render: buckets=75 objects=11 bucketIdx=4 objIdx=3
2026/03/09 22:30:22.079558 [DEBUG] key: obj down (idx=3)
2026/03/09 22:30:22.079620 [DEBUG] render: buckets=75 objects=11 bucketIdx=4 objIdx=4
2026/03/09 22:30:22.315591 [DEBUG] key: obj down (idx=4)
2026/03/09 22:30:22.315691 [DEBUG] render: buckets=75 objects=11 bucketIdx=4 objIdx=5
2026/03/09 22:30:22.561081 [DEBUG] key: obj down (idx=5)
2026/03/09 22:30:22.561130 [DEBUG] render: buckets=75 objects=11 bucketIdx=4 objIdx=6
2026/03/09 22:30:22.802641 [DEBUG] key: obj up (idx=6)
2026/03/09 22:30:22.802696 [DEBUG] render: buckets=75 objects=11 bucketIdx=4 objIdx=5
2026/03/09 22:30:22.995166 [DEBUG] key: obj up (idx=5)
2026/03/09 22:30:22.995214 [DEBUG] render: buckets=75 objects=11 bucketIdx=4 objIdx=4
2026/03/09 22:30:23.188868 [DEBUG] key: obj up (idx=4)
2026/03/09 22:30:23.188924 [DEBUG] render: buckets=75 objects=11 bucketIdx=4 objIdx=3
2026/03/09 22:30:23.381915 [DEBUG] key: obj up (idx=3)
2026/03/09 22:30:23.381982 [DEBUG] render: buckets=75 objects=11 bucketIdx=4 objIdx=2
2026/03/09 22:30:24.080698 [DEBUG] key: bucket up (idx=4)
2026/03/09 22:30:24.080726 [INFO]  key: select bucket idx=3
2026/03/09 22:30:24.080730 [INFO]  loadObjects: bucket="argo-workflows-clarity-mgmt-pro" prefix=""
2026/03/09 22:30:24.080735 [INFO]  S3 ListObjects called bucket="argo-workflows-clarity-mgmt-pro" prefix=""
2026/03/09 22:30:24.328887 [INFO]  S3 ListObjects returned 1000 items
2026/03/09 22:30:24.328923 [DEBUG] loadObjects: 1000 objects loaded, rendering
2026/03/09 22:30:24.328929 [DEBUG] render: buckets=75 objects=1000 bucketIdx=3 objIdx=0
2026/03/09 22:30:24.466013 [DEBUG] key: bucket up (idx=3)
2026/03/09 22:30:24.466113 [INFO]  key: select bucket idx=2
2026/03/09 22:30:24.466121 [INFO]  loadObjects: bucket="airflowv2-clarity-mgmt-pro" prefix=""
2026/03/09 22:30:24.466131 [INFO]  S3 ListObjects called bucket="airflowv2-clarity-mgmt-pro" prefix=""
2026/03/09 22:30:24.615163 [INFO]  S3 ListObjects returned 2 items
2026/03/09 22:30:24.615217 [DEBUG] loadObjects: 2 objects loaded, rendering
2026/03/09 22:30:24.615226 [DEBUG] render: buckets=75 objects=2 bucketIdx=2 objIdx=0
2026/03/09 22:30:24.949629 [DEBUG] key: bucket down (idx=2)
2026/03/09 22:30:24.949766 [INFO]  key: select bucket idx=3
2026/03/09 22:30:24.949792 [INFO]  loadObjects: bucket="argo-workflows-clarity-mgmt-pro" prefix=""
2026/03/09 22:30:24.949820 [INFO]  S3 ListObjects called bucket="argo-workflows-clarity-mgmt-pro" prefix=""
2026/03/09 22:30:25.061228 [INFO]  S3 ListObjects returned 1000 items
2026/03/09 22:30:25.061255 [DEBUG] loadObjects: 1000 objects loaded, rendering
2026/03/09 22:30:25.061258 [DEBUG] render: buckets=75 objects=1000 bucketIdx=3 objIdx=0
2026/03/09 22:30:25.187401 [DEBUG] key: bucket down (idx=3)
2026/03/09 22:30:25.187476 [INFO]  key: select bucket idx=4
2026/03/09 22:30:25.187493 [INFO]  loadObjects: bucket="artifacts-clarity-mgmt-pro" prefix=""
2026/03/09 22:30:25.187511 [INFO]  S3 ListObjects called bucket="artifacts-clarity-mgmt-pro" prefix=""
2026/03/09 22:30:25.258030 [INFO]  S3 ListObjects returned 11 items
2026/03/09 22:30:25.258089 [DEBUG] loadObjects: 11 objects loaded, rendering
2026/03/09 22:30:25.258097 [DEBUG] render: buckets=75 objects=11 bucketIdx=4 objIdx=0
2026/03/09 22:30:33.346322 [DEBUG] key: bucket down (idx=4)
2026/03/09 22:30:33.346381 [INFO]  key: select bucket idx=5
2026/03/09 22:30:33.346387 [INFO]  loadObjects: bucket="augmentedai-clarity-mgmt-pro" prefix=""
2026/03/09 22:30:33.346393 [INFO]  S3 ListObjects called bucket="augmentedai-clarity-mgmt-pro" prefix=""
2026/03/09 22:30:33.538418 [INFO]  S3 ListObjects returned 2 items
2026/03/09 22:30:33.538507 [DEBUG] loadObjects: 2 objects loaded, rendering
2026/03/09 22:30:33.538517 [DEBUG] render: buckets=75 objects=2 bucketIdx=5 objIdx=0
2026/03/09 22:30:33.539018 [DEBUG] key: bucket down (idx=5)
2026/03/09 22:30:33.539060 [INFO]  key: select bucket idx=6
2026/03/09 22:30:33.539069 [INFO]  loadObjects: bucket="aws-athena-query-results-913932804865-eu-central-1" prefix=""
2026/03/09 22:30:33.539080 [INFO]  S3 ListObjects called bucket="aws-athena-query-results-913932804865-eu-central-1" prefix=""
2026/03/09 22:30:33.692805 [INFO]  S3 ListObjects returned 1 items
2026/03/09 22:30:33.692903 [DEBUG] loadObjects: 1 objects loaded, rendering
2026/03/09 22:30:33.692915 [DEBUG] render: buckets=75 objects=1 bucketIdx=6 objIdx=0
2026/03/09 22:30:33.693301 [DEBUG] key: bucket down (idx=6)
2026/03/09 22:30:33.693316 [INFO]  key: select bucket idx=7
2026/03/09 22:30:33.693324 [INFO]  loadObjects: bucket="aws-athena-query-results-eu-central-1-913932804865" prefix=""
2026/03/09 22:30:33.693334 [INFO]  S3 ListObjects called bucket="aws-athena-query-results-eu-central-1-913932804865" prefix=""
2026/03/09 22:30:33.862671 [INFO]  S3 ListObjects returned 54 items
2026/03/09 22:30:33.862721 [DEBUG] loadObjects: 54 objects loaded, rendering
2026/03/09 22:30:33.862725 [DEBUG] render: buckets=75 objects=54 bucketIdx=7 objIdx=0
2026/03/09 22:30:34.677203 [DEBUG] key: bucket down (idx=7)
2026/03/09 22:30:34.677291 [INFO]  key: select bucket idx=8
2026/03/09 22:30:34.677307 [INFO]  loadObjects: bucket="aws-emr-resources-913932804865-eu-central-1" prefix=""
2026/03/09 22:30:34.677321 [INFO]  S3 ListObjects called bucket="aws-emr-resources-913932804865-eu-central-1" prefix=""
2026/03/09 22:30:34.847755 [INFO]  S3 ListObjects returned 0 items
2026/03/09 22:30:34.847783 [DEBUG] loadObjects: 0 objects loaded, rendering
2026/03/09 22:30:34.847788 [DEBUG] render: buckets=75 objects=0 bucketIdx=8 objIdx=0
2026/03/09 22:30:35.274310 [DEBUG] key: bucket down (idx=8)
2026/03/09 22:30:35.274356 [INFO]  key: select bucket idx=9
2026/03/09 22:30:35.274368 [INFO]  loadObjects: bucket="aws-logs-913932804865-eu-central-1" prefix=""
2026/03/09 22:30:35.274383 [INFO]  S3 ListObjects called bucket="aws-logs-913932804865-eu-central-1" prefix=""
2026/03/09 22:30:35.428916 [INFO]  S3 ListObjects returned 1 items
2026/03/09 22:30:35.429080 [DEBUG] loadObjects: 1 objects loaded, rendering
2026/03/09 22:30:35.429113 [DEBUG] render: buckets=75 objects=1 bucketIdx=9 objIdx=0
2026/03/09 22:30:35.638547 [DEBUG] key: bucket down (idx=9)
2026/03/09 22:30:35.638607 [INFO]  key: select bucket idx=10
2026/03/09 22:30:35.638622 [INFO]  loadObjects: bucket="backup-data-platform-clarity-mgmt-pro" prefix=""
2026/03/09 22:30:35.638637 [INFO]  S3 ListObjects called bucket="backup-data-platform-clarity-mgmt-pro" prefix=""
2026/03/09 22:30:35.792751 [INFO]  S3 ListObjects returned 10 items
2026/03/09 22:30:35.792799 [DEBUG] loadObjects: 10 objects loaded, rendering
2026/03/09 22:30:35.792810 [DEBUG] render: buckets=75 objects=10 bucketIdx=10 objIdx=0
2026/03/09 22:30:36.290724 [DEBUG] key: bucket down (idx=10)
2026/03/09 22:30:36.290796 [INFO]  key: select bucket idx=11
2026/03/09 22:30:36.290809 [INFO]  loadObjects: bucket="backup-reference-data-clarity-mgmt-pro" prefix=""
2026/03/09 22:30:36.290822 [INFO]  S3 ListObjects called bucket="backup-reference-data-clarity-mgmt-pro" prefix=""
2026/03/09 22:30:36.434357 [ERROR] S3 ListObjects failed: operation error S3: ListObjectsV2, https response error StatusCode: 403, RequestID: ARGK3HK5JB3S9D0H, HostID: jTbw5q4I3shf6mb0SIQQpz/4bfVnti50PpX2J2lK/4gZm7VEuiTrL/18Qi/I7xYkLU01sNXUefw=, api error AccessDenied: User: arn:aws:sts::913932804865:assumed-role/federateclarity/aws-go-sdk-1773091787726373579 is not authorized to perform: s3:ListBucket on resource: "arn:aws:s3:::backup-reference-data-clarity-mgmt-pro" with an explicit deny in a resource-based policy
2026/03/09 22:30:36.434502 [ERROR] loadObjects failed: operation error S3: ListObjectsV2, https response error StatusCode: 403, RequestID: ARGK3HK5JB3S9D0H, HostID: jTbw5q4I3shf6mb0SIQQpz/4bfVnti50PpX2J2lK/4gZm7VEuiTrL/18Qi/I7xYkLU01sNXUefw=, api error AccessDenied: User: arn:aws:sts::913932804865:assumed-role/federateclarity/aws-go-sdk-1773091787726373579 is not authorized to perform: s3:ListBucket on resource: "arn:aws:s3:::backup-reference-data-clarity-mgmt-pro" with an explicit deny in a resource-based policy
2026/03/09 22:31:00.566928 [DEBUG] key: bucket down (idx=11)
2026/03/09 22:31:00.566996 [INFO]  key: select bucket idx=12
2026/03/09 22:31:00.567010 [INFO]  loadObjects: bucket="chatcommands-mgmt" prefix=""
2026/03/09 22:31:00.567021 [INFO]  S3 ListObjects called bucket="chatcommands-mgmt" prefix=""
2026/03/09 22:31:00.727518 [INFO]  S3 ListObjects returned 3 items
2026/03/09 22:31:00.727548 [DEBUG] loadObjects: 3 objects loaded, rendering
2026/03/09 22:31:00.727553 [DEBUG] render: buckets=75 objects=3 bucketIdx=12 objIdx=0
2026/03/09 22:31:01.049917 [DEBUG] key: bucket down (idx=12)
2026/03/09 22:31:01.049959 [INFO]  key: select bucket idx=13
2026/03/09 22:31:01.049964 [INFO]  loadObjects: bucket="clar-assistant-performance-tracker-data-mgmt" prefix=""
2026/03/09 22:31:01.049973 [INFO]  S3 ListObjects called bucket="clar-assistant-performance-tracker-data-mgmt" prefix=""
2026/03/09 22:31:01.231211 [INFO]  S3 ListObjects returned 1 items
2026/03/09 22:31:01.231265 [DEBUG] loadObjects: 1 objects loaded, rendering
2026/03/09 22:31:01.231276 [DEBUG] render: buckets=75 objects=1 bucketIdx=13 objIdx=0
2026/03/09 22:31:01.579778 [DEBUG] key: bucket down (idx=13)
2026/03/09 22:31:01.579826 [INFO]  key: select bucket idx=14
2026/03/09 22:31:01.579837 [INFO]  loadObjects: bucket="clar-clarityai-assistant-chat-mgmt" prefix=""
2026/03/09 22:31:01.579849 [INFO]  S3 ListObjects called bucket="clar-clarityai-assistant-chat-mgmt" prefix=""
2026/03/09 22:31:01.751196 [INFO]  S3 ListObjects returned 2 items
2026/03/09 22:31:01.751248 [DEBUG] loadObjects: 2 objects loaded, rendering
2026/03/09 22:31:01.751259 [DEBUG] render: buckets=75 objects=2 bucketIdx=14 objIdx=0
2026/03/09 22:31:02.036403 [DEBUG] key: bucket down (idx=14)
2026/03/09 22:31:02.036462 [INFO]  key: select bucket idx=15
2026/03/09 22:31:02.036473 [INFO]  loadObjects: bucket="clar-clarityai-assistant-report-mgmt" prefix=""
2026/03/09 22:31:02.036494 [INFO]  S3 ListObjects called bucket="clar-clarityai-assistant-report-mgmt" prefix=""
2026/03/09 22:31:02.197713 [INFO]  S3 ListObjects returned 0 items
2026/03/09 22:31:02.197764 [DEBUG] loadObjects: 0 objects loaded, rendering
2026/03/09 22:31:02.197774 [DEBUG] render: buckets=75 objects=0 bucketIdx=15 objIdx=0
2026/03/09 22:31:02.470034 [DEBUG] key: bucket down (idx=15)
2026/03/09 22:31:02.470130 [INFO]  key: select bucket idx=16
2026/03/09 22:31:02.470145 [INFO]  loadObjects: bucket="clar-fast-api-app-another-test-mgmt" prefix=""
2026/03/09 22:31:02.470162 [INFO]  S3 ListObjects called bucket="clar-fast-api-app-another-test-mgmt" prefix=""
2026/03/09 22:31:02.662413 [INFO]  S3 ListObjects returned 0 items
2026/03/09 22:31:02.662470 [DEBUG] loadObjects: 0 objects loaded, rendering
2026/03/09 22:31:02.662480 [DEBUG] render: buckets=75 objects=0 bucketIdx=16 objIdx=0
2026/03/09 22:31:02.904410 [DEBUG] key: bucket down (idx=16)
2026/03/09 22:31:02.904482 [INFO]  key: select bucket idx=17
2026/03/09 22:31:02.904499 [INFO]  loadObjects: bucket="clar-fast-api-app-test-mgmt" prefix=""
2026/03/09 22:31:02.904515 [INFO]  S3 ListObjects called bucket="clar-fast-api-app-test-mgmt" prefix=""
2026/03/09 22:31:03.115715 [INFO]  S3 ListObjects returned 0 items
2026/03/09 22:31:03.115756 [DEBUG] loadObjects: 0 objects loaded, rendering
2026/03/09 22:31:03.115769 [DEBUG] render: buckets=75 objects=0 bucketIdx=17 objIdx=0
2026/03/09 22:31:03.168443 [DEBUG] key: bucket down (idx=17)
2026/03/09 22:31:03.168511 [INFO]  key: select bucket idx=18
2026/03/09 22:31:03.168521 [INFO]  loadObjects: bucket="clar-loki-chunks-mgmt" prefix=""
2026/03/09 22:31:03.168530 [INFO]  S3 ListObjects called bucket="clar-loki-chunks-mgmt" prefix=""
2026/03/09 22:31:03.362323 [INFO]  S3 ListObjects returned 3 items
2026/03/09 22:31:03.362364 [DEBUG] loadObjects: 3 objects loaded, rendering
2026/03/09 22:31:03.362372 [DEBUG] render: buckets=75 objects=3 bucketIdx=18 objIdx=0
2026/03/09 22:31:03.428332 [DEBUG] key: bucket down (idx=18)
2026/03/09 22:31:03.428374 [INFO]  key: select bucket idx=19
2026/03/09 22:31:03.428383 [INFO]  loadObjects: bucket="clar-loki-ruler-mgmt" prefix=""
2026/03/09 22:31:03.428392 [INFO]  S3 ListObjects called bucket="clar-loki-ruler-mgmt" prefix=""
2026/03/09 22:31:03.612912 [INFO]  S3 ListObjects returned 0 items
2026/03/09 22:31:03.612967 [DEBUG] loadObjects: 0 objects loaded, rendering
2026/03/09 22:31:03.612974 [DEBUG] render: buckets=75 objects=0 bucketIdx=19 objIdx=0
2026/03/09 22:31:03.625205 [DEBUG] key: bucket down (idx=19)
2026/03/09 22:31:03.625224 [INFO]  key: select bucket idx=20
2026/03/09 22:31:03.625228 [INFO]  loadObjects: bucket="clar-metrics-validation-workspace-mgmt" prefix=""
2026/03/09 22:31:03.625231 [INFO]  S3 ListObjects called bucket="clar-metrics-validation-workspace-mgmt" prefix=""
2026/03/09 22:31:03.792786 [INFO]  S3 ListObjects returned 200 items
2026/03/09 22:31:03.792814 [DEBUG] loadObjects: 200 objects loaded, rendering
2026/03/09 22:31:03.792817 [DEBUG] render: buckets=75 objects=200 bucketIdx=20 objIdx=0
2026/03/09 22:31:03.843574 [DEBUG] key: bucket down (idx=20)
2026/03/09 22:31:03.843638 [INFO]  key: select bucket idx=21
2026/03/09 22:31:03.843648 [INFO]  loadObjects: bucket="clar-mlflow-genai-artifacts-store-mgmt" prefix=""
2026/03/09 22:31:03.843663 [INFO]  S3 ListObjects called bucket="clar-mlflow-genai-artifacts-store-mgmt" prefix=""
2026/03/09 22:31:04.053326 [INFO]  S3 ListObjects returned 37 items
2026/03/09 22:31:04.053373 [DEBUG] loadObjects: 37 objects loaded, rendering
2026/03/09 22:31:04.053382 [DEBUG] render: buckets=75 objects=37 bucketIdx=21 objIdx=0
2026/03/09 22:31:04.060220 [DEBUG] key: bucket down (idx=21)
2026/03/09 22:31:04.060234 [INFO]  key: select bucket idx=22
2026/03/09 22:31:04.060238 [INFO]  loadObjects: bucket="clar-search-dashboard-documents-mgmt" prefix=""
2026/03/09 22:31:04.060242 [INFO]  S3 ListObjects called bucket="clar-search-dashboard-documents-mgmt" prefix=""
2026/03/09 22:31:04.253209 [INFO]  S3 ListObjects returned 1 items
2026/03/09 22:31:04.253258 [DEBUG] loadObjects: 1 objects loaded, rendering
2026/03/09 22:31:04.253267 [DEBUG] render: buckets=75 objects=1 bucketIdx=22 objIdx=0
2026/03/09 22:31:04.254135 [DEBUG] key: bucket down (idx=22)
2026/03/09 22:31:04.254156 [INFO]  key: select bucket idx=23
2026/03/09 22:31:04.254159 [INFO]  loadObjects: bucket="clar-streamlit-app-buck-mgmt" prefix=""
2026/03/09 22:31:04.254162 [INFO]  S3 ListObjects called bucket="clar-streamlit-app-buck-mgmt" prefix=""
2026/03/09 22:31:04.439692 [INFO]  S3 ListObjects returned 1 items
2026/03/09 22:31:04.439734 [DEBUG] loadObjects: 1 objects loaded, rendering
2026/03/09 22:31:04.439738 [DEBUG] render: buckets=75 objects=1 bucketIdx=23 objIdx=0
2026/03/09 22:31:04.470823 [DEBUG] key: bucket down (idx=23)
2026/03/09 22:31:04.470869 [INFO]  key: select bucket idx=24
2026/03/09 22:31:04.470874 [INFO]  loadObjects: bucket="clarity-ai-mgmt-buck-64b25806" prefix=""
2026/03/09 22:31:04.470880 [INFO]  S3 ListObjects called bucket="clarity-ai-mgmt-buck-64b25806" prefix=""
2026/03/09 22:31:04.650532 [INFO]  S3 ListObjects returned 0 items
2026/03/09 22:31:04.650572 [DEBUG] loadObjects: 0 objects loaded, rendering
2026/03/09 22:31:04.650580 [DEBUG] render: buckets=75 objects=0 bucketIdx=24 objIdx=0
2026/03/09 22:31:04.711584 [DEBUG] key: bucket down (idx=24)
2026/03/09 22:31:04.711633 [INFO]  key: select bucket idx=25
2026/03/09 22:31:04.711643 [INFO]  loadObjects: bucket="clarity-athena-results-mgmt" prefix=""
2026/03/09 22:31:04.711686 [INFO]  S3 ListObjects called bucket="clarity-athena-results-mgmt" prefix=""
2026/03/09 22:31:04.888191 [INFO]  S3 ListObjects returned 0 items
2026/03/09 22:31:04.888266 [DEBUG] loadObjects: 0 objects loaded, rendering
2026/03/09 22:31:04.888275 [DEBUG] render: buckets=75 objects=0 bucketIdx=25 objIdx=0
2026/03/09 22:31:05.168522 [DEBUG] key: bucket up (idx=25)
2026/03/09 22:31:05.168572 [INFO]  key: select bucket idx=24
2026/03/09 22:31:05.168576 [INFO]  loadObjects: bucket="clarity-ai-mgmt-buck-64b25806" prefix=""
2026/03/09 22:31:05.168581 [INFO]  S3 ListObjects called bucket="clarity-ai-mgmt-buck-64b25806" prefix=""
2026/03/09 22:31:05.252208 [INFO]  S3 ListObjects returned 0 items
2026/03/09 22:31:05.252235 [DEBUG] loadObjects: 0 objects loaded, rendering
2026/03/09 22:31:05.252239 [DEBUG] render: buckets=75 objects=0 bucketIdx=24 objIdx=0
2026/03/09 22:31:05.337741 [DEBUG] key: bucket up (idx=24)
2026/03/09 22:31:05.337813 [INFO]  key: select bucket idx=23
2026/03/09 22:31:05.337828 [INFO]  loadObjects: bucket="clar-streamlit-app-buck-mgmt" prefix=""
2026/03/09 22:31:05.337841 [INFO]  S3 ListObjects called bucket="clar-streamlit-app-buck-mgmt" prefix=""
2026/03/09 22:31:05.390989 [INFO]  S3 ListObjects returned 1 items
2026/03/09 22:31:05.391056 [DEBUG] loadObjects: 1 objects loaded, rendering
2026/03/09 22:31:05.391065 [DEBUG] render: buckets=75 objects=1 bucketIdx=23 objIdx=0
2026/03/09 22:31:05.531423 [DEBUG] key: bucket up (idx=23)
2026/03/09 22:31:05.531498 [INFO]  key: select bucket idx=22
2026/03/09 22:31:05.531510 [INFO]  loadObjects: bucket="clar-search-dashboard-documents-mgmt" prefix=""
2026/03/09 22:31:05.531519 [INFO]  S3 ListObjects called bucket="clar-search-dashboard-documents-mgmt" prefix=""
2026/03/09 22:31:05.593294 [INFO]  S3 ListObjects returned 1 items
2026/03/09 22:31:05.593323 [DEBUG] loadObjects: 1 objects loaded, rendering
2026/03/09 22:31:05.593326 [DEBUG] render: buckets=75 objects=1 bucketIdx=22 objIdx=0
2026/03/09 22:31:05.722363 [DEBUG] key: bucket up (idx=22)
2026/03/09 22:31:05.722417 [INFO]  key: select bucket idx=21
2026/03/09 22:31:05.722422 [INFO]  loadObjects: bucket="clar-mlflow-genai-artifacts-store-mgmt" prefix=""
2026/03/09 22:31:05.722427 [INFO]  S3 ListObjects called bucket="clar-mlflow-genai-artifacts-store-mgmt" prefix=""
2026/03/09 22:31:05.789160 [INFO]  S3 ListObjects returned 37 items
2026/03/09 22:31:05.789189 [DEBUG] loadObjects: 37 objects loaded, rendering
2026/03/09 22:31:05.789197 [DEBUG] render: buckets=75 objects=37 bucketIdx=21 objIdx=0
2026/03/09 22:31:05.915650 [DEBUG] key: bucket up (idx=21)
2026/03/09 22:31:05.915684 [INFO]  key: select bucket idx=20
2026/03/09 22:31:05.915687 [INFO]  loadObjects: bucket="clar-metrics-validation-workspace-mgmt" prefix=""
2026/03/09 22:31:05.915706 [INFO]  S3 ListObjects called bucket="clar-metrics-validation-workspace-mgmt" prefix=""
2026/03/09 22:31:05.998734 [INFO]  S3 ListObjects returned 200 items
2026/03/09 22:31:05.998761 [DEBUG] loadObjects: 200 objects loaded, rendering
2026/03/09 22:31:05.998765 [DEBUG] render: buckets=75 objects=200 bucketIdx=20 objIdx=0
2026/03/09 22:31:06.107734 [DEBUG] key: bucket up (idx=20)
2026/03/09 22:31:06.107776 [INFO]  key: select bucket idx=19
2026/03/09 22:31:06.107785 [INFO]  loadObjects: bucket="clar-loki-ruler-mgmt" prefix=""
2026/03/09 22:31:06.107795 [INFO]  S3 ListObjects called bucket="clar-loki-ruler-mgmt" prefix=""
2026/03/09 22:31:06.161144 [INFO]  S3 ListObjects returned 0 items
2026/03/09 22:31:06.161185 [DEBUG] loadObjects: 0 objects loaded, rendering
2026/03/09 22:31:06.161193 [DEBUG] render: buckets=75 objects=0 bucketIdx=19 objIdx=0
2026/03/09 22:31:06.301743 [DEBUG] key: bucket up (idx=19)
2026/03/09 22:31:06.301797 [INFO]  key: select bucket idx=18
2026/03/09 22:31:06.301807 [INFO]  loadObjects: bucket="clar-loki-chunks-mgmt" prefix=""
2026/03/09 22:31:06.301816 [INFO]  S3 ListObjects called bucket="clar-loki-chunks-mgmt" prefix=""
2026/03/09 22:31:06.367815 [INFO]  S3 ListObjects returned 3 items
2026/03/09 22:31:06.367888 [DEBUG] loadObjects: 3 objects loaded, rendering
2026/03/09 22:31:06.367896 [DEBUG] render: buckets=75 objects=3 bucketIdx=18 objIdx=0
2026/03/09 22:31:06.494938 [DEBUG] key: bucket up (idx=18)
2026/03/09 22:31:06.495002 [INFO]  key: select bucket idx=17
2026/03/09 22:31:06.495010 [INFO]  loadObjects: bucket="clar-fast-api-app-test-mgmt" prefix=""
2026/03/09 22:31:06.495019 [INFO]  S3 ListObjects called bucket="clar-fast-api-app-test-mgmt" prefix=""
2026/03/09 22:31:06.558911 [INFO]  S3 ListObjects returned 0 items
2026/03/09 22:31:06.558975 [DEBUG] loadObjects: 0 objects loaded, rendering
2026/03/09 22:31:06.558983 [DEBUG] render: buckets=75 objects=0 bucketIdx=17 objIdx=0
2026/03/09 22:31:06.683022 [DEBUG] key: bucket up (idx=17)
2026/03/09 22:31:06.683090 [INFO]  key: select bucket idx=16
2026/03/09 22:31:06.683110 [INFO]  loadObjects: bucket="clar-fast-api-app-another-test-mgmt" prefix=""
2026/03/09 22:31:06.683123 [INFO]  S3 ListObjects called bucket="clar-fast-api-app-another-test-mgmt" prefix=""
2026/03/09 22:31:06.742136 [INFO]  S3 ListObjects returned 0 items
2026/03/09 22:31:06.742183 [DEBUG] loadObjects: 0 objects loaded, rendering
2026/03/09 22:31:06.742192 [DEBUG] render: buckets=75 objects=0 bucketIdx=16 objIdx=0
2026/03/09 22:31:06.880642 [DEBUG] key: bucket up (idx=16)
2026/03/09 22:31:06.880688 [INFO]  key: select bucket idx=15
2026/03/09 22:31:06.880693 [INFO]  loadObjects: bucket="clar-clarityai-assistant-report-mgmt" prefix=""
2026/03/09 22:31:06.880699 [INFO]  S3 ListObjects called bucket="clar-clarityai-assistant-report-mgmt" prefix=""
2026/03/09 22:31:06.938687 [INFO]  S3 ListObjects returned 0 items
2026/03/09 22:31:06.938716 [DEBUG] loadObjects: 0 objects loaded, rendering
2026/03/09 22:31:06.938724 [DEBUG] render: buckets=75 objects=0 bucketIdx=15 objIdx=0
2026/03/09 22:31:07.074361 [DEBUG] key: bucket up (idx=15)
2026/03/09 22:31:07.074428 [INFO]  key: select bucket idx=14
2026/03/09 22:31:07.074436 [INFO]  loadObjects: bucket="clar-clarityai-assistant-chat-mgmt" prefix=""
2026/03/09 22:31:07.074442 [INFO]  S3 ListObjects called bucket="clar-clarityai-assistant-chat-mgmt" prefix=""
2026/03/09 22:31:07.134149 [INFO]  S3 ListObjects returned 2 items
2026/03/09 22:31:07.134197 [DEBUG] loadObjects: 2 objects loaded, rendering
2026/03/09 22:31:07.134205 [DEBUG] render: buckets=75 objects=2 bucketIdx=14 objIdx=0
2026/03/09 22:31:07.284980 [DEBUG] key: bucket up (idx=14)
2026/03/09 22:31:07.285033 [INFO]  key: select bucket idx=13
2026/03/09 22:31:07.285044 [INFO]  loadObjects: bucket="clar-assistant-performance-tracker-data-mgmt" prefix=""
2026/03/09 22:31:07.285054 [INFO]  S3 ListObjects called bucket="clar-assistant-performance-tracker-data-mgmt" prefix=""
2026/03/09 22:31:07.430376 [INFO]  S3 ListObjects returned 1 items
2026/03/09 22:31:07.430398 [DEBUG] loadObjects: 1 objects loaded, rendering
2026/03/09 22:31:07.430402 [DEBUG] render: buckets=75 objects=1 bucketIdx=13 objIdx=0
2026/03/09 22:31:07.482326 [DEBUG] key: bucket up (idx=13)
2026/03/09 22:31:07.482373 [INFO]  key: select bucket idx=12
2026/03/09 22:31:07.482378 [INFO]  loadObjects: bucket="chatcommands-mgmt" prefix=""
2026/03/09 22:31:07.482383 [INFO]  S3 ListObjects called bucket="chatcommands-mgmt" prefix=""
2026/03/09 22:31:07.637204 [INFO]  S3 ListObjects returned 3 items
2026/03/09 22:31:07.637250 [DEBUG] loadObjects: 3 objects loaded, rendering
2026/03/09 22:31:07.637258 [DEBUG] render: buckets=75 objects=3 bucketIdx=12 objIdx=0
2026/03/09 22:31:07.694899 [DEBUG] key: bucket up (idx=12)
2026/03/09 22:31:07.695000 [INFO]  key: select bucket idx=11
2026/03/09 22:31:07.695010 [INFO]  loadObjects: bucket="backup-reference-data-clarity-mgmt-pro" prefix=""
2026/03/09 22:31:07.695024 [INFO]  S3 ListObjects called bucket="backup-reference-data-clarity-mgmt-pro" prefix=""
2026/03/09 22:31:07.841638 [ERROR] S3 ListObjects failed: operation error S3: ListObjectsV2, https response error StatusCode: 403, RequestID: CGZ3JHQFXV1KN3EN, HostID: 3cpmOyBkW/za3chA837VFmuCd3y+8DK30Q8z7zbiGUUZRX3Kwc4e3p77Yg6LQX3M0yxlYFMl+48=, api error AccessDenied: User: arn:aws:sts::913932804865:assumed-role/federateclarity/aws-go-sdk-1773091787726373579 is not authorized to perform: s3:ListBucket on resource: "arn:aws:s3:::backup-reference-data-clarity-mgmt-pro" with an explicit deny in a resource-based policy
2026/03/09 22:31:07.841717 [ERROR] loadObjects failed: operation error S3: ListObjectsV2, https response error StatusCode: 403, RequestID: CGZ3JHQFXV1KN3EN, HostID: 3cpmOyBkW/za3chA837VFmuCd3y+8DK30Q8z7zbiGUUZRX3Kwc4e3p77Yg6LQX3M0yxlYFMl+48=, api error AccessDenied: User: arn:aws:sts::913932804865:assumed-role/federateclarity/aws-go-sdk-1773091787726373579 is not authorized to perform: s3:ListBucket on resource: "arn:aws:s3:::backup-reference-data-clarity-mgmt-pro" with an explicit deny in a resource-based policy
2026/03/09 22:31:07.887536 [DEBUG] key: bucket up (idx=11)
2026/03/09 22:31:07.887610 [INFO]  key: select bucket idx=10
2026/03/09 22:31:07.887620 [INFO]  loadObjects: bucket="backup-data-platform-clarity-mgmt-pro" prefix=""
2026/03/09 22:31:07.887627 [INFO]  S3 ListObjects called bucket="backup-data-platform-clarity-mgmt-pro" prefix=""
2026/03/09 22:31:08.061795 [INFO]  S3 ListObjects returned 10 items
2026/03/09 22:31:08.061840 [DEBUG] loadObjects: 10 objects loaded, rendering
2026/03/09 22:31:08.061848 [DEBUG] render: buckets=75 objects=10 bucketIdx=10 objIdx=0
2026/03/09 22:31:08.109370 [DEBUG] key: bucket up (idx=10)
2026/03/09 22:31:08.109405 [INFO]  key: select bucket idx=9
2026/03/09 22:31:08.109415 [INFO]  loadObjects: bucket="aws-logs-913932804865-eu-central-1" prefix=""
2026/03/09 22:31:08.109424 [INFO]  S3 ListObjects called bucket="aws-logs-913932804865-eu-central-1" prefix=""
2026/03/09 22:31:08.267440 [INFO]  S3 ListObjects returned 1 items
2026/03/09 22:31:08.267510 [DEBUG] loadObjects: 1 objects loaded, rendering
2026/03/09 22:31:08.267518 [DEBUG] render: buckets=75 objects=1 bucketIdx=9 objIdx=0
2026/03/09 22:31:08.393295 [DEBUG] key: bucket up (idx=9)
2026/03/09 22:31:08.393347 [INFO]  key: select bucket idx=8
2026/03/09 22:31:08.393354 [INFO]  loadObjects: bucket="aws-emr-resources-913932804865-eu-central-1" prefix=""
2026/03/09 22:31:08.393360 [INFO]  S3 ListObjects called bucket="aws-emr-resources-913932804865-eu-central-1" prefix=""
2026/03/09 22:31:08.543893 [INFO]  S3 ListObjects returned 0 items
2026/03/09 22:31:08.543928 [DEBUG] loadObjects: 0 objects loaded, rendering
2026/03/09 22:31:08.543932 [DEBUG] render: buckets=75 objects=0 bucketIdx=8 objIdx=0
2026/03/09 22:31:08.711280 [DEBUG] key: bucket up (idx=8)
2026/03/09 22:31:08.711315 [INFO]  key: select bucket idx=7
2026/03/09 22:31:08.711319 [INFO]  loadObjects: bucket="aws-athena-query-results-eu-central-1-913932804865" prefix=""
2026/03/09 22:31:08.711324 [INFO]  S3 ListObjects called bucket="aws-athena-query-results-eu-central-1-913932804865" prefix=""
2026/03/09 22:31:08.876853 [INFO]  S3 ListObjects returned 54 items
2026/03/09 22:31:08.876879 [DEBUG] loadObjects: 54 objects loaded, rendering
2026/03/09 22:31:08.876883 [DEBUG] render: buckets=75 objects=54 bucketIdx=7 objIdx=0
2026/03/09 22:31:11.770522 [DEBUG] key: bucket down (idx=7)
2026/03/09 22:31:11.770575 [INFO]  key: select bucket idx=8
2026/03/09 22:31:11.770584 [INFO]  loadObjects: bucket="aws-emr-resources-913932804865-eu-central-1" prefix=""
2026/03/09 22:31:11.770593 [INFO]  S3 ListObjects called bucket="aws-emr-resources-913932804865-eu-central-1" prefix=""
2026/03/09 22:31:11.819086 [INFO]  S3 ListObjects returned 0 items
2026/03/09 22:31:11.819113 [DEBUG] loadObjects: 0 objects loaded, rendering
2026/03/09 22:31:11.819121 [DEBUG] render: buckets=75 objects=0 bucketIdx=8 objIdx=0
2026/03/09 22:31:12.246138 [DEBUG] key: bucket down (idx=8)
2026/03/09 22:31:12.246184 [INFO]  key: select bucket idx=9
2026/03/09 22:31:12.246190 [INFO]  loadObjects: bucket="aws-logs-913932804865-eu-central-1" prefix=""
2026/03/09 22:31:12.246197 [INFO]  S3 ListObjects called bucket="aws-logs-913932804865-eu-central-1" prefix=""
2026/03/09 22:31:12.300632 [INFO]  S3 ListObjects returned 1 items
2026/03/09 22:31:12.300674 [DEBUG] loadObjects: 1 objects loaded, rendering
2026/03/09 22:31:12.300679 [DEBUG] render: buckets=75 objects=1 bucketIdx=9 objIdx=0
2026/03/09 22:31:32.983361 [DEBUG] key: bucket up (idx=9)
2026/03/09 22:31:32.983567 [INFO]  key: select bucket idx=8
2026/03/09 22:31:32.983600 [INFO]  loadObjects: bucket="aws-emr-resources-913932804865-eu-central-1" prefix=""
2026/03/09 22:31:32.983637 [INFO]  S3 ListObjects called bucket="aws-emr-resources-913932804865-eu-central-1" prefix=""
2026/03/09 22:31:33.128649 [INFO]  S3 ListObjects returned 0 items
2026/03/09 22:31:33.128705 [DEBUG] loadObjects: 0 objects loaded, rendering
2026/03/09 22:31:33.128715 [DEBUG] render: buckets=75 objects=0 bucketIdx=8 objIdx=0
2026/03/09 22:31:33.710053 [DEBUG] key: bucket up (idx=8)
2026/03/09 22:31:33.710117 [INFO]  key: select bucket idx=7
2026/03/09 22:31:33.710132 [INFO]  loadObjects: bucket="aws-athena-query-results-eu-central-1-913932804865" prefix=""
2026/03/09 22:31:33.710152 [INFO]  S3 ListObjects called bucket="aws-athena-query-results-eu-central-1-913932804865" prefix=""
2026/03/09 22:31:33.869231 [INFO]  S3 ListObjects returned 54 items
2026/03/09 22:31:33.869278 [DEBUG] loadObjects: 54 objects loaded, rendering
2026/03/09 22:31:33.869289 [DEBUG] render: buckets=75 objects=54 bucketIdx=7 objIdx=0
2026/03/09 22:31:34.836103 [DEBUG] key: bucket down (idx=7)
2026/03/09 22:31:34.836154 [INFO]  key: select bucket idx=8
2026/03/09 22:31:34.836161 [INFO]  loadObjects: bucket="aws-emr-resources-913932804865-eu-central-1" prefix=""
2026/03/09 22:31:34.836170 [INFO]  S3 ListObjects called bucket="aws-emr-resources-913932804865-eu-central-1" prefix=""
2026/03/09 22:31:34.895188 [INFO]  S3 ListObjects returned 0 items
2026/03/09 22:31:34.895247 [DEBUG] loadObjects: 0 objects loaded, rendering
2026/03/09 22:31:34.895262 [DEBUG] render: buckets=75 objects=0 bucketIdx=8 objIdx=0
2026/03/09 22:31:35.205355 [DEBUG] key: bucket up (idx=8)
2026/03/09 22:31:35.205389 [INFO]  key: select bucket idx=7
2026/03/09 22:31:35.205394 [INFO]  loadObjects: bucket="aws-athena-query-results-eu-central-1-913932804865" prefix=""
2026/03/09 22:31:35.205400 [INFO]  S3 ListObjects called bucket="aws-athena-query-results-eu-central-1-913932804865" prefix=""
2026/03/09 22:31:35.269778 [INFO]  S3 ListObjects returned 54 items
2026/03/09 22:31:35.269808 [DEBUG] loadObjects: 54 objects loaded, rendering
2026/03/09 22:31:35.269813 [DEBUG] render: buckets=75 objects=54 bucketIdx=7 objIdx=0
2026/03/09 22:31:38.190611 [DEBUG] key: obj down (idx=0)
2026/03/09 22:31:38.190682 [DEBUG] render: buckets=75 objects=54 bucketIdx=7 objIdx=1
2026/03/09 22:31:39.080475 [DEBUG] key: obj up (idx=1)
2026/03/09 22:31:39.080531 [DEBUG] render: buckets=75 objects=54 bucketIdx=7 objIdx=0
2026/03/09 22:35:21.709469 [INFO]  key: quit
2026/03/09 22:35:21.709509 [INFO]  App exiting normally
2026/03/11 20:25:48.831584 [INFO]  App starting
2026/03/11 20:25:48.832178 [DEBUG] layout: first render, loading buckets
2026/03/11 20:25:48.832221 [INFO]  loadBuckets: listing buckets
2026/03/11 20:25:48.832227 [INFO]  S3 ListBuckets called
2026/03/11 20:25:49.184114 [INFO]  S3 ListBuckets returned 75 buckets
2026/03/11 20:25:49.184189 [INFO]  loadBuckets: got 75 buckets
2026/03/11 20:25:49.184196 [INFO]  loadObjects: bucket="airflow-testing-clarity-mgmt" prefix=""
2026/03/11 20:25:49.184200 [INFO]  S3 ListObjects called bucket="airflow-testing-clarity-mgmt" prefix=""
2026/03/11 20:25:49.339756 [INFO]  S3 ListObjects returned 3 items
2026/03/11 20:25:49.339783 [DEBUG] loadObjects: 3 objects loaded, rendering
2026/03/11 20:25:49.339788 [DEBUG] render: buckets=75 objects=3 bucketIdx=0 objIdx=0
2026/03/11 20:25:50.212808 [DEBUG] key: bucket down (idx=0)
2026/03/11 20:25:50.212843 [INFO]  key: select bucket idx=1
2026/03/11 20:25:50.212849 [INFO]  loadObjects: bucket="airflowlogs-clarity-mgmt-pro" prefix=""
2026/03/11 20:25:50.212856 [INFO]  S3 ListObjects called bucket="airflowlogs-clarity-mgmt-pro" prefix=""
2026/03/11 20:25:50.403316 [INFO]  S3 ListObjects returned 4 items
2026/03/11 20:25:50.403370 [DEBUG] loadObjects: 4 objects loaded, rendering
2026/03/11 20:25:50.403375 [DEBUG] render: buckets=75 objects=4 bucketIdx=1 objIdx=0
2026/03/11 20:25:50.403692 [DEBUG] key: bucket down (idx=1)
2026/03/11 20:25:50.403695 [INFO]  key: select bucket idx=2
2026/03/11 20:25:50.403698 [INFO]  loadObjects: bucket="airflowv2-clarity-mgmt-pro" prefix=""
2026/03/11 20:25:50.403701 [INFO]  S3 ListObjects called bucket="airflowv2-clarity-mgmt-pro" prefix=""
2026/03/11 20:25:50.554110 [INFO]  S3 ListObjects returned 2 items
2026/03/11 20:25:50.554142 [DEBUG] loadObjects: 2 objects loaded, rendering
2026/03/11 20:25:50.554145 [DEBUG] render: buckets=75 objects=2 bucketIdx=2 objIdx=0
2026/03/11 20:25:50.554516 [DEBUG] key: bucket down (idx=2)
2026/03/11 20:25:50.554521 [INFO]  key: select bucket idx=3
2026/03/11 20:25:50.554523 [INFO]  loadObjects: bucket="argo-workflows-clarity-mgmt-pro" prefix=""
2026/03/11 20:25:50.554525 [INFO]  S3 ListObjects called bucket="argo-workflows-clarity-mgmt-pro" prefix=""
2026/03/11 20:25:50.800473 [INFO]  S3 ListObjects returned 1000 items
2026/03/11 20:25:50.800494 [DEBUG] loadObjects: 1000 objects loaded, rendering
2026/03/11 20:25:50.800495 [DEBUG] render: buckets=75 objects=1000 bucketIdx=3 objIdx=0
2026/03/11 20:25:50.803557 [DEBUG] key: bucket down (idx=3)
2026/03/11 20:25:50.803566 [INFO]  key: select bucket idx=4
2026/03/11 20:25:50.803568 [INFO]  loadObjects: bucket="artifacts-clarity-mgmt-pro" prefix=""
2026/03/11 20:25:50.803570 [INFO]  S3 ListObjects called bucket="artifacts-clarity-mgmt-pro" prefix=""
2026/03/11 20:25:50.972620 [INFO]  S3 ListObjects returned 11 items
2026/03/11 20:25:50.972642 [DEBUG] loadObjects: 11 objects loaded, rendering
2026/03/11 20:25:50.972646 [DEBUG] render: buckets=75 objects=11 bucketIdx=4 objIdx=0
2026/03/11 20:25:51.587096 [DEBUG] key: bucket up (idx=4)
2026/03/11 20:25:51.587123 [INFO]  key: select bucket idx=3
2026/03/11 20:25:51.587126 [INFO]  loadObjects: bucket="argo-workflows-clarity-mgmt-pro" prefix=""
2026/03/11 20:25:51.587129 [INFO]  S3 ListObjects called bucket="argo-workflows-clarity-mgmt-pro" prefix=""
2026/03/11 20:25:51.732588 [INFO]  S3 ListObjects returned 1000 items
2026/03/11 20:25:51.732613 [DEBUG] loadObjects: 1000 objects loaded, rendering
2026/03/11 20:25:51.732615 [DEBUG] render: buckets=75 objects=1000 bucketIdx=3 objIdx=0
2026/03/11 20:25:52.291241 [DEBUG] key: bucket down (idx=3)
2026/03/11 20:25:52.291282 [INFO]  key: select bucket idx=4
2026/03/11 20:25:52.291286 [INFO]  loadObjects: bucket="artifacts-clarity-mgmt-pro" prefix=""
2026/03/11 20:25:52.291293 [INFO]  S3 ListObjects called bucket="artifacts-clarity-mgmt-pro" prefix=""
2026/03/11 20:25:52.354755 [INFO]  S3 ListObjects returned 11 items
2026/03/11 20:25:52.354798 [DEBUG] loadObjects: 11 objects loaded, rendering
2026/03/11 20:25:52.354801 [DEBUG] render: buckets=75 objects=11 bucketIdx=4 objIdx=0
2026/03/11 20:25:52.453286 [DEBUG] key: bucket down (idx=4)
2026/03/11 20:25:52.453307 [INFO]  key: select bucket idx=5
2026/03/11 20:25:52.453310 [INFO]  loadObjects: bucket="augmentedai-clarity-mgmt-pro" prefix=""
2026/03/11 20:25:52.453314 [INFO]  S3 ListObjects called bucket="augmentedai-clarity-mgmt-pro" prefix=""
2026/03/11 20:25:52.617378 [INFO]  S3 ListObjects returned 2 items
2026/03/11 20:25:52.617399 [DEBUG] loadObjects: 2 objects loaded, rendering
2026/03/11 20:25:52.617400 [DEBUG] render: buckets=75 objects=2 bucketIdx=5 objIdx=0
2026/03/11 20:25:52.674441 [DEBUG] key: bucket down (idx=5)
2026/03/11 20:25:52.674477 [INFO]  key: select bucket idx=6
2026/03/11 20:25:52.674481 [INFO]  loadObjects: bucket="aws-athena-query-results-913932804865-eu-central-1" prefix=""
2026/03/11 20:25:52.674490 [INFO]  S3 ListObjects called bucket="aws-athena-query-results-913932804865-eu-central-1" prefix=""
2026/03/11 20:25:52.837700 [INFO]  S3 ListObjects returned 1 items
2026/03/11 20:25:52.837734 [DEBUG] loadObjects: 1 objects loaded, rendering
2026/03/11 20:25:52.837740 [DEBUG] render: buckets=75 objects=1 bucketIdx=6 objIdx=0
2026/03/11 20:25:53.544063 [INFO]  key: quit
2026/03/11 20:25:53.544105 [INFO]  App exiting normally
2026/03/11 20:26:01.481521 [INFO]  App starting
2026/03/11 20:26:01.482878 [DEBUG] layout: first render, loading buckets
2026/03/11 20:26:01.482894 [INFO]  loadBuckets: listing buckets
2026/03/11 20:26:01.482896 [INFO]  S3 ListBuckets called
2026/03/11 20:26:01.840435 [INFO]  S3 ListBuckets returned 75 buckets
2026/03/11 20:26:01.840455 [INFO]  loadBuckets: got 75 buckets
2026/03/11 20:26:01.840461 [INFO]  loadObjects: bucket="airflow-testing-clarity-mgmt" prefix=""
2026/03/11 20:26:01.840464 [INFO]  S3 ListObjects called bucket="airflow-testing-clarity-mgmt" prefix=""
2026/03/11 20:26:02.002637 [INFO]  S3 ListObjects returned 3 items
2026/03/11 20:26:02.002668 [DEBUG] loadObjects: 3 objects loaded, rendering
2026/03/11 20:26:02.002672 [DEBUG] render: buckets=75 objects=3 bucketIdx=0 objIdx=0
2026/03/11 20:26:05.186990 [DEBUG] key: bucket down (idx=0)
2026/03/11 20:26:05.187062 [INFO]  key: select bucket idx=1
2026/03/11 20:26:05.187066 [INFO]  loadObjects: bucket="airflowlogs-clarity-mgmt-pro" prefix=""
2026/03/11 20:26:05.187070 [INFO]  S3 ListObjects called bucket="airflowlogs-clarity-mgmt-pro" prefix=""
2026/03/11 20:26:05.374475 [INFO]  S3 ListObjects returned 4 items
2026/03/11 20:26:05.374530 [DEBUG] loadObjects: 4 objects loaded, rendering
2026/03/11 20:26:05.374538 [DEBUG] render: buckets=75 objects=4 bucketIdx=1 objIdx=0
2026/03/11 20:26:06.581257 [DEBUG] key: bucket up (idx=1)
2026/03/11 20:26:06.581293 [INFO]  key: select bucket idx=0
2026/03/11 20:26:06.581302 [INFO]  loadObjects: bucket="airflow-testing-clarity-mgmt" prefix=""
2026/03/11 20:26:06.581312 [INFO]  S3 ListObjects called bucket="airflow-testing-clarity-mgmt" prefix=""
2026/03/11 20:26:06.643422 [INFO]  S3 ListObjects returned 3 items
2026/03/11 20:26:06.643463 [DEBUG] loadObjects: 3 objects loaded, rendering
2026/03/11 20:26:06.643480 [DEBUG] render: buckets=75 objects=3 bucketIdx=0 objIdx=0
2026/03/11 20:26:07.134652 [DEBUG] key: bucket down (idx=0)
2026/03/11 20:26:07.134721 [INFO]  key: select bucket idx=1
2026/03/11 20:26:07.134724 [INFO]  loadObjects: bucket="airflowlogs-clarity-mgmt-pro" prefix=""
2026/03/11 20:26:07.134732 [INFO]  S3 ListObjects called bucket="airflowlogs-clarity-mgmt-pro" prefix=""
2026/03/11 20:26:07.190384 [INFO]  S3 ListObjects returned 4 items
2026/03/11 20:26:07.190417 [DEBUG] loadObjects: 4 objects loaded, rendering
2026/03/11 20:26:07.190425 [DEBUG] render: buckets=75 objects=4 bucketIdx=1 objIdx=0
2026/03/11 20:26:07.472880 [DEBUG] key: bucket down (idx=1)
2026/03/11 20:26:07.472918 [INFO]  key: select bucket idx=2
2026/03/11 20:26:07.472926 [INFO]  loadObjects: bucket="airflowv2-clarity-mgmt-pro" prefix=""
2026/03/11 20:26:07.472936 [INFO]  S3 ListObjects called bucket="airflowv2-clarity-mgmt-pro" prefix=""
2026/03/11 20:26:07.640730 [INFO]  S3 ListObjects returned 2 items
2026/03/11 20:26:07.640761 [DEBUG] loadObjects: 2 objects loaded, rendering
2026/03/11 20:26:07.640769 [DEBUG] render: buckets=75 objects=2 bucketIdx=2 objIdx=0
2026/03/11 20:26:08.021266 [DEBUG] key: bucket down (idx=2)
2026/03/11 20:26:08.021311 [INFO]  key: select bucket idx=3
2026/03/11 20:26:08.021316 [INFO]  loadObjects: bucket="argo-workflows-clarity-mgmt-pro" prefix=""
2026/03/11 20:26:08.021323 [INFO]  S3 ListObjects called bucket="argo-workflows-clarity-mgmt-pro" prefix=""
2026/03/11 20:26:08.260722 [INFO]  S3 ListObjects returned 1000 items
2026/03/11 20:26:08.260742 [DEBUG] loadObjects: 1000 objects loaded, rendering
2026/03/11 20:26:08.260744 [DEBUG] render: buckets=75 objects=1000 bucketIdx=3 objIdx=0
2026/03/11 20:26:08.677777 [DEBUG] key: bucket up (idx=3)
2026/03/11 20:26:08.677807 [INFO]  key: select bucket idx=2
2026/03/11 20:26:08.677809 [INFO]  loadObjects: bucket="airflowv2-clarity-mgmt-pro" prefix=""
2026/03/11 20:26:08.677814 [INFO]  S3 ListObjects called bucket="airflowv2-clarity-mgmt-pro" prefix=""
2026/03/11 20:26:08.740772 [INFO]  S3 ListObjects returned 2 items
2026/03/11 20:26:08.740805 [DEBUG] loadObjects: 2 objects loaded, rendering
2026/03/11 20:26:08.740844 [DEBUG] render: buckets=75 objects=2 bucketIdx=2 objIdx=0
2026/03/11 20:26:08.846237 [DEBUG] key: bucket up (idx=2)
2026/03/11 20:26:08.846263 [INFO]  key: select bucket idx=1
2026/03/11 20:26:08.846268 [INFO]  loadObjects: bucket="airflowlogs-clarity-mgmt-pro" prefix=""
2026/03/11 20:26:08.846274 [INFO]  S3 ListObjects called bucket="airflowlogs-clarity-mgmt-pro" prefix=""
2026/03/11 20:26:08.914680 [INFO]  S3 ListObjects returned 4 items
2026/03/11 20:26:08.914709 [DEBUG] loadObjects: 4 objects loaded, rendering
2026/03/11 20:26:08.914714 [DEBUG] render: buckets=75 objects=4 bucketIdx=1 objIdx=0
2026/03/11 20:26:09.015338 [DEBUG] key: bucket up (idx=1)
2026/03/11 20:26:09.015357 [INFO]  key: select bucket idx=0
2026/03/11 20:26:09.015359 [INFO]  loadObjects: bucket="airflow-testing-clarity-mgmt" prefix=""
2026/03/11 20:26:09.015362 [INFO]  S3 ListObjects called bucket="airflow-testing-clarity-mgmt" prefix=""
2026/03/11 20:26:09.066600 [INFO]  S3 ListObjects returned 3 items
2026/03/11 20:26:09.066643 [DEBUG] loadObjects: 3 objects loaded, rendering
2026/03/11 20:26:09.066647 [DEBUG] render: buckets=75 objects=3 bucketIdx=0 objIdx=0
2026/03/11 20:26:09.858004 [DEBUG] key: bucket down (idx=0)
2026/03/11 20:26:09.858023 [INFO]  key: select bucket idx=1
2026/03/11 20:26:09.858025 [INFO]  loadObjects: bucket="airflowlogs-clarity-mgmt-pro" prefix=""
2026/03/11 20:26:09.858029 [INFO]  S3 ListObjects called bucket="airflowlogs-clarity-mgmt-pro" prefix=""
2026/03/11 20:26:09.921493 [INFO]  S3 ListObjects returned 4 items
2026/03/11 20:26:09.921520 [DEBUG] loadObjects: 4 objects loaded, rendering
2026/03/11 20:26:09.921524 [DEBUG] render: buckets=75 objects=4 bucketIdx=1 objIdx=0
2026/03/11 20:26:10.243498 [DEBUG] key: bucket up (idx=1)
2026/03/11 20:26:10.243539 [INFO]  key: select bucket idx=0
2026/03/11 20:26:10.243542 [INFO]  loadObjects: bucket="airflow-testing-clarity-mgmt" prefix=""
2026/03/11 20:26:10.243548 [INFO]  S3 ListObjects called bucket="airflow-testing-clarity-mgmt" prefix=""
2026/03/11 20:26:10.307060 [INFO]  S3 ListObjects returned 3 items
2026/03/11 20:26:10.307082 [DEBUG] loadObjects: 3 objects loaded, rendering
2026/03/11 20:26:10.307086 [DEBUG] render: buckets=75 objects=3 bucketIdx=0 objIdx=0
2026/03/11 20:26:10.654627 [DEBUG] key: bucket down (idx=0)
2026/03/11 20:26:10.654647 [INFO]  key: select bucket idx=1
2026/03/11 20:26:10.654649 [INFO]  loadObjects: bucket="airflowlogs-clarity-mgmt-pro" prefix=""
2026/03/11 20:26:10.654652 [INFO]  S3 ListObjects called bucket="airflowlogs-clarity-mgmt-pro" prefix=""
2026/03/11 20:26:10.721879 [INFO]  S3 ListObjects returned 4 items
2026/03/11 20:26:10.721905 [DEBUG] loadObjects: 4 objects loaded, rendering
2026/03/11 20:26:10.721909 [DEBUG] render: buckets=75 objects=4 bucketIdx=1 objIdx=0
2026/03/11 20:26:11.057998 [DEBUG] key: bucket up (idx=1)
2026/03/11 20:26:11.058025 [INFO]  key: select bucket idx=0
2026/03/11 20:26:11.058030 [INFO]  loadObjects: bucket="airflow-testing-clarity-mgmt" prefix=""
2026/03/11 20:26:11.058036 [INFO]  S3 ListObjects called bucket="airflow-testing-clarity-mgmt" prefix=""
2026/03/11 20:26:11.114427 [INFO]  S3 ListObjects returned 3 items
2026/03/11 20:26:11.114464 [DEBUG] loadObjects: 3 objects loaded, rendering
2026/03/11 20:26:11.114469 [DEBUG] render: buckets=75 objects=3 bucketIdx=0 objIdx=0
2026/03/11 20:26:11.491689 [DEBUG] key: bucket down (idx=0)
2026/03/11 20:26:11.491707 [INFO]  key: select bucket idx=1
2026/03/11 20:26:11.491710 [INFO]  loadObjects: bucket="airflowlogs-clarity-mgmt-pro" prefix=""
2026/03/11 20:26:11.491713 [INFO]  S3 ListObjects called bucket="airflowlogs-clarity-mgmt-pro" prefix=""
2026/03/11 20:26:11.556697 [INFO]  S3 ListObjects returned 4 items
2026/03/11 20:26:11.556714 [DEBUG] loadObjects: 4 objects loaded, rendering
2026/03/11 20:26:11.556716 [DEBUG] render: buckets=75 objects=4 bucketIdx=1 objIdx=0
2026/03/11 20:26:16.164385 [DEBUG] key: bucket up (idx=1)
2026/03/11 20:26:16.164439 [INFO]  key: select bucket idx=0
2026/03/11 20:26:16.164445 [INFO]  loadObjects: bucket="airflow-testing-clarity-mgmt" prefix=""
2026/03/11 20:26:16.164475 [INFO]  S3 ListObjects called bucket="airflow-testing-clarity-mgmt" prefix=""
2026/03/11 20:26:16.221079 [INFO]  S3 ListObjects returned 3 items
2026/03/11 20:26:16.221117 [DEBUG] loadObjects: 3 objects loaded, rendering
2026/03/11 20:26:16.221120 [DEBUG] render: buckets=75 objects=3 bucketIdx=0 objIdx=0
2026/03/11 20:28:00.210074 [INFO]  key: quit
2026/03/11 20:28:00.210122 [INFO]  App exiting normally
2026/03/11 20:52:11.197176 [INFO]  App starting
2026/03/11 20:52:11.197494 [DEBUG] layout: first render, loading buckets
2026/03/11 20:52:11.197500 [INFO]  loadBuckets: listing buckets
2026/03/11 20:52:11.197502 [INFO]  S3 ListBuckets called
2026/03/11 20:52:11.555934 [INFO]  S3 ListBuckets returned 75 buckets
2026/03/11 20:52:11.555952 [INFO]  loadBuckets: got 75 buckets
2026/03/11 20:52:11.555954 [INFO]  loadObjects: bucket="airflow-testing-clarity-mgmt" prefix=""
2026/03/11 20:52:11.555957 [INFO]  S3 ListObjects called bucket="airflow-testing-clarity-mgmt" prefix=""
2026/03/11 20:52:11.726210 [INFO]  S3 ListObjects returned 3 items
2026/03/11 20:52:11.726260 [DEBUG] loadObjects: 3 objects loaded, rendering
2026/03/11 20:52:11.726268 [DEBUG] render: buckets=75 objects=3 bucketIdx=0 objIdx=0
2026/03/11 20:52:12.921398 [DEBUG] key: bucket down (idx=0)
2026/03/11 20:52:12.921432 [INFO]  key: select bucket idx=1
2026/03/11 20:52:12.921438 [INFO]  loadObjects: bucket="airflowlogs-clarity-mgmt-pro" prefix=""
2026/03/11 20:52:12.921446 [INFO]  S3 ListObjects called bucket="airflowlogs-clarity-mgmt-pro" prefix=""
2026/03/11 20:52:13.085411 [INFO]  S3 ListObjects returned 4 items
2026/03/11 20:52:13.085440 [DEBUG] loadObjects: 4 objects loaded, rendering
2026/03/11 20:52:13.085446 [DEBUG] render: buckets=75 objects=4 bucketIdx=1 objIdx=0
2026/03/11 20:52:13.095062 [DEBUG] key: bucket down (idx=1)
2026/03/11 20:52:13.095106 [INFO]  key: select bucket idx=2
2026/03/11 20:52:13.095115 [INFO]  loadObjects: bucket="airflowv2-clarity-mgmt-pro" prefix=""
2026/03/11 20:52:13.095122 [INFO]  S3 ListObjects called bucket="airflowv2-clarity-mgmt-pro" prefix=""
2026/03/11 20:52:13.252019 [INFO]  S3 ListObjects returned 2 items
2026/03/11 20:52:13.252062 [DEBUG] loadObjects: 2 objects loaded, rendering
2026/03/11 20:52:13.252069 [DEBUG] render: buckets=75 objects=2 bucketIdx=2 objIdx=0
2026/03/11 20:52:27.592214 [DEBUG] key: bucket down (idx=2)
2026/03/11 20:52:27.592271 [INFO]  key: select bucket idx=3
2026/03/11 20:52:27.592277 [INFO]  loadObjects: bucket="argo-workflows-clarity-mgmt-pro" prefix=""
2026/03/11 20:52:27.592285 [INFO]  S3 ListObjects called bucket="argo-workflows-clarity-mgmt-pro" prefix=""
2026/03/11 20:52:27.861762 [INFO]  S3 ListObjects returned 1000 items
2026/03/11 20:52:27.861783 [DEBUG] loadObjects: 1000 objects loaded, rendering
2026/03/11 20:52:27.861785 [DEBUG] render: buckets=75 objects=1000 bucketIdx=3 objIdx=0
2026/03/11 20:52:28.170415 [DEBUG] key: bucket down (idx=3)
2026/03/11 20:52:28.170447 [INFO]  key: select bucket idx=4
2026/03/11 20:52:28.170450 [INFO]  loadObjects: bucket="artifacts-clarity-mgmt-pro" prefix=""
2026/03/11 20:52:28.170454 [INFO]  S3 ListObjects called bucket="artifacts-clarity-mgmt-pro" prefix=""
2026/03/11 20:52:28.364044 [INFO]  S3 ListObjects returned 11 items
2026/03/11 20:52:28.364077 [DEBUG] loadObjects: 11 objects loaded, rendering
2026/03/11 20:52:28.364083 [DEBUG] render: buckets=75 objects=11 bucketIdx=4 objIdx=0
2026/03/11 20:52:28.649557 [DEBUG] key: bucket up (idx=4)
2026/03/11 20:52:28.649596 [INFO]  key: select bucket idx=3
2026/03/11 20:52:28.649602 [INFO]  loadObjects: bucket="argo-workflows-clarity-mgmt-pro" prefix=""
2026/03/11 20:52:28.649611 [INFO]  S3 ListObjects called bucket="argo-workflows-clarity-mgmt-pro" prefix=""
2026/03/11 20:52:28.764986 [INFO]  S3 ListObjects returned 1000 items
2026/03/11 20:52:28.765008 [DEBUG] loadObjects: 1000 objects loaded, rendering
2026/03/11 20:52:28.765011 [DEBUG] render: buckets=75 objects=1000 bucketIdx=3 objIdx=0
2026/03/11 20:52:28.815697 [DEBUG] key: bucket up (idx=3)
2026/03/11 20:52:28.815778 [INFO]  key: select bucket idx=2
2026/03/11 20:52:28.815784 [INFO]  loadObjects: bucket="airflowv2-clarity-mgmt-pro" prefix=""
2026/03/11 20:52:28.815793 [INFO]  S3 ListObjects called bucket="airflowv2-clarity-mgmt-pro" prefix=""
2026/03/11 20:52:28.969735 [INFO]  S3 ListObjects returned 2 items
2026/03/11 20:52:28.969757 [DEBUG] loadObjects: 2 objects loaded, rendering
2026/03/11 20:52:28.969758 [DEBUG] render: buckets=75 objects=2 bucketIdx=2 objIdx=0
2026/03/11 20:52:29.086596 [DEBUG] key: bucket up (idx=2)
2026/03/11 20:52:29.086625 [INFO]  key: select bucket idx=1
2026/03/11 20:52:29.086630 [INFO]  loadObjects: bucket="airflowlogs-clarity-mgmt-pro" prefix=""
2026/03/11 20:52:29.086636 [INFO]  S3 ListObjects called bucket="airflowlogs-clarity-mgmt-pro" prefix=""
2026/03/11 20:52:29.246343 [INFO]  S3 ListObjects returned 4 items
2026/03/11 20:52:29.246369 [DEBUG] loadObjects: 4 objects loaded, rendering
2026/03/11 20:52:29.246371 [DEBUG] render: buckets=75 objects=4 bucketIdx=1 objIdx=0
2026/03/11 20:52:29.497875 [DEBUG] key: bucket down (idx=1)
2026/03/11 20:52:29.497933 [INFO]  key: select bucket idx=2
2026/03/11 20:52:29.497937 [INFO]  loadObjects: bucket="airflowv2-clarity-mgmt-pro" prefix=""
2026/03/11 20:52:29.497950 [INFO]  S3 ListObjects called bucket="airflowv2-clarity-mgmt-pro" prefix=""
2026/03/11 20:52:29.563006 [INFO]  S3 ListObjects returned 2 items
2026/03/11 20:52:29.563047 [DEBUG] loadObjects: 2 objects loaded, rendering
2026/03/11 20:52:29.563051 [DEBUG] render: buckets=75 objects=2 bucketIdx=2 objIdx=0
2026/03/11 20:52:29.664377 [DEBUG] key: bucket down (idx=2)
2026/03/11 20:52:29.664404 [INFO]  key: select bucket idx=3
2026/03/11 20:52:29.664407 [INFO]  loadObjects: bucket="argo-workflows-clarity-mgmt-pro" prefix=""
2026/03/11 20:52:29.664411 [INFO]  S3 ListObjects called bucket="argo-workflows-clarity-mgmt-pro" prefix=""
2026/03/11 20:52:29.781356 [INFO]  S3 ListObjects returned 1000 items
2026/03/11 20:52:29.781375 [DEBUG] loadObjects: 1000 objects loaded, rendering
2026/03/11 20:52:29.781377 [DEBUG] render: buckets=75 objects=1000 bucketIdx=3 objIdx=0
2026/03/11 20:52:29.852158 [DEBUG] key: bucket down (idx=3)
2026/03/11 20:52:29.852188 [INFO]  key: select bucket idx=4
2026/03/11 20:52:29.852192 [INFO]  loadObjects: bucket="artifacts-clarity-mgmt-pro" prefix=""
2026/03/11 20:52:29.852199 [INFO]  S3 ListObjects called bucket="artifacts-clarity-mgmt-pro" prefix=""
2026/03/11 20:52:29.915456 [INFO]  S3 ListObjects returned 11 items
2026/03/11 20:52:29.915482 [DEBUG] loadObjects: 11 objects loaded, rendering
2026/03/11 20:52:29.915486 [DEBUG] render: buckets=75 objects=11 bucketIdx=4 objIdx=0
2026/03/11 20:52:30.050713 [DEBUG] key: bucket down (idx=4)
2026/03/11 20:52:30.050732 [INFO]  key: select bucket idx=5
2026/03/11 20:52:30.050736 [INFO]  loadObjects: bucket="augmentedai-clarity-mgmt-pro" prefix=""
2026/03/11 20:52:30.050740 [INFO]  S3 ListObjects called bucket="augmentedai-clarity-mgmt-pro" prefix=""
2026/03/11 20:52:30.229144 [INFO]  S3 ListObjects returned 2 items
2026/03/11 20:52:30.229177 [DEBUG] loadObjects: 2 objects loaded, rendering
2026/03/11 20:52:30.229182 [DEBUG] render: buckets=75 objects=2 bucketIdx=5 objIdx=0
2026/03/11 20:52:30.243501 [DEBUG] key: bucket down (idx=5)
2026/03/11 20:52:30.243541 [INFO]  key: select bucket idx=6
2026/03/11 20:52:30.243547 [INFO]  loadObjects: bucket="aws-athena-query-results-913932804865-eu-central-1" prefix=""
2026/03/11 20:52:30.243554 [INFO]  S3 ListObjects called bucket="aws-athena-query-results-913932804865-eu-central-1" prefix=""
2026/03/11 20:52:30.397325 [INFO]  S3 ListObjects returned 1 items
2026/03/11 20:52:30.397345 [DEBUG] loadObjects: 1 objects loaded, rendering
2026/03/11 20:52:30.397347 [DEBUG] render: buckets=75 objects=1 bucketIdx=6 objIdx=0
2026/03/11 20:52:30.676321 [DEBUG] key: bucket down (idx=6)
2026/03/11 20:52:30.676344 [INFO]  key: select bucket idx=7
2026/03/11 20:52:30.676347 [INFO]  loadObjects: bucket="aws-athena-query-results-eu-central-1-913932804865" prefix=""
2026/03/11 20:52:30.676351 [INFO]  S3 ListObjects called bucket="aws-athena-query-results-eu-central-1-913932804865" prefix=""
2026/03/11 20:52:30.833802 [INFO]  S3 ListObjects returned 54 items
2026/03/11 20:52:30.833831 [DEBUG] loadObjects: 54 objects loaded, rendering
2026/03/11 20:52:30.833834 [DEBUG] render: buckets=75 objects=54 bucketIdx=7 objIdx=0
2026/03/11 20:52:30.869145 [DEBUG] key: bucket down (idx=7)
2026/03/11 20:52:30.869198 [INFO]  key: select bucket idx=8
2026/03/11 20:52:30.869203 [INFO]  loadObjects: bucket="aws-emr-resources-913932804865-eu-central-1" prefix=""
2026/03/11 20:52:30.869213 [INFO]  S3 ListObjects called bucket="aws-emr-resources-913932804865-eu-central-1" prefix=""
2026/03/11 20:52:31.022598 [INFO]  S3 ListObjects returned 0 items
2026/03/11 20:52:31.022621 [DEBUG] loadObjects: 0 objects loaded, rendering
2026/03/11 20:52:31.022624 [DEBUG] render: buckets=75 objects=0 bucketIdx=8 objIdx=0
2026/03/11 20:52:31.037966 [DEBUG] key: bucket down (idx=8)
2026/03/11 20:52:31.037993 [INFO]  key: select bucket idx=9
2026/03/11 20:52:31.037998 [INFO]  loadObjects: bucket="aws-logs-913932804865-eu-central-1" prefix=""
2026/03/11 20:52:31.038003 [INFO]  S3 ListObjects called bucket="aws-logs-913932804865-eu-central-1" prefix=""
2026/03/11 20:52:31.177589 [INFO]  S3 ListObjects returned 1 items
2026/03/11 20:52:31.177616 [DEBUG] loadObjects: 1 objects loaded, rendering
2026/03/11 20:52:31.177620 [DEBUG] render: buckets=75 objects=1 bucketIdx=9 objIdx=0
2026/03/11 20:52:31.255421 [DEBUG] key: bucket down (idx=9)
2026/03/11 20:52:31.255454 [INFO]  key: select bucket idx=10
2026/03/11 20:52:31.255466 [INFO]  loadObjects: bucket="backup-data-platform-clarity-mgmt-pro" prefix=""
2026/03/11 20:52:31.255472 [INFO]  S3 ListObjects called bucket="backup-data-platform-clarity-mgmt-pro" prefix=""
2026/03/11 20:52:31.411979 [INFO]  S3 ListObjects returned 10 items
2026/03/11 20:52:31.411999 [DEBUG] loadObjects: 10 objects loaded, rendering
2026/03/11 20:52:31.412001 [DEBUG] render: buckets=75 objects=10 bucketIdx=10 objIdx=0
2026/03/11 20:52:31.659673 [DEBUG] key: bucket up (idx=10)
2026/03/11 20:52:31.659738 [INFO]  key: select bucket idx=9
2026/03/11 20:52:31.659742 [INFO]  loadObjects: bucket="aws-logs-913932804865-eu-central-1" prefix=""
2026/03/11 20:52:31.659750 [INFO]  S3 ListObjects called bucket="aws-logs-913932804865-eu-central-1" prefix=""
2026/03/11 20:52:31.724741 [INFO]  S3 ListObjects returned 1 items
2026/03/11 20:52:31.724799 [DEBUG] loadObjects: 1 objects loaded, rendering
2026/03/11 20:52:31.724804 [DEBUG] render: buckets=75 objects=1 bucketIdx=9 objIdx=0
2026/03/11 20:52:33.249531 [INFO]  key: quit
2026/03/11 20:52:33.249557 [INFO]  App exiting normally
2026/03/11 20:53:14.719686 [INFO]  App starting
2026/03/11 20:53:14.720055 [DEBUG] layout: first render, loading buckets
2026/03/11 20:53:14.720076 [INFO]  loadBuckets: listing buckets
2026/03/11 20:53:14.720082 [INFO]  S3 ListBuckets called
2026/03/11 20:53:15.057575 [INFO]  S3 ListBuckets returned 75 buckets
2026/03/11 20:53:15.057618 [INFO]  loadBuckets: got 75 buckets
2026/03/11 20:53:15.057624 [INFO]  loadObjects: bucket="airflow-testing-clarity-mgmt" prefix=""
2026/03/11 20:53:15.057633 [INFO]  S3 ListObjects called bucket="airflow-testing-clarity-mgmt" prefix=""
2026/03/11 20:53:15.314437 [INFO]  S3 ListObjects returned 3 items
2026/03/11 20:53:15.314469 [DEBUG] loadObjects: 3 objects loaded, rendering
2026/03/11 20:53:15.314474 [DEBUG] render: buckets=75 objects=3 bucketIdx=0 objIdx=0
2026/03/11 21:01:59.386804 [DEBUG] key: bucket down (idx=0)
2026/03/11 21:01:59.386896 [INFO]  key: select bucket idx=1
2026/03/11 21:01:59.386906 [INFO]  loadObjects: bucket="airflowlogs-clarity-mgmt-pro" prefix=""
2026/03/11 21:01:59.386925 [INFO]  S3 ListObjects called bucket="airflowlogs-clarity-mgmt-pro" prefix=""
2026/03/11 21:01:59.553167 [INFO]  S3 ListObjects returned 4 items
2026/03/11 21:01:59.553208 [DEBUG] loadObjects: 4 objects loaded, rendering
2026/03/11 21:01:59.553216 [DEBUG] render: buckets=75 objects=4 bucketIdx=1 objIdx=0
2026/03/11 21:02:00.012674 [DEBUG] key: bucket up (idx=1)
2026/03/11 21:02:00.012746 [INFO]  key: select bucket idx=0
2026/03/11 21:02:00.012750 [INFO]  loadObjects: bucket="airflow-testing-clarity-mgmt" prefix=""
2026/03/11 21:02:00.012755 [INFO]  S3 ListObjects called bucket="airflow-testing-clarity-mgmt" prefix=""
2026/03/11 21:02:00.208679 [INFO]  S3 ListObjects returned 3 items
2026/03/11 21:02:00.208719 [DEBUG] loadObjects: 3 objects loaded, rendering
2026/03/11 21:02:00.208724 [DEBUG] render: buckets=75 objects=3 bucketIdx=0 objIdx=0
2026/03/11 21:02:00.229537 [DEBUG] key: bucket up (idx=0)
2026/03/11 21:02:00.855537 [DEBUG] key: bucket down (idx=0)
2026/03/11 21:02:00.855615 [INFO]  key: select bucket idx=1
2026/03/11 21:02:00.855622 [INFO]  loadObjects: bucket="airflowlogs-clarity-mgmt-pro" prefix=""
2026/03/11 21:02:00.855630 [INFO]  S3 ListObjects called bucket="airflowlogs-clarity-mgmt-pro" prefix=""
2026/03/11 21:02:00.920839 [INFO]  S3 ListObjects returned 4 items
2026/03/11 21:02:00.920865 [DEBUG] loadObjects: 4 objects loaded, rendering
2026/03/11 21:02:00.920870 [DEBUG] render: buckets=75 objects=4 bucketIdx=1 objIdx=0
2026/03/11 21:02:01.217607 [DEBUG] key: bucket up (idx=1)
2026/03/11 21:02:01.217639 [INFO]  key: select bucket idx=0
2026/03/11 21:02:01.217645 [INFO]  loadObjects: bucket="airflow-testing-clarity-mgmt" prefix=""
2026/03/11 21:02:01.217662 [INFO]  S3 ListObjects called bucket="airflow-testing-clarity-mgmt" prefix=""
2026/03/11 21:02:01.288823 [INFO]  S3 ListObjects returned 3 items
2026/03/11 21:02:01.288845 [DEBUG] loadObjects: 3 objects loaded, rendering
2026/03/11 21:02:01.288848 [DEBUG] render: buckets=75 objects=3 bucketIdx=0 objIdx=0
2026/03/11 21:02:01.458158 [DEBUG] key: bucket down (idx=0)
2026/03/11 21:02:01.458173 [INFO]  key: select bucket idx=1
2026/03/11 21:02:01.458176 [INFO]  loadObjects: bucket="airflowlogs-clarity-mgmt-pro" prefix=""
2026/03/11 21:02:01.458179 [INFO]  S3 ListObjects called bucket="airflowlogs-clarity-mgmt-pro" prefix=""
2026/03/11 21:02:01.521671 [INFO]  S3 ListObjects returned 4 items
2026/03/11 21:02:01.521712 [DEBUG] loadObjects: 4 objects loaded, rendering
2026/03/11 21:02:01.521718 [DEBUG] render: buckets=75 objects=4 bucketIdx=1 objIdx=0
2026/03/11 21:02:01.694626 [DEBUG] key: bucket up (idx=1)
2026/03/11 21:02:01.694786 [INFO]  key: select bucket idx=0
2026/03/11 21:02:01.694796 [INFO]  loadObjects: bucket="airflow-testing-clarity-mgmt" prefix=""
2026/03/11 21:02:01.694813 [INFO]  S3 ListObjects called bucket="airflow-testing-clarity-mgmt" prefix=""
2026/03/11 21:02:01.761076 [INFO]  S3 ListObjects returned 3 items
2026/03/11 21:02:01.761114 [DEBUG] loadObjects: 3 objects loaded, rendering
2026/03/11 21:02:01.761117 [DEBUG] render: buckets=75 objects=3 bucketIdx=0 objIdx=0
2026/03/11 21:02:01.867329 [DEBUG] key: bucket down (idx=0)
2026/03/11 21:02:01.867347 [INFO]  key: select bucket idx=1
2026/03/11 21:02:01.867349 [INFO]  loadObjects: bucket="airflowlogs-clarity-mgmt-pro" prefix=""
2026/03/11 21:02:01.867353 [INFO]  S3 ListObjects called bucket="airflowlogs-clarity-mgmt-pro" prefix=""
2026/03/11 21:02:01.923351 [INFO]  S3 ListObjects returned 4 items
2026/03/11 21:02:01.923383 [DEBUG] loadObjects: 4 objects loaded, rendering
2026/03/11 21:02:01.923387 [DEBUG] render: buckets=75 objects=4 bucketIdx=1 objIdx=0
2026/03/11 21:12:14.227163 [INFO]  key: quit
2026/03/11 21:12:14.227203 [INFO]  App exiting normally
2026/03/11 21:12:24.355598 [INFO]  App starting
2026/03/11 21:12:24.355949 [DEBUG] layout: first render, loading buckets
2026/03/11 21:12:24.355984 [INFO]  loadBuckets: listing buckets
2026/03/11 21:12:24.355989 [INFO]  S3 ListBuckets called
2026/03/11 21:12:24.713337 [INFO]  S3 ListBuckets returned 75 buckets
2026/03/11 21:12:24.713359 [INFO]  loadBuckets: got 75 buckets
2026/03/11 21:12:24.713361 [INFO]  loadObjects: bucket="airflow-testing-clarity-mgmt" prefix=""
2026/03/11 21:12:24.713365 [INFO]  S3 ListObjects called bucket="airflow-testing-clarity-mgmt" prefix=""
2026/03/11 21:12:24.878790 [INFO]  S3 ListObjects returned 3 items
2026/03/11 21:12:24.878827 [DEBUG] loadObjects: 3 objects loaded, rendering
2026/03/11 21:12:24.878850 [DEBUG] render: buckets=75 objects=3 bucketIdx=0 objIdx=0
2026/03/11 21:12:25.694650 [DEBUG] key: bucket down (idx=0)
2026/03/11 21:12:25.694683 [INFO]  key: select bucket idx=1
2026/03/11 21:12:25.694687 [INFO]  loadObjects: bucket="airflowlogs-clarity-mgmt-pro" prefix=""
2026/03/11 21:12:25.694692 [INFO]  S3 ListObjects called bucket="airflowlogs-clarity-mgmt-pro" prefix=""
2026/03/11 21:12:25.856157 [INFO]  S3 ListObjects returned 4 items
2026/03/11 21:12:25.856198 [DEBUG] loadObjects: 4 objects loaded, rendering
2026/03/11 21:12:25.856204 [DEBUG] render: buckets=75 objects=4 bucketIdx=1 objIdx=0
2026/03/11 21:12:26.345477 [DEBUG] key: bucket down (idx=1)
2026/03/11 21:12:26.345496 [INFO]  key: select bucket idx=2
2026/03/11 21:12:26.345499 [INFO]  loadObjects: bucket="airflowv2-clarity-mgmt-pro" prefix=""
2026/03/11 21:12:26.345502 [INFO]  S3 ListObjects called bucket="airflowv2-clarity-mgmt-pro" prefix=""
2026/03/11 21:12:26.530473 [INFO]  S3 ListObjects returned 2 items
2026/03/11 21:12:26.530502 [DEBUG] loadObjects: 2 objects loaded, rendering
2026/03/11 21:12:26.530507 [DEBUG] render: buckets=75 objects=2 bucketIdx=2 objIdx=0
2026/03/11 21:12:26.821616 [DEBUG] key: bucket down (idx=2)
2026/03/11 21:12:26.821655 [INFO]  key: select bucket idx=3
2026/03/11 21:12:26.821661 [INFO]  loadObjects: bucket="argo-workflows-clarity-mgmt-pro" prefix=""
2026/03/11 21:12:26.821668 [INFO]  S3 ListObjects called bucket="argo-workflows-clarity-mgmt-pro" prefix=""
2026/03/11 21:12:27.077603 [INFO]  S3 ListObjects returned 1000 items
2026/03/11 21:12:27.077622 [DEBUG] loadObjects: 1000 objects loaded, rendering
2026/03/11 21:12:27.077624 [DEBUG] render: buckets=75 objects=1000 bucketIdx=3 objIdx=0
2026/03/11 21:12:27.327086 [DEBUG] key: bucket down (idx=3)
2026/03/11 21:12:27.327151 [INFO]  key: select bucket idx=4
2026/03/11 21:12:27.327157 [INFO]  loadObjects: bucket="artifacts-clarity-mgmt-pro" prefix=""
2026/03/11 21:12:27.327165 [INFO]  S3 ListObjects called bucket="artifacts-clarity-mgmt-pro" prefix=""
2026/03/11 21:12:27.514782 [INFO]  S3 ListObjects returned 11 items
2026/03/11 21:12:27.514805 [DEBUG] loadObjects: 11 objects loaded, rendering
2026/03/11 21:12:27.514809 [DEBUG] render: buckets=75 objects=11 bucketIdx=4 objIdx=0
2026/03/11 21:12:27.761027 [DEBUG] key: bucket down (idx=4)
2026/03/11 21:12:27.761066 [INFO]  key: select bucket idx=5
2026/03/11 21:12:27.761071 [INFO]  loadObjects: bucket="augmentedai-clarity-mgmt-pro" prefix=""
2026/03/11 21:12:27.761078 [INFO]  S3 ListObjects called bucket="augmentedai-clarity-mgmt-pro" prefix=""
2026/03/11 21:12:27.906082 [INFO]  S3 ListObjects returned 2 items
2026/03/11 21:12:27.906116 [DEBUG] loadObjects: 2 objects loaded, rendering
2026/03/11 21:12:27.906119 [DEBUG] render: buckets=75 objects=2 bucketIdx=5 objIdx=0
2026/03/11 21:12:28.199565 [DEBUG] key: bucket down (idx=5)
2026/03/11 21:12:28.199610 [INFO]  key: select bucket idx=6
2026/03/11 21:12:28.199615 [INFO]  loadObjects: bucket="aws-athena-query-results-913932804865-eu-central-1" prefix=""
2026/03/11 21:12:28.199621 [INFO]  S3 ListObjects called bucket="aws-athena-query-results-913932804865-eu-central-1" prefix=""
2026/03/11 21:12:28.364349 [INFO]  S3 ListObjects returned 1 items
2026/03/11 21:12:28.364383 [DEBUG] loadObjects: 1 objects loaded, rendering
2026/03/11 21:12:28.364387 [DEBUG] render: buckets=75 objects=1 bucketIdx=6 objIdx=0
2026/03/11 21:12:28.657269 [DEBUG] key: bucket down (idx=6)
2026/03/11 21:12:28.657297 [INFO]  key: select bucket idx=7
2026/03/11 21:12:28.657302 [INFO]  loadObjects: bucket="aws-athena-query-results-eu-central-1-913932804865" prefix=""
2026/03/11 21:12:28.657309 [INFO]  S3 ListObjects called bucket="aws-athena-query-results-eu-central-1-913932804865" prefix=""
2026/03/11 21:12:28.807057 [INFO]  S3 ListObjects returned 54 items
2026/03/11 21:12:28.807074 [DEBUG] loadObjects: 54 objects loaded, rendering
2026/03/11 21:12:28.807076 [DEBUG] render: buckets=75 objects=54 bucketIdx=7 objIdx=0
2026/03/11 21:12:29.067424 [DEBUG] key: bucket down (idx=7)
2026/03/11 21:12:29.067472 [INFO]  key: select bucket idx=8
2026/03/11 21:12:29.067476 [INFO]  loadObjects: bucket="aws-emr-resources-913932804865-eu-central-1" prefix=""
2026/03/11 21:12:29.067483 [INFO]  S3 ListObjects called bucket="aws-emr-resources-913932804865-eu-central-1" prefix=""
2026/03/11 21:12:29.216870 [INFO]  S3 ListObjects returned 0 items
2026/03/11 21:12:29.216902 [DEBUG] loadObjects: 0 objects loaded, rendering
2026/03/11 21:12:29.216907 [DEBUG] render: buckets=75 objects=0 bucketIdx=8 objIdx=0
2026/03/11 21:12:29.502207 [DEBUG] key: bucket down (idx=8)
2026/03/11 21:12:29.502235 [INFO]  key: select bucket idx=9
2026/03/11 21:12:29.502239 [INFO]  loadObjects: bucket="aws-logs-913932804865-eu-central-1" prefix=""
2026/03/11 21:12:29.502244 [INFO]  S3 ListObjects called bucket="aws-logs-913932804865-eu-central-1" prefix=""
2026/03/11 21:12:29.680177 [INFO]  S3 ListObjects returned 1 items
2026/03/11 21:12:29.680230 [DEBUG] loadObjects: 1 objects loaded, rendering
2026/03/11 21:12:29.680238 [DEBUG] render: buckets=75 objects=1 bucketIdx=9 objIdx=0
2026/03/11 21:12:29.909452 [DEBUG] key: bucket down (idx=9)
2026/03/11 21:12:29.909480 [INFO]  key: select bucket idx=10
2026/03/11 21:12:29.909483 [INFO]  loadObjects: bucket="backup-data-platform-clarity-mgmt-pro" prefix=""
2026/03/11 21:12:29.909486 [INFO]  S3 ListObjects called bucket="backup-data-platform-clarity-mgmt-pro" prefix=""
2026/03/11 21:12:30.080086 [INFO]  S3 ListObjects returned 10 items
2026/03/11 21:12:30.080130 [DEBUG] loadObjects: 10 objects loaded, rendering
2026/03/11 21:12:30.080135 [DEBUG] render: buckets=75 objects=10 bucketIdx=10 objIdx=0
2026/03/11 21:12:30.266579 [DEBUG] key: bucket down (idx=10)
2026/03/11 21:12:30.266607 [INFO]  key: select bucket idx=11
2026/03/11 21:12:30.266613 [INFO]  loadObjects: bucket="backup-reference-data-clarity-mgmt-pro" prefix=""
2026/03/11 21:12:30.266618 [INFO]  S3 ListObjects called bucket="backup-reference-data-clarity-mgmt-pro" prefix=""
2026/03/11 21:12:30.428246 [ERROR] S3 ListObjects failed: operation error S3: ListObjectsV2, https response error StatusCode: 403, RequestID: G624WBEMYTTAK3CJ, HostID: MDo9SldABPoXAlMcpiJTAJtPyOe+QCDvKif2epcrLrV64J5Y46xYwhye5PFxNgQiQbBY0r0bSrF6zp3lTkood7CCWKylP+PQFNtohyrulZ4=, api error AccessDenied: User: arn:aws:sts::913932804865:assumed-role/federateclarity/aws-go-sdk-1773259944356398684 is not authorized to perform: s3:ListBucket on resource: "arn:aws:s3:::backup-reference-data-clarity-mgmt-pro" with an explicit deny in a resource-based policy
2026/03/11 21:12:30.428275 [ERROR] loadObjects failed: operation error S3: ListObjectsV2, https response error StatusCode: 403, RequestID: G624WBEMYTTAK3CJ, HostID: MDo9SldABPoXAlMcpiJTAJtPyOe+QCDvKif2epcrLrV64J5Y46xYwhye5PFxNgQiQbBY0r0bSrF6zp3lTkood7CCWKylP+PQFNtohyrulZ4=, api error AccessDenied: User: arn:aws:sts::913932804865:assumed-role/federateclarity/aws-go-sdk-1773259944356398684 is not authorized to perform: s3:ListBucket on resource: "arn:aws:s3:::backup-reference-data-clarity-mgmt-pro" with an explicit deny in a resource-based policy
2026/03/11 21:12:30.749685 [DEBUG] key: bucket down (idx=11)
2026/03/11 21:12:30.749712 [INFO]  key: select bucket idx=12
2026/03/11 21:12:30.749717 [INFO]  loadObjects: bucket="chatcommands-mgmt" prefix=""
2026/03/11 21:12:30.749722 [INFO]  S3 ListObjects called bucket="chatcommands-mgmt" prefix=""
2026/03/11 21:12:30.921435 [INFO]  S3 ListObjects returned 3 items
2026/03/11 21:12:30.921473 [DEBUG] loadObjects: 3 objects loaded, rendering
2026/03/11 21:12:30.921478 [DEBUG] render: buckets=75 objects=3 bucketIdx=12 objIdx=0
2026/03/11 21:13:06.614835 [DEBUG] key: bucket down (idx=12)
2026/03/11 21:13:06.614859 [INFO]  key: select bucket idx=13
2026/03/11 21:13:06.614865 [INFO]  loadObjects: bucket="clar-assistant-performance-tracker-data-mgmt" prefix=""
2026/03/11 21:13:06.614871 [INFO]  S3 ListObjects called bucket="clar-assistant-performance-tracker-data-mgmt" prefix=""
2026/03/11 21:13:06.777325 [INFO]  S3 ListObjects returned 1 items
2026/03/11 21:13:06.777369 [DEBUG] loadObjects: 1 objects loaded, rendering
2026/03/11 21:13:06.777404 [DEBUG] render: buckets=75 objects=1 bucketIdx=13 objIdx=0
2026/03/11 21:13:06.784736 [DEBUG] key: bucket down (idx=13)
2026/03/11 21:13:06.784756 [INFO]  key: select bucket idx=14
2026/03/11 21:13:06.784762 [INFO]  loadObjects: bucket="clar-clarityai-assistant-chat-mgmt" prefix=""
2026/03/11 21:13:06.784768 [INFO]  S3 ListObjects called bucket="clar-clarityai-assistant-chat-mgmt" prefix=""
2026/03/11 21:13:06.951956 [INFO]  S3 ListObjects returned 2 items
2026/03/11 21:13:06.951989 [DEBUG] loadObjects: 2 objects loaded, rendering
2026/03/11 21:13:06.951994 [DEBUG] render: buckets=75 objects=2 bucketIdx=14 objIdx=0
2026/03/11 21:13:06.952407 [DEBUG] key: bucket down (idx=14)
2026/03/11 21:13:06.952417 [INFO]  key: select bucket idx=15
2026/03/11 21:13:06.952422 [INFO]  loadObjects: bucket="clar-clarityai-assistant-report-mgmt" prefix=""
2026/03/11 21:13:06.952427 [INFO]  S3 ListObjects called bucket="clar-clarityai-assistant-report-mgmt" prefix=""
2026/03/11 21:13:07.120162 [INFO]  S3 ListObjects returned 0 items
2026/03/11 21:13:07.120217 [DEBUG] loadObjects: 0 objects loaded, rendering
2026/03/11 21:13:07.120221 [DEBUG] render: buckets=75 objects=0 bucketIdx=15 objIdx=0
2026/03/11 21:13:07.120548 [DEBUG] key: bucket down (idx=15)
2026/03/11 21:13:07.120551 [INFO]  key: select bucket idx=16
2026/03/11 21:13:07.120555 [INFO]  loadObjects: bucket="clar-fast-api-app-another-test-mgmt" prefix=""
2026/03/11 21:13:07.120559 [INFO]  S3 ListObjects called bucket="clar-fast-api-app-another-test-mgmt" prefix=""
2026/03/11 21:13:07.309490 [INFO]  S3 ListObjects returned 0 items
2026/03/11 21:13:07.309515 [DEBUG] loadObjects: 0 objects loaded, rendering
2026/03/11 21:13:07.309520 [DEBUG] render: buckets=75 objects=0 bucketIdx=16 objIdx=0
2026/03/11 21:13:07.309864 [DEBUG] key: bucket down (idx=16)
2026/03/11 21:13:07.309870 [INFO]  key: select bucket idx=17
2026/03/11 21:13:07.309874 [INFO]  loadObjects: bucket="clar-fast-api-app-test-mgmt" prefix=""
2026/03/11 21:13:07.309880 [INFO]  S3 ListObjects called bucket="clar-fast-api-app-test-mgmt" prefix=""
2026/03/11 21:13:07.474832 [INFO]  S3 ListObjects returned 0 items
2026/03/11 21:13:07.474868 [DEBUG] loadObjects: 0 objects loaded, rendering
2026/03/11 21:13:07.474873 [DEBUG] render: buckets=75 objects=0 bucketIdx=17 objIdx=0
2026/03/11 21:13:07.743821 [DEBUG] key: bucket down (idx=17)
2026/03/11 21:13:07.743847 [INFO]  key: select bucket idx=18
2026/03/11 21:13:07.743852 [INFO]  loadObjects: bucket="clar-loki-chunks-mgmt" prefix=""
2026/03/11 21:13:07.743857 [INFO]  S3 ListObjects called bucket="clar-loki-chunks-mgmt" prefix=""
2026/03/11 21:13:07.946986 [INFO]  S3 ListObjects returned 3 items
2026/03/11 21:13:07.947034 [DEBUG] loadObjects: 3 objects loaded, rendering
2026/03/11 21:13:07.947040 [DEBUG] render: buckets=75 objects=3 bucketIdx=18 objIdx=0
2026/03/11 21:13:08.224639 [DEBUG] key: bucket down (idx=18)
2026/03/11 21:13:08.224692 [INFO]  key: select bucket idx=19
2026/03/11 21:13:08.224699 [INFO]  loadObjects: bucket="clar-loki-ruler-mgmt" prefix=""
2026/03/11 21:13:08.224707 [INFO]  S3 ListObjects called bucket="clar-loki-ruler-mgmt" prefix=""
2026/03/11 21:13:08.402617 [INFO]  S3 ListObjects returned 0 items
2026/03/11 21:13:08.402639 [DEBUG] loadObjects: 0 objects loaded, rendering
2026/03/11 21:13:08.402640 [DEBUG] render: buckets=75 objects=0 bucketIdx=19 objIdx=0
2026/03/11 21:13:08.663828 [DEBUG] key: bucket down (idx=19)
2026/03/11 21:13:08.663848 [INFO]  key: select bucket idx=20
2026/03/11 21:13:08.663851 [INFO]  loadObjects: bucket="clar-metrics-validation-workspace-mgmt" prefix=""
2026/03/11 21:13:08.663855 [INFO]  S3 ListObjects called bucket="clar-metrics-validation-workspace-mgmt" prefix=""
2026/03/11 21:13:08.851792 [INFO]  S3 ListObjects returned 200 items
2026/03/11 21:13:08.851822 [DEBUG] loadObjects: 200 objects loaded, rendering
2026/03/11 21:13:08.851827 [DEBUG] render: buckets=75 objects=200 bucketIdx=20 objIdx=0
2026/03/11 21:13:09.338646 [DEBUG] key: bucket down (idx=20)
2026/03/11 21:13:09.338691 [INFO]  key: select bucket idx=21
2026/03/11 21:13:09.338700 [INFO]  loadObjects: bucket="clar-mlflow-genai-artifacts-store-mgmt" prefix=""
2026/03/11 21:13:09.338712 [INFO]  S3 ListObjects called bucket="clar-mlflow-genai-artifacts-store-mgmt" prefix=""
2026/03/11 21:13:09.496814 [INFO]  S3 ListObjects returned 37 items
2026/03/11 21:13:09.496846 [DEBUG] loadObjects: 37 objects loaded, rendering
2026/03/11 21:13:09.496850 [DEBUG] render: buckets=75 objects=37 bucketIdx=21 objIdx=0
2026/03/11 21:13:10.976331 [DEBUG] key: bucket up (idx=21)
2026/03/11 21:13:10.976354 [INFO]  key: select bucket idx=20
2026/03/11 21:13:10.976356 [INFO]  loadObjects: bucket="clar-metrics-validation-workspace-mgmt" prefix=""
2026/03/11 21:13:10.976360 [INFO]  S3 ListObjects called bucket="clar-metrics-validation-workspace-mgmt" prefix=""
2026/03/11 21:13:11.047011 [INFO]  S3 ListObjects returned 200 items
2026/03/11 21:13:11.047030 [DEBUG] loadObjects: 200 objects loaded, rendering
2026/03/11 21:13:11.047031 [DEBUG] render: buckets=75 objects=200 bucketIdx=20 objIdx=0
2026/03/11 21:13:11.285595 [DEBUG] key: bucket down (idx=20)
2026/03/11 21:13:11.285618 [INFO]  key: select bucket idx=21
2026/03/11 21:13:11.285621 [INFO]  loadObjects: bucket="clar-mlflow-genai-artifacts-store-mgmt" prefix=""
2026/03/11 21:13:11.285624 [INFO]  S3 ListObjects called bucket="clar-mlflow-genai-artifacts-store-mgmt" prefix=""
2026/03/11 21:13:11.350544 [INFO]  S3 ListObjects returned 37 items
2026/03/11 21:13:11.350569 [DEBUG] loadObjects: 37 objects loaded, rendering
2026/03/11 21:13:11.350574 [DEBUG] render: buckets=75 objects=37 bucketIdx=21 objIdx=0
2026/03/11 21:13:12.592205 [DEBUG] key: bucket down (idx=21)
2026/03/11 21:13:12.592257 [INFO]  key: select bucket idx=22
2026/03/11 21:13:12.592261 [INFO]  loadObjects: bucket="clar-search-dashboard-documents-mgmt" prefix=""
2026/03/11 21:13:12.592265 [INFO]  S3 ListObjects called bucket="clar-search-dashboard-documents-mgmt" prefix=""
2026/03/11 21:13:12.761068 [INFO]  S3 ListObjects returned 1 items
2026/03/11 21:13:12.761110 [DEBUG] loadObjects: 1 objects loaded, rendering
2026/03/11 21:13:12.761116 [DEBUG] render: buckets=75 objects=1 bucketIdx=22 objIdx=0
2026/03/11 21:13:13.289446 [DEBUG] key: bucket down (idx=22)
2026/03/11 21:13:13.289472 [INFO]  key: select bucket idx=23
2026/03/11 21:13:13.289477 [INFO]  loadObjects: bucket="clar-streamlit-app-buck-mgmt" prefix=""
2026/03/11 21:13:13.289484 [INFO]  S3 ListObjects called bucket="clar-streamlit-app-buck-mgmt" prefix=""
2026/03/11 21:13:13.453702 [INFO]  S3 ListObjects returned 1 items
2026/03/11 21:13:13.453732 [DEBUG] loadObjects: 1 objects loaded, rendering
2026/03/11 21:13:13.453736 [DEBUG] render: buckets=75 objects=1 bucketIdx=23 objIdx=0
2026/03/11 21:13:13.598347 [DEBUG] key: bucket down (idx=23)
2026/03/11 21:13:13.598374 [INFO]  key: select bucket idx=24
2026/03/11 21:13:13.598379 [INFO]  loadObjects: bucket="clarity-ai-mgmt-buck-64b25806" prefix=""
2026/03/11 21:13:13.598384 [INFO]  S3 ListObjects called bucket="clarity-ai-mgmt-buck-64b25806" prefix=""
2026/03/11 21:13:13.794069 [INFO]  S3 ListObjects returned 0 items
2026/03/11 21:13:13.794085 [DEBUG] loadObjects: 0 objects loaded, rendering
2026/03/11 21:13:13.794087 [DEBUG] render: buckets=75 objects=0 bucketIdx=24 objIdx=0
2026/03/11 21:13:14.112051 [DEBUG] key: bucket down (idx=24)
2026/03/11 21:13:14.112162 [INFO]  key: select bucket idx=25
2026/03/11 21:13:14.112186 [INFO]  loadObjects: bucket="clarity-athena-results-mgmt" prefix=""
2026/03/11 21:13:14.112206 [INFO]  S3 ListObjects called bucket="clarity-athena-results-mgmt" prefix=""
2026/03/11 21:13:14.277174 [INFO]  S3 ListObjects returned 0 items
2026/03/11 21:13:14.277196 [DEBUG] loadObjects: 0 objects loaded, rendering
2026/03/11 21:13:14.277200 [DEBUG] render: buckets=75 objects=0 bucketIdx=25 objIdx=0
2026/03/11 21:13:14.587787 [DEBUG] key: bucket down (idx=25)
2026/03/11 21:13:14.587819 [INFO]  key: select bucket idx=26
2026/03/11 21:13:14.587823 [INFO]  loadObjects: bucket="clarity-foundational-engineering" prefix=""
2026/03/11 21:13:14.587849 [INFO]  S3 ListObjects called bucket="clarity-foundational-engineering" prefix=""
2026/03/11 21:13:14.749903 [INFO]  S3 ListObjects returned 20 items
2026/03/11 21:13:14.749924 [DEBUG] loadObjects: 20 objects loaded, rendering
2026/03/11 21:13:14.749925 [DEBUG] render: buckets=75 objects=20 bucketIdx=26 objIdx=0
2026/03/11 21:13:15.242425 [DEBUG] key: bucket down (idx=26)
2026/03/11 21:13:15.242486 [INFO]  key: select bucket idx=27
2026/03/11 21:13:15.242488 [INFO]  loadObjects: bucket="clarity-modal" prefix=""
2026/03/11 21:13:15.242492 [INFO]  S3 ListObjects called bucket="clarity-modal" prefix=""
2026/03/11 21:13:15.442666 [INFO]  S3 ListObjects returned 24 items
2026/03/11 21:13:15.442689 [DEBUG] loadObjects: 24 objects loaded, rendering
2026/03/11 21:13:15.442691 [DEBUG] render: buckets=75 objects=24 bucketIdx=27 objIdx=0
2026/03/11 21:13:15.840935 [DEBUG] key: bucket down (idx=27)
2026/03/11 21:13:15.840994 [INFO]  key: select bucket idx=28
2026/03/11 21:13:15.841004 [INFO]  loadObjects: bucket="clarity-spike-snowflake-iceberg" prefix=""
2026/03/11 21:13:15.841009 [INFO]  S3 ListObjects called bucket="clarity-spike-snowflake-iceberg" prefix=""
2026/03/11 21:13:16.030620 [INFO]  S3 ListObjects returned 1 items
2026/03/11 21:13:16.030662 [DEBUG] loadObjects: 1 objects loaded, rendering
2026/03/11 21:13:16.030667 [DEBUG] render: buckets=75 objects=1 bucketIdx=28 objIdx=0
2026/03/11 21:13:16.447587 [DEBUG] key: bucket down (idx=28)
2026/03/11 21:13:16.447614 [INFO]  key: select bucket idx=29
2026/03/11 21:13:16.447620 [INFO]  loadObjects: bucket="clarity-terraform-state-mgmt-eu-central-1" prefix=""
2026/03/11 21:13:16.447626 [INFO]  S3 ListObjects called bucket="clarity-terraform-state-mgmt-eu-central-1" prefix=""
2026/03/11 21:13:16.635659 [INFO]  S3 ListObjects returned 181 items
2026/03/11 21:13:16.635683 [DEBUG] loadObjects: 181 objects loaded, rendering
2026/03/11 21:13:16.635687 [DEBUG] render: buckets=75 objects=181 bucketIdx=29 objIdx=0
2026/03/11 21:13:16.954645 [DEBUG] key: bucket down (idx=29)
2026/03/11 21:13:16.954673 [INFO]  key: select bucket idx=30
2026/03/11 21:13:16.954675 [INFO]  loadObjects: bucket="clarityai-corpdocs-mgmt" prefix=""
2026/03/11 21:13:16.954679 [INFO]  S3 ListObjects called bucket="clarityai-corpdocs-mgmt" prefix=""
2026/03/11 21:13:17.121632 [INFO]  S3 ListObjects returned 1 items
2026/03/11 21:13:17.121662 [DEBUG] loadObjects: 1 objects loaded, rendering
2026/03/11 21:13:17.121665 [DEBUG] render: buckets=75 objects=1 bucketIdx=30 objIdx=0
2026/03/11 21:13:17.454895 [DEBUG] key: bucket down (idx=30)
2026/03/11 21:13:17.454923 [INFO]  key: select bucket idx=31
2026/03/11 21:13:17.454928 [INFO]  loadObjects: bucket="collected-documents-exchange-clarity-mgmt-pro" prefix=""
2026/03/11 21:13:17.454933 [INFO]  S3 ListObjects called bucket="collected-documents-exchange-clarity-mgmt-pro" prefix=""
2026/03/11 21:13:17.774151 [INFO]  S3 ListObjects returned 441 items
2026/03/11 21:13:17.774192 [DEBUG] loadObjects: 441 objects loaded, rendering
2026/03/11 21:13:17.774197 [DEBUG] render: buckets=75 objects=441 bucketIdx=31 objIdx=0
2026/03/11 21:13:18.085603 [DEBUG] key: bucket down (idx=31)
2026/03/11 21:13:18.085653 [INFO]  key: select bucket idx=32
2026/03/11 21:13:18.085665 [INFO]  loadObjects: bucket="ctool-mgmt" prefix=""
2026/03/11 21:13:18.085675 [INFO]  S3 ListObjects called bucket="ctool-mgmt" prefix=""
2026/03/11 21:13:18.260335 [INFO]  S3 ListObjects returned 4 items
2026/03/11 21:13:18.260367 [DEBUG] loadObjects: 4 objects loaded, rendering
2026/03/11 21:13:18.260372 [DEBUG] render: buckets=75 objects=4 bucketIdx=32 objIdx=0
2026/03/11 21:13:18.660141 [DEBUG] key: bucket down (idx=32)
2026/03/11 21:13:18.660183 [INFO]  key: select bucket idx=33
2026/03/11 21:13:18.660194 [INFO]  loadObjects: bucket="customer-factset-5f16f2bad0f9bd40ae7cf701-clarity" prefix=""
2026/03/11 21:13:18.660201 [INFO]  S3 ListObjects called bucket="customer-factset-5f16f2bad0f9bd40ae7cf701-clarity" prefix=""
2026/03/11 21:13:18.841454 [INFO]  S3 ListObjects returned 1 items
2026/03/11 21:13:18.841504 [DEBUG] loadObjects: 1 objects loaded, rendering
2026/03/11 21:13:18.841508 [DEBUG] render: buckets=75 objects=1 bucketIdx=33 objIdx=0
2026/03/11 21:13:19.218232 [DEBUG] key: bucket down (idx=33)
2026/03/11 21:13:19.218262 [INFO]  key: select bucket idx=34
2026/03/11 21:13:19.218264 [INFO]  loadObjects: bucket="customer-qontigo-5ea9793d3db7f763b99d5e58-clarity" prefix=""
2026/03/11 21:13:19.218268 [INFO]  S3 ListObjects called bucket="customer-qontigo-5ea9793d3db7f763b99d5e58-clarity" prefix=""
2026/03/11 21:13:19.390913 [INFO]  S3 ListObjects returned 7 items
2026/03/11 21:13:19.390946 [DEBUG] loadObjects: 7 objects loaded, rendering
2026/03/11 21:13:19.390951 [DEBUG] render: buckets=75 objects=7 bucketIdx=34 objIdx=0
2026/03/11 21:13:20.395212 [DEBUG] key: bucket down (idx=34)
2026/03/11 21:13:20.395236 [INFO]  key: select bucket idx=35
2026/03/11 21:13:20.395240 [INFO]  loadObjects: bucket="customer-sam-5cc16d0b85e107000135c80c-clarity" prefix=""
2026/03/11 21:13:20.395246 [INFO]  S3 ListObjects called bucket="customer-sam-5cc16d0b85e107000135c80c-clarity" prefix=""
2026/03/11 21:13:20.556679 [INFO]  S3 ListObjects returned 2 items
2026/03/11 21:13:20.556709 [DEBUG] loadObjects: 2 objects loaded, rendering
2026/03/11 21:13:20.556712 [DEBUG] render: buckets=75 objects=2 bucketIdx=35 objIdx=0
2026/03/11 21:13:22.230008 [DEBUG] key: bucket down (idx=35)
2026/03/11 21:13:22.230038 [INFO]  key: select bucket idx=36
2026/03/11 21:13:22.230042 [INFO]  loadObjects: bucket="datadog-backups-mgmt" prefix=""
2026/03/11 21:13:22.230047 [INFO]  S3 ListObjects called bucket="datadog-backups-mgmt" prefix=""
2026/03/11 21:13:22.373249 [INFO]  S3 ListObjects returned 2 items
2026/03/11 21:13:22.373303 [DEBUG] loadObjects: 2 objects loaded, rendering
2026/03/11 21:13:22.373310 [DEBUG] render: buckets=75 objects=2 bucketIdx=36 objIdx=0
2026/03/11 21:13:23.314188 [DEBUG] key: bucket down (idx=36)
2026/03/11 21:13:23.314258 [INFO]  key: select bucket idx=37
2026/03/11 21:13:23.314273 [INFO]  loadObjects: bucket="datadog-log-archive-clarity-mgmt-pro" prefix=""
2026/03/11 21:13:23.314282 [INFO]  S3 ListObjects called bucket="datadog-log-archive-clarity-mgmt-pro" prefix=""
2026/03/11 21:13:23.486046 [INFO]  S3 ListObjects returned 5 items
2026/03/11 21:13:23.486087 [DEBUG] loadObjects: 5 objects loaded, rendering
2026/03/11 21:13:23.486112 [DEBUG] render: buckets=75 objects=5 bucketIdx=37 objIdx=0
2026/03/11 21:13:24.253752 [DEBUG] key: bucket down (idx=37)
2026/03/11 21:13:24.253787 [INFO]  key: select bucket idx=38
2026/03/11 21:13:24.253794 [INFO]  loadObjects: bucket="elasticsearch-clarity-mgmt-pro" prefix=""
2026/03/11 21:13:24.253803 [INFO]  S3 ListObjects called bucket="elasticsearch-clarity-mgmt-pro" prefix=""
2026/03/11 21:13:24.433596 [INFO]  S3 ListObjects returned 7 items
2026/03/11 21:13:24.433627 [DEBUG] loadObjects: 7 objects loaded, rendering
2026/03/11 21:13:24.433630 [DEBUG] render: buckets=75 objects=7 bucketIdx=38 objIdx=0
2026/03/11 21:13:25.123302 [DEBUG] key: bucket down (idx=38)
2026/03/11 21:13:25.123420 [INFO]  key: select bucket idx=39
2026/03/11 21:13:25.123442 [INFO]  loadObjects: bucket="elasticsearch-gitlab" prefix=""
2026/03/11 21:13:25.123467 [INFO]  S3 ListObjects called bucket="elasticsearch-gitlab" prefix=""
2026/03/11 21:13:25.299723 [INFO]  S3 ListObjects returned 0 items
2026/03/11 21:13:25.299748 [DEBUG] loadObjects: 0 objects loaded, rendering
2026/03/11 21:13:25.299754 [DEBUG] render: buckets=75 objects=0 bucketIdx=39 objIdx=0
2026/03/11 21:13:25.868896 [DEBUG] key: bucket down (idx=39)
2026/03/11 21:13:25.868924 [INFO]  key: select bucket idx=40
2026/03/11 21:13:25.868927 [INFO]  loadObjects: bucket="elb-access-logs-clarity-mgmt-pro" prefix=""
2026/03/11 21:13:25.868931 [INFO]  S3 ListObjects called bucket="elb-access-logs-clarity-mgmt-pro" prefix=""
2026/03/11 21:13:26.059499 [INFO]  S3 ListObjects returned 6 items
2026/03/11 21:13:26.059542 [DEBUG] loadObjects: 6 objects loaded, rendering
2026/03/11 21:13:26.059550 [DEBUG] render: buckets=75 objects=6 bucketIdx=40 objIdx=0
2026/03/11 21:13:26.615010 [DEBUG] key: bucket down (idx=40)
2026/03/11 21:13:26.615037 [INFO]  key: select bucket idx=41
2026/03/11 21:13:26.615042 [INFO]  loadObjects: bucket="exposures-ingestion-mgmt-pro" prefix=""
2026/03/11 21:13:26.615048 [INFO]  S3 ListObjects called bucket="exposures-ingestion-mgmt-pro" prefix=""
2026/03/11 21:13:26.784012 [INFO]  S3 ListObjects returned 2 items
2026/03/11 21:13:26.784035 [DEBUG] loadObjects: 2 objects loaded, rendering
2026/03/11 21:13:26.784039 [DEBUG] render: buckets=75 objects=2 bucketIdx=41 objIdx=0
2026/03/11 21:13:28.638878 [DEBUG] key: bucket down (idx=41)
2026/03/11 21:13:28.638905 [INFO]  key: select bucket idx=42
2026/03/11 21:13:28.638910 [INFO]  loadObjects: bucket="external-efront-clarity-mgmt-pro" prefix=""
2026/03/11 21:13:28.638915 [INFO]  S3 ListObjects called bucket="external-efront-clarity-mgmt-pro" prefix=""
2026/03/11 21:13:28.795251 [INFO]  S3 ListObjects returned 1 items
2026/03/11 21:13:28.795276 [DEBUG] loadObjects: 1 objects loaded, rendering
2026/03/11 21:13:28.795280 [DEBUG] render: buckets=75 objects=1 bucketIdx=42 objIdx=0
2026/03/11 21:13:29.139206 [DEBUG] key: bucket down (idx=42)
2026/03/11 21:13:29.139261 [INFO]  key: select bucket idx=43
2026/03/11 21:13:29.139269 [INFO]  loadObjects: bucket="external-refinitiv-clarity-mgmt-pro" prefix=""
2026/03/11 21:13:29.139281 [INFO]  S3 ListObjects called bucket="external-refinitiv-clarity-mgmt-pro" prefix=""
2026/03/11 21:13:29.302829 [INFO]  S3 ListObjects returned 2 items
2026/03/11 21:13:29.302860 [DEBUG] loadObjects: 2 objects loaded, rendering
2026/03/11 21:13:29.302865 [DEBUG] render: buckets=75 objects=2 bucketIdx=43 objIdx=0
2026/03/11 21:15:31.206913 [INFO]  key: quit
2026/03/11 21:15:31.207145 [INFO]  App exiting normally
2026/03/11 21:16:07.328610 [INFO]  App starting
2026/03/11 21:16:07.328833 [DEBUG] layout: first render, loading buckets
2026/03/11 21:16:07.328849 [INFO]  loadBuckets: listing buckets
2026/03/11 21:16:07.328852 [INFO]  S3 ListBuckets called
2026/03/11 21:16:07.672404 [INFO]  S3 ListBuckets returned 75 buckets
2026/03/11 21:16:07.672429 [INFO]  loadBuckets: got 75 buckets
2026/03/11 21:16:07.672434 [INFO]  loadObjects: bucket="airflow-testing-clarity-mgmt" prefix=""
2026/03/11 21:16:07.672443 [INFO]  S3 ListObjects called bucket="airflow-testing-clarity-mgmt" prefix=""
2026/03/11 21:16:07.839493 [INFO]  S3 ListObjects returned 3 items
2026/03/11 21:16:07.839526 [DEBUG] loadObjects: 3 objects loaded, rendering
2026/03/11 21:16:07.839531 [DEBUG] render: buckets=20 objects=3 bucketIdx=0 objIdx=0
2026/03/11 21:16:13.211523 [INFO]  key: quit
2026/03/11 21:16:13.211557 [INFO]  App exiting normally
2026/03/11 21:16:14.291593 [INFO]  App starting
2026/03/11 21:16:14.291919 [DEBUG] layout: first render, loading buckets
2026/03/11 21:16:14.291937 [INFO]  loadBuckets: listing buckets
2026/03/11 21:16:14.291941 [INFO]  S3 ListBuckets called
2026/03/11 21:16:14.650964 [INFO]  S3 ListBuckets returned 75 buckets
2026/03/11 21:16:14.651006 [INFO]  loadBuckets: got 75 buckets
2026/03/11 21:16:14.651014 [INFO]  loadObjects: bucket="airflow-testing-clarity-mgmt" prefix=""
2026/03/11 21:16:14.651029 [INFO]  S3 ListObjects called bucket="airflow-testing-clarity-mgmt" prefix=""
2026/03/11 21:16:14.811883 [INFO]  S3 ListObjects returned 3 items
2026/03/11 21:16:14.811912 [DEBUG] loadObjects: 3 objects loaded, rendering
2026/03/11 21:16:14.811917 [DEBUG] render: buckets=50 objects=3 bucketIdx=0 objIdx=0
2026/03/11 21:16:16.419675 [DEBUG] key: obj down (idx=0)
2026/03/11 21:16:16.419758 [DEBUG] render: buckets=50 objects=3 bucketIdx=0 objIdx=1
2026/03/11 21:16:16.588745 [DEBUG] key: obj down (idx=1)
2026/03/11 21:16:16.588776 [DEBUG] render: buckets=50 objects=3 bucketIdx=0 objIdx=2
2026/03/11 21:16:16.801048 [DEBUG] key: obj down (idx=2)
2026/03/11 21:16:16.999259 [DEBUG] key: obj down (idx=2)
2026/03/11 21:16:17.162713 [DEBUG] key: obj down (idx=2)
2026/03/11 21:16:17.601371 [DEBUG] key: bucket down (idx=0)
2026/03/11 21:16:17.601398 [INFO]  key: select bucket idx=1
2026/03/11 21:16:17.601424 [INFO]  loadObjects: bucket="airflowlogs-clarity-mgmt-pro" prefix=""
2026/03/11 21:16:17.601431 [INFO]  S3 ListObjects called bucket="airflowlogs-clarity-mgmt-pro" prefix=""
2026/03/11 21:16:17.767026 [INFO]  S3 ListObjects returned 4 items
2026/03/11 21:16:17.767042 [DEBUG] loadObjects: 4 objects loaded, rendering
2026/03/11 21:16:17.767043 [DEBUG] render: buckets=50 objects=4 bucketIdx=1 objIdx=0
2026/03/11 21:16:17.767181 [DEBUG] key: bucket down (idx=1)
2026/03/11 21:16:17.767188 [INFO]  key: select bucket idx=2
2026/03/11 21:16:17.767189 [INFO]  loadObjects: bucket="airflowv2-clarity-mgmt-pro" prefix=""
2026/03/11 21:16:17.767191 [INFO]  S3 ListObjects called bucket="airflowv2-clarity-mgmt-pro" prefix=""
2026/03/11 21:16:17.929161 [INFO]  S3 ListObjects returned 2 items
2026/03/11 21:16:17.929186 [DEBUG] loadObjects: 2 objects loaded, rendering
2026/03/11 21:16:17.929189 [DEBUG] render: buckets=50 objects=2 bucketIdx=2 objIdx=0
2026/03/11 21:16:17.929399 [DEBUG] key: bucket down (idx=2)
2026/03/11 21:16:17.929403 [INFO]  key: select bucket idx=3
2026/03/11 21:16:17.929406 [INFO]  loadObjects: bucket="argo-workflows-clarity-mgmt-pro" prefix=""
2026/03/11 21:16:17.929410 [INFO]  S3 ListObjects called bucket="argo-workflows-clarity-mgmt-pro" prefix=""
2026/03/11 21:16:18.173711 [INFO]  S3 ListObjects returned 1000 items
2026/03/11 21:16:18.173736 [DEBUG] loadObjects: 1000 objects loaded, rendering
2026/03/11 21:16:18.173738 [DEBUG] render: buckets=50 objects=1000 bucketIdx=3 objIdx=0
2026/03/11 21:16:18.176973 [DEBUG] key: bucket down (idx=3)
2026/03/11 21:16:18.176983 [INFO]  key: select bucket idx=4
2026/03/11 21:16:18.176984 [INFO]  loadObjects: bucket="artifacts-clarity-mgmt-pro" prefix=""
2026/03/11 21:16:18.176986 [INFO]  S3 ListObjects called bucket="artifacts-clarity-mgmt-pro" prefix=""
2026/03/11 21:16:18.341617 [INFO]  S3 ListObjects returned 11 items
2026/03/11 21:16:18.341684 [DEBUG] loadObjects: 11 objects loaded, rendering
2026/03/11 21:16:18.341689 [DEBUG] render: buckets=50 objects=11 bucketIdx=4 objIdx=0
2026/03/11 21:16:18.831378 [DEBUG] key: bucket down (idx=4)
2026/03/11 21:16:18.831406 [INFO]  key: select bucket idx=5
2026/03/11 21:16:18.831409 [INFO]  loadObjects: bucket="augmentedai-clarity-mgmt-pro" prefix=""
2026/03/11 21:16:18.831412 [INFO]  S3 ListObjects called bucket="augmentedai-clarity-mgmt-pro" prefix=""
2026/03/11 21:16:18.984579 [INFO]  S3 ListObjects returned 2 items
2026/03/11 21:16:18.984622 [DEBUG] loadObjects: 2 objects loaded, rendering
2026/03/11 21:16:18.984627 [DEBUG] render: buckets=50 objects=2 bucketIdx=5 objIdx=0
2026/03/11 21:16:19.018340 [DEBUG] key: bucket down (idx=5)
2026/03/11 21:16:19.018358 [INFO]  key: select bucket idx=6
2026/03/11 21:16:19.018361 [INFO]  loadObjects: bucket="aws-athena-query-results-913932804865-eu-central-1" prefix=""
2026/03/11 21:16:19.018364 [INFO]  S3 ListObjects called bucket="aws-athena-query-results-913932804865-eu-central-1" prefix=""
2026/03/11 21:16:19.172605 [INFO]  S3 ListObjects returned 1 items
2026/03/11 21:16:19.172635 [DEBUG] loadObjects: 1 objects loaded, rendering
2026/03/11 21:16:19.172640 [DEBUG] render: buckets=50 objects=1 bucketIdx=6 objIdx=0
2026/03/11 21:16:19.211852 [DEBUG] key: bucket down (idx=6)
2026/03/11 21:16:19.211879 [INFO]  key: select bucket idx=7
2026/03/11 21:16:19.211884 [INFO]  loadObjects: bucket="aws-athena-query-results-eu-central-1-913932804865" prefix=""
2026/03/11 21:16:19.211890 [INFO]  S3 ListObjects called bucket="aws-athena-query-results-eu-central-1-913932804865" prefix=""
2026/03/11 21:16:19.372301 [INFO]  S3 ListObjects returned 54 items
2026/03/11 21:16:19.372324 [DEBUG] loadObjects: 54 objects loaded, rendering
2026/03/11 21:16:19.372328 [DEBUG] render: buckets=50 objects=54 bucketIdx=7 objIdx=0
2026/03/11 21:16:19.384182 [DEBUG] key: bucket down (idx=7)
2026/03/11 21:16:19.384203 [INFO]  key: select bucket idx=8
2026/03/11 21:16:19.384208 [INFO]  loadObjects: bucket="aws-emr-resources-913932804865-eu-central-1" prefix=""
2026/03/11 21:16:19.384216 [INFO]  S3 ListObjects called bucket="aws-emr-resources-913932804865-eu-central-1" prefix=""
2026/03/11 21:16:19.532969 [INFO]  S3 ListObjects returned 0 items
2026/03/11 21:16:19.532991 [DEBUG] loadObjects: 0 objects loaded, rendering
2026/03/11 21:16:19.532995 [DEBUG] render: buckets=50 objects=0 bucketIdx=8 objIdx=0
2026/03/11 21:16:19.553320 [DEBUG] key: bucket down (idx=8)
2026/03/11 21:16:19.553349 [INFO]  key: select bucket idx=9
2026/03/11 21:16:19.553353 [INFO]  loadObjects: bucket="aws-logs-913932804865-eu-central-1" prefix=""
2026/03/11 21:16:19.553359 [INFO]  S3 ListObjects called bucket="aws-logs-913932804865-eu-central-1" prefix=""
2026/03/11 21:16:19.685686 [INFO]  S3 ListObjects returned 1 items
2026/03/11 21:16:19.685708 [DEBUG] loadObjects: 1 objects loaded, rendering
2026/03/11 21:16:19.685712 [DEBUG] render: buckets=50 objects=1 bucketIdx=9 objIdx=0
2026/03/11 21:16:19.722398 [DEBUG] key: bucket down (idx=9)
2026/03/11 21:16:19.722447 [INFO]  key: select bucket idx=10
2026/03/11 21:16:19.722459 [INFO]  loadObjects: bucket="backup-data-platform-clarity-mgmt-pro" prefix=""
2026/03/11 21:16:19.722475 [INFO]  S3 ListObjects called bucket="backup-data-platform-clarity-mgmt-pro" prefix=""
2026/03/11 21:16:19.884723 [INFO]  S3 ListObjects returned 10 items
2026/03/11 21:16:19.884739 [DEBUG] loadObjects: 10 objects loaded, rendering
2026/03/11 21:16:19.884741 [DEBUG] render: buckets=50 objects=10 bucketIdx=10 objIdx=0
2026/03/11 21:16:19.892482 [DEBUG] key: bucket down (idx=10)
2026/03/11 21:16:19.892497 [INFO]  key: select bucket idx=11
2026/03/11 21:16:19.892501 [INFO]  loadObjects: bucket="backup-reference-data-clarity-mgmt-pro" prefix=""
2026/03/11 21:16:19.892505 [INFO]  S3 ListObjects called bucket="backup-reference-data-clarity-mgmt-pro" prefix=""
2026/03/11 21:16:20.041511 [ERROR] S3 ListObjects failed: operation error S3: ListObjectsV2, https response error StatusCode: 403, RequestID: VADM81TJZDZWP8JR, HostID: 6Kgjz9sFA7baM3nssVh944Ow9H9mkrp/rgYtfBFfqZcaoCRe4/VsalbtE3rKydKvHHlRIT8QPPw=, api error AccessDenied: User: arn:aws:sts::913932804865:assumed-role/federateclarity/aws-go-sdk-1773260174292328280 is not authorized to perform: s3:ListBucket on resource: "arn:aws:s3:::backup-reference-data-clarity-mgmt-pro" with an explicit deny in a resource-based policy
2026/03/11 21:16:20.041556 [ERROR] loadObjects failed: operation error S3: ListObjectsV2, https response error StatusCode: 403, RequestID: VADM81TJZDZWP8JR, HostID: 6Kgjz9sFA7baM3nssVh944Ow9H9mkrp/rgYtfBFfqZcaoCRe4/VsalbtE3rKydKvHHlRIT8QPPw=, api error AccessDenied: User: arn:aws:sts::913932804865:assumed-role/federateclarity/aws-go-sdk-1773260174292328280 is not authorized to perform: s3:ListBucket on resource: "arn:aws:s3:::backup-reference-data-clarity-mgmt-pro" with an explicit deny in a resource-based policy
2026/03/11 21:16:20.060845 [DEBUG] key: bucket down (idx=11)
2026/03/11 21:16:20.060870 [INFO]  key: select bucket idx=12
2026/03/11 21:16:20.060874 [INFO]  loadObjects: bucket="chatcommands-mgmt" prefix=""
2026/03/11 21:16:20.060879 [INFO]  S3 ListObjects called bucket="chatcommands-mgmt" prefix=""
2026/03/11 21:16:20.224635 [INFO]  S3 ListObjects returned 3 items
2026/03/11 21:16:20.224655 [DEBUG] loadObjects: 3 objects loaded, rendering
2026/03/11 21:16:20.224656 [DEBUG] render: buckets=50 objects=3 bucketIdx=12 objIdx=0
2026/03/11 21:16:20.231582 [DEBUG] key: bucket down (idx=12)
2026/03/11 21:16:20.231605 [INFO]  key: select bucket idx=13
2026/03/11 21:16:20.231610 [INFO]  loadObjects: bucket="clar-assistant-performance-tracker-data-mgmt" prefix=""
2026/03/11 21:16:20.231614 [INFO]  S3 ListObjects called bucket="clar-assistant-performance-tracker-data-mgmt" prefix=""
2026/03/11 21:16:20.396049 [INFO]  S3 ListObjects returned 1 items
2026/03/11 21:16:20.396089 [DEBUG] loadObjects: 1 objects loaded, rendering
2026/03/11 21:16:20.396117 [DEBUG] render: buckets=50 objects=1 bucketIdx=13 objIdx=0
2026/03/11 21:16:20.397088 [DEBUG] key: bucket down (idx=13)
2026/03/11 21:16:20.397092 [INFO]  key: select bucket idx=14
2026/03/11 21:16:20.397098 [INFO]  loadObjects: bucket="clar-clarityai-assistant-chat-mgmt" prefix=""
2026/03/11 21:16:20.397119 [INFO]  S3 ListObjects called bucket="clar-clarityai-assistant-chat-mgmt" prefix=""
2026/03/11 21:16:20.547689 [INFO]  S3 ListObjects returned 2 items
2026/03/11 21:16:20.547715 [DEBUG] loadObjects: 2 objects loaded, rendering
2026/03/11 21:16:20.547719 [DEBUG] render: buckets=50 objects=2 bucketIdx=14 objIdx=0
2026/03/11 21:16:20.566524 [DEBUG] key: bucket down (idx=14)
2026/03/11 21:16:20.566548 [INFO]  key: select bucket idx=15
2026/03/11 21:16:20.566552 [INFO]  loadObjects: bucket="clar-clarityai-assistant-report-mgmt" prefix=""
2026/03/11 21:16:20.566558 [INFO]  S3 ListObjects called bucket="clar-clarityai-assistant-report-mgmt" prefix=""
2026/03/11 21:16:20.732849 [INFO]  S3 ListObjects returned 0 items
2026/03/11 21:16:20.732883 [DEBUG] loadObjects: 0 objects loaded, rendering
2026/03/11 21:16:20.732890 [DEBUG] render: buckets=50 objects=0 bucketIdx=15 objIdx=0
2026/03/11 21:16:20.754265 [DEBUG] key: bucket down (idx=15)
2026/03/11 21:16:20.754288 [INFO]  key: select bucket idx=16
2026/03/11 21:16:20.754294 [INFO]  loadObjects: bucket="clar-fast-api-app-another-test-mgmt" prefix=""
2026/03/11 21:16:20.754301 [INFO]  S3 ListObjects called bucket="clar-fast-api-app-another-test-mgmt" prefix=""
2026/03/11 21:16:20.917986 [INFO]  S3 ListObjects returned 0 items
2026/03/11 21:16:20.918017 [DEBUG] loadObjects: 0 objects loaded, rendering
2026/03/11 21:16:20.918020 [DEBUG] render: buckets=50 objects=0 bucketIdx=16 objIdx=0
2026/03/11 21:16:20.925424 [DEBUG] key: bucket down (idx=16)
2026/03/11 21:16:20.925463 [INFO]  key: select bucket idx=17
2026/03/11 21:16:20.925469 [INFO]  loadObjects: bucket="clar-fast-api-app-test-mgmt" prefix=""
2026/03/11 21:16:20.925477 [INFO]  S3 ListObjects called bucket="clar-fast-api-app-test-mgmt" prefix=""
2026/03/11 21:16:21.078980 [INFO]  S3 ListObjects returned 0 items
2026/03/11 21:16:21.079009 [DEBUG] loadObjects: 0 objects loaded, rendering
2026/03/11 21:16:21.079014 [DEBUG] render: buckets=50 objects=0 bucketIdx=17 objIdx=0
2026/03/11 21:16:21.079380 [DEBUG] key: bucket down (idx=17)
2026/03/11 21:16:21.079407 [INFO]  key: select bucket idx=18
2026/03/11 21:16:21.079413 [INFO]  loadObjects: bucket="clar-loki-chunks-mgmt" prefix=""
2026/03/11 21:16:21.079419 [INFO]  S3 ListObjects called bucket="clar-loki-chunks-mgmt" prefix=""
2026/03/11 21:16:21.236589 [INFO]  S3 ListObjects returned 3 items
2026/03/11 21:16:21.236618 [DEBUG] loadObjects: 3 objects loaded, rendering
2026/03/11 21:16:21.236622 [DEBUG] render: buckets=50 objects=3 bucketIdx=18 objIdx=0
2026/03/11 21:16:21.260193 [DEBUG] key: bucket down (idx=18)
2026/03/11 21:16:21.260225 [INFO]  key: select bucket idx=19
2026/03/11 21:16:21.260229 [INFO]  loadObjects: bucket="clar-loki-ruler-mgmt" prefix=""
2026/03/11 21:16:21.260233 [INFO]  S3 ListObjects called bucket="clar-loki-ruler-mgmt" prefix=""
2026/03/11 21:16:21.405043 [INFO]  S3 ListObjects returned 0 items
2026/03/11 21:16:21.405081 [DEBUG] loadObjects: 0 objects loaded, rendering
2026/03/11 21:16:21.405087 [DEBUG] render: buckets=50 objects=0 bucketIdx=19 objIdx=0
2026/03/11 21:16:21.412196 [DEBUG] key: bucket down (idx=19)
2026/03/11 21:16:21.412211 [INFO]  key: select bucket idx=20
2026/03/11 21:16:21.412214 [INFO]  loadObjects: bucket="clar-metrics-validation-workspace-mgmt" prefix=""
2026/03/11 21:16:21.412219 [INFO]  S3 ListObjects called bucket="clar-metrics-validation-workspace-mgmt" prefix=""
2026/03/11 21:16:21.576469 [INFO]  S3 ListObjects returned 200 items
2026/03/11 21:16:21.576492 [DEBUG] loadObjects: 200 objects loaded, rendering
2026/03/11 21:16:21.576496 [DEBUG] render: buckets=50 objects=200 bucketIdx=20 objIdx=0
2026/03/11 21:16:21.578883 [DEBUG] key: bucket down (idx=20)
2026/03/11 21:16:21.578892 [INFO]  key: select bucket idx=21
2026/03/11 21:16:21.578894 [INFO]  loadObjects: bucket="clar-mlflow-genai-artifacts-store-mgmt" prefix=""
2026/03/11 21:16:21.578896 [INFO]  S3 ListObjects called bucket="clar-mlflow-genai-artifacts-store-mgmt" prefix=""
2026/03/11 21:16:21.743814 [INFO]  S3 ListObjects returned 37 items
2026/03/11 21:16:21.743849 [DEBUG] loadObjects: 37 objects loaded, rendering
2026/03/11 21:16:21.743851 [DEBUG] render: buckets=50 objects=37 bucketIdx=21 objIdx=0
2026/03/11 21:16:21.751229 [DEBUG] key: bucket down (idx=21)
2026/03/11 21:16:21.751262 [INFO]  key: select bucket idx=22
2026/03/11 21:16:21.751268 [INFO]  loadObjects: bucket="clar-search-dashboard-documents-mgmt" prefix=""
2026/03/11 21:16:21.751273 [INFO]  S3 ListObjects called bucket="clar-search-dashboard-documents-mgmt" prefix=""
2026/03/11 21:16:21.920686 [INFO]  S3 ListObjects returned 1 items
2026/03/11 21:16:21.920719 [DEBUG] loadObjects: 1 objects loaded, rendering
2026/03/11 21:16:21.920725 [DEBUG] render: buckets=50 objects=1 bucketIdx=22 objIdx=0
2026/03/11 21:16:21.921021 [DEBUG] key: bucket down (idx=22)
2026/03/11 21:16:21.921026 [INFO]  key: select bucket idx=23
2026/03/11 21:16:21.921030 [INFO]  loadObjects: bucket="clar-streamlit-app-buck-mgmt" prefix=""
2026/03/11 21:16:21.921036 [INFO]  S3 ListObjects called bucket="clar-streamlit-app-buck-mgmt" prefix=""
2026/03/11 21:16:22.068359 [INFO]  S3 ListObjects returned 1 items
2026/03/11 21:16:22.068401 [DEBUG] loadObjects: 1 objects loaded, rendering
2026/03/11 21:16:22.068407 [DEBUG] render: buckets=50 objects=1 bucketIdx=23 objIdx=0
2026/03/11 21:16:22.084817 [DEBUG] key: bucket down (idx=23)
2026/03/11 21:16:22.084894 [INFO]  key: select bucket idx=24
2026/03/11 21:16:22.084902 [INFO]  loadObjects: bucket="clarity-ai-mgmt-buck-64b25806" prefix=""
2026/03/11 21:16:22.084917 [INFO]  S3 ListObjects called bucket="clarity-ai-mgmt-buck-64b25806" prefix=""
2026/03/11 21:16:22.240176 [INFO]  S3 ListObjects returned 0 items
2026/03/11 21:16:22.240204 [DEBUG] loadObjects: 0 objects loaded, rendering
2026/03/11 21:16:22.240210 [DEBUG] render: buckets=50 objects=0 bucketIdx=24 objIdx=0
2026/03/11 21:16:22.249114 [DEBUG] key: bucket down (idx=24)
2026/03/11 21:16:22.249133 [INFO]  key: select bucket idx=25
2026/03/11 21:16:22.249139 [INFO]  loadObjects: bucket="clarity-athena-results-mgmt" prefix=""
2026/03/11 21:16:22.249145 [INFO]  S3 ListObjects called bucket="clarity-athena-results-mgmt" prefix=""
2026/03/11 21:16:22.403722 [INFO]  S3 ListObjects returned 0 items
2026/03/11 21:16:22.403755 [DEBUG] loadObjects: 0 objects loaded, rendering
2026/03/11 21:16:22.403760 [DEBUG] render: buckets=50 objects=0 bucketIdx=25 objIdx=0
2026/03/11 21:16:22.403974 [DEBUG] key: bucket down (idx=25)
2026/03/11 21:16:22.403979 [INFO]  key: select bucket idx=26
2026/03/11 21:16:22.403984 [INFO]  loadObjects: bucket="clarity-foundational-engineering" prefix=""
2026/03/11 21:16:22.403990 [INFO]  S3 ListObjects called bucket="clarity-foundational-engineering" prefix=""
2026/03/11 21:16:22.549462 [INFO]  S3 ListObjects returned 20 items
2026/03/11 21:16:22.549491 [DEBUG] loadObjects: 20 objects loaded, rendering
2026/03/11 21:16:22.549496 [DEBUG] render: buckets=50 objects=20 bucketIdx=26 objIdx=0
2026/03/11 21:16:22.566972 [DEBUG] key: bucket down (idx=26)
2026/03/11 21:16:22.566998 [INFO]  key: select bucket idx=27
2026/03/11 21:16:22.567001 [INFO]  loadObjects: bucket="clarity-modal" prefix=""
2026/03/11 21:16:22.567005 [INFO]  S3 ListObjects called bucket="clarity-modal" prefix=""
2026/03/11 21:16:22.734152 [INFO]  S3 ListObjects returned 24 items
2026/03/11 21:16:22.734186 [DEBUG] loadObjects: 24 objects loaded, rendering
2026/03/11 21:16:22.734189 [DEBUG] render: buckets=50 objects=24 bucketIdx=27 objIdx=0
2026/03/11 21:16:22.736163 [DEBUG] key: bucket down (idx=27)
2026/03/11 21:16:22.736171 [INFO]  key: select bucket idx=28
2026/03/11 21:16:22.736173 [INFO]  loadObjects: bucket="clarity-spike-snowflake-iceberg" prefix=""
2026/03/11 21:16:22.736176 [INFO]  S3 ListObjects called bucket="clarity-spike-snowflake-iceberg" prefix=""
2026/03/11 21:16:22.884284 [INFO]  S3 ListObjects returned 1 items
2026/03/11 21:16:22.884310 [DEBUG] loadObjects: 1 objects loaded, rendering
2026/03/11 21:16:22.884315 [DEBUG] render: buckets=50 objects=1 bucketIdx=28 objIdx=0
2026/03/11 21:16:22.905161 [DEBUG] key: bucket down (idx=28)
2026/03/11 21:16:22.905323 [INFO]  key: select bucket idx=29
2026/03/11 21:16:22.905335 [INFO]  loadObjects: bucket="clarity-terraform-state-mgmt-eu-central-1" prefix=""
2026/03/11 21:16:22.905346 [INFO]  S3 ListObjects called bucket="clarity-terraform-state-mgmt-eu-central-1" prefix=""
2026/03/11 21:16:23.066651 [INFO]  S3 ListObjects returned 181 items
2026/03/11 21:16:23.066688 [DEBUG] loadObjects: 181 objects loaded, rendering
2026/03/11 21:16:23.066692 [DEBUG] render: buckets=50 objects=181 bucketIdx=29 objIdx=0
2026/03/11 21:16:23.067930 [DEBUG] key: bucket down (idx=29)
2026/03/11 21:16:23.067946 [INFO]  key: select bucket idx=30
2026/03/11 21:16:23.067949 [INFO]  loadObjects: bucket="clarityai-corpdocs-mgmt" prefix=""
2026/03/11 21:16:23.067953 [INFO]  S3 ListObjects called bucket="clarityai-corpdocs-mgmt" prefix=""
2026/03/11 21:16:23.217314 [INFO]  S3 ListObjects returned 1 items
2026/03/11 21:16:23.217344 [DEBUG] loadObjects: 1 objects loaded, rendering
2026/03/11 21:16:23.217349 [DEBUG] render: buckets=50 objects=1 bucketIdx=30 objIdx=0
2026/03/11 21:16:23.217608 [DEBUG] key: bucket down (idx=30)
2026/03/11 21:16:23.217612 [INFO]  key: select bucket idx=31
2026/03/11 21:16:23.217615 [INFO]  loadObjects: bucket="collected-documents-exchange-clarity-mgmt-pro" prefix=""
2026/03/11 21:16:23.217619 [INFO]  S3 ListObjects called bucket="collected-documents-exchange-clarity-mgmt-pro" prefix=""
2026/03/11 21:16:23.516960 [INFO]  S3 ListObjects returned 441 items
2026/03/11 21:16:23.516992 [DEBUG] loadObjects: 441 objects loaded, rendering
2026/03/11 21:16:23.516998 [DEBUG] render: buckets=50 objects=441 bucketIdx=31 objIdx=0
2026/03/11 21:16:23.518483 [DEBUG] key: bucket down (idx=31)
2026/03/11 21:16:23.518492 [INFO]  key: select bucket idx=32
2026/03/11 21:16:23.518494 [INFO]  loadObjects: bucket="ctool-mgmt" prefix=""
2026/03/11 21:16:23.518496 [INFO]  S3 ListObjects called bucket="ctool-mgmt" prefix=""
2026/03/11 21:16:23.662675 [INFO]  S3 ListObjects returned 4 items
2026/03/11 21:16:23.662700 [DEBUG] loadObjects: 4 objects loaded, rendering
2026/03/11 21:16:23.662704 [DEBUG] render: buckets=50 objects=4 bucketIdx=32 objIdx=0
2026/03/11 21:16:23.663032 [DEBUG] key: bucket down (idx=32)
2026/03/11 21:16:23.663037 [INFO]  key: select bucket idx=33
2026/03/11 21:16:23.663042 [INFO]  loadObjects: bucket="customer-factset-5f16f2bad0f9bd40ae7cf701-clarity" prefix=""
2026/03/11 21:16:23.663047 [INFO]  S3 ListObjects called bucket="customer-factset-5f16f2bad0f9bd40ae7cf701-clarity" prefix=""
2026/03/11 21:16:23.820952 [INFO]  S3 ListObjects returned 1 items
2026/03/11 21:16:23.820976 [DEBUG] loadObjects: 1 objects loaded, rendering
2026/03/11 21:16:23.820978 [DEBUG] render: buckets=50 objects=1 bucketIdx=33 objIdx=0
2026/03/11 21:16:24.424568 [DEBUG] key: bucket down (idx=33)
2026/03/11 21:16:24.424595 [INFO]  key: select bucket idx=34
2026/03/11 21:16:24.424599 [INFO]  loadObjects: bucket="customer-qontigo-5ea9793d3db7f763b99d5e58-clarity" prefix=""
2026/03/11 21:16:24.424605 [INFO]  S3 ListObjects called bucket="customer-qontigo-5ea9793d3db7f763b99d5e58-clarity" prefix=""
2026/03/11 21:16:24.596016 [INFO]  S3 ListObjects returned 7 items
2026/03/11 21:16:24.596042 [DEBUG] loadObjects: 7 objects loaded, rendering
2026/03/11 21:16:24.596045 [DEBUG] render: buckets=50 objects=7 bucketIdx=34 objIdx=0
2026/03/11 21:16:25.001483 [DEBUG] key: bucket down (idx=34)
2026/03/11 21:16:25.001507 [INFO]  key: select bucket idx=35
2026/03/11 21:16:25.001510 [INFO]  loadObjects: bucket="customer-sam-5cc16d0b85e107000135c80c-clarity" prefix=""
2026/03/11 21:16:25.001512 [INFO]  S3 ListObjects called bucket="customer-sam-5cc16d0b85e107000135c80c-clarity" prefix=""
2026/03/11 21:16:25.170861 [INFO]  S3 ListObjects returned 2 items
2026/03/11 21:16:25.170892 [DEBUG] loadObjects: 2 objects loaded, rendering
2026/03/11 21:16:25.170897 [DEBUG] render: buckets=50 objects=2 bucketIdx=35 objIdx=0
2026/03/11 21:16:25.623169 [DEBUG] key: bucket down (idx=35)
2026/03/11 21:16:25.623208 [INFO]  key: select bucket idx=36
2026/03/11 21:16:25.623234 [INFO]  loadObjects: bucket="datadog-backups-mgmt" prefix=""
2026/03/11 21:16:25.623241 [INFO]  S3 ListObjects called bucket="datadog-backups-mgmt" prefix=""
2026/03/11 21:16:25.819246 [INFO]  S3 ListObjects returned 2 items
2026/03/11 21:16:25.819279 [DEBUG] loadObjects: 2 objects loaded, rendering
2026/03/11 21:16:25.819284 [DEBUG] render: buckets=50 objects=2 bucketIdx=36 objIdx=0
2026/03/11 21:16:26.545113 [DEBUG] key: bucket down (idx=36)
2026/03/11 21:16:26.545144 [INFO]  key: select bucket idx=37
2026/03/11 21:16:26.545150 [INFO]  loadObjects: bucket="datadog-log-archive-clarity-mgmt-pro" prefix=""
2026/03/11 21:16:26.545156 [INFO]  S3 ListObjects called bucket="datadog-log-archive-clarity-mgmt-pro" prefix=""
2026/03/11 21:16:26.688469 [INFO]  S3 ListObjects returned 5 items
2026/03/11 21:16:26.688501 [DEBUG] loadObjects: 5 objects loaded, rendering
2026/03/11 21:16:26.688506 [DEBUG] render: buckets=50 objects=5 bucketIdx=37 objIdx=0
2026/03/11 21:16:26.707012 [DEBUG] key: bucket down (idx=37)
2026/03/11 21:16:26.707047 [INFO]  key: select bucket idx=38
2026/03/11 21:16:26.707050 [INFO]  loadObjects: bucket="elasticsearch-clarity-mgmt-pro" prefix=""
2026/03/11 21:16:26.707054 [INFO]  S3 ListObjects called bucket="elasticsearch-clarity-mgmt-pro" prefix=""
2026/03/11 21:16:26.848555 [INFO]  S3 ListObjects returned 7 items
2026/03/11 21:16:26.848592 [DEBUG] loadObjects: 7 objects loaded, rendering
2026/03/11 21:16:26.848596 [DEBUG] render: buckets=50 objects=7 bucketIdx=38 objIdx=0
2026/03/11 21:16:26.857967 [DEBUG] key: bucket down (idx=38)
2026/03/11 21:16:26.857989 [INFO]  key: select bucket idx=39
2026/03/11 21:16:26.857994 [INFO]  loadObjects: bucket="elasticsearch-gitlab" prefix=""
2026/03/11 21:16:26.858001 [INFO]  S3 ListObjects called bucket="elasticsearch-gitlab" prefix=""
2026/03/11 21:16:26.990267 [INFO]  S3 ListObjects returned 0 items
2026/03/11 21:16:26.990295 [DEBUG] loadObjects: 0 objects loaded, rendering
2026/03/11 21:16:26.990299 [DEBUG] render: buckets=50 objects=0 bucketIdx=39 objIdx=0
2026/03/11 21:16:27.025205 [DEBUG] key: bucket down (idx=39)
2026/03/11 21:16:27.025268 [INFO]  key: select bucket idx=40
2026/03/11 21:16:27.025276 [INFO]  loadObjects: bucket="elb-access-logs-clarity-mgmt-pro" prefix=""
2026/03/11 21:16:27.025287 [INFO]  S3 ListObjects called bucket="elb-access-logs-clarity-mgmt-pro" prefix=""
2026/03/11 21:16:27.186782 [INFO]  S3 ListObjects returned 6 items
2026/03/11 21:16:27.186839 [DEBUG] loadObjects: 6 objects loaded, rendering
2026/03/11 21:16:27.186846 [DEBUG] render: buckets=50 objects=6 bucketIdx=40 objIdx=0
2026/03/11 21:16:27.187243 [DEBUG] key: bucket down (idx=40)
2026/03/11 21:16:27.194607 [INFO]  key: select bucket idx=41
2026/03/11 21:16:27.194623 [INFO]  loadObjects: bucket="exposures-ingestion-mgmt-pro" prefix=""
2026/03/11 21:16:27.194630 [INFO]  S3 ListObjects called bucket="exposures-ingestion-mgmt-pro" prefix=""
2026/03/11 21:16:27.346479 [INFO]  S3 ListObjects returned 2 items
2026/03/11 21:16:27.346511 [DEBUG] loadObjects: 2 objects loaded, rendering
2026/03/11 21:16:27.346516 [DEBUG] render: buckets=50 objects=2 bucketIdx=41 objIdx=0
2026/03/11 21:16:27.347251 [DEBUG] key: bucket down (idx=41)
2026/03/11 21:16:27.347272 [INFO]  key: select bucket idx=42
2026/03/11 21:16:27.347276 [INFO]  loadObjects: bucket="external-efront-clarity-mgmt-pro" prefix=""
2026/03/11 21:16:27.347280 [INFO]  S3 ListObjects called bucket="external-efront-clarity-mgmt-pro" prefix=""
2026/03/11 21:16:27.497507 [INFO]  S3 ListObjects returned 1 items
2026/03/11 21:16:27.497542 [DEBUG] loadObjects: 1 objects loaded, rendering
2026/03/11 21:16:27.497547 [DEBUG] render: buckets=50 objects=1 bucketIdx=42 objIdx=0
2026/03/11 21:16:27.497770 [DEBUG] key: bucket down (idx=42)
2026/03/11 21:16:27.497775 [INFO]  key: select bucket idx=43
2026/03/11 21:16:27.497779 [INFO]  loadObjects: bucket="external-refinitiv-clarity-mgmt-pro" prefix=""
2026/03/11 21:16:27.497785 [INFO]  S3 ListObjects called bucket="external-refinitiv-clarity-mgmt-pro" prefix=""
2026/03/11 21:16:27.664343 [INFO]  S3 ListObjects returned 2 items
2026/03/11 21:16:27.664381 [DEBUG] loadObjects: 2 objects loaded, rendering
2026/03/11 21:16:27.664385 [DEBUG] render: buckets=50 objects=2 bucketIdx=43 objIdx=0
2026/03/11 21:16:27.664661 [DEBUG] key: bucket down (idx=43)
2026/03/11 21:16:27.664666 [INFO]  key: select bucket idx=44
2026/03/11 21:16:27.664670 [INFO]  loadObjects: bucket="forge-reports-mgmt" prefix=""
2026/03/11 21:16:27.664675 [INFO]  S3 ListObjects called bucket="forge-reports-mgmt" prefix=""
2026/03/11 21:16:27.820943 [INFO]  S3 ListObjects returned 1 items
2026/03/11 21:16:27.820968 [DEBUG] loadObjects: 1 objects loaded, rendering
2026/03/11 21:16:27.820970 [DEBUG] render: buckets=50 objects=1 bucketIdx=44 objIdx=0
2026/03/11 21:16:27.821068 [DEBUG] key: bucket down (idx=44)
2026/03/11 21:16:27.821073 [INFO]  key: select bucket idx=45
2026/03/11 21:16:27.821076 [INFO]  loadObjects: bucket="gitlabbackup-clarity-mgmt-pro" prefix=""
2026/03/11 21:16:27.821079 [INFO]  S3 ListObjects called bucket="gitlabbackup-clarity-mgmt-pro" prefix=""
2026/03/11 21:16:27.968064 [INFO]  S3 ListObjects returned 0 items
2026/03/11 21:16:27.968121 [DEBUG] loadObjects: 0 objects loaded, rendering
2026/03/11 21:16:27.968129 [DEBUG] render: buckets=50 objects=0 bucketIdx=45 objIdx=0
2026/03/11 21:16:27.968352 [DEBUG] key: bucket down (idx=45)
2026/03/11 21:16:27.968356 [INFO]  key: select bucket idx=46
2026/03/11 21:16:27.968360 [INFO]  loadObjects: bucket="gitlabrunners-clarity-mgmt-pro" prefix=""
2026/03/11 21:16:27.968366 [INFO]  S3 ListObjects called bucket="gitlabrunners-clarity-mgmt-pro" prefix=""
2026/03/11 21:16:28.371386 [INFO]  S3 ListObjects returned 161 items
2026/03/11 21:16:28.371411 [DEBUG] loadObjects: 161 objects loaded, rendering
2026/03/11 21:16:28.371414 [DEBUG] render: buckets=50 objects=161 bucketIdx=46 objIdx=0
2026/03/11 21:16:28.371678 [DEBUG] key: bucket down (idx=46)
2026/03/11 21:16:28.371681 [INFO]  key: select bucket idx=47
2026/03/11 21:16:28.371684 [INFO]  loadObjects: bucket="igloo-extractions-clarity-mgmt-pro" prefix=""
2026/03/11 21:16:28.371688 [INFO]  S3 ListObjects called bucket="igloo-extractions-clarity-mgmt-pro" prefix=""
2026/03/11 21:16:28.518076 [INFO]  S3 ListObjects returned 1 items
2026/03/11 21:16:28.518130 [DEBUG] loadObjects: 1 objects loaded, rendering
2026/03/11 21:16:28.518133 [DEBUG] render: buckets=50 objects=1 bucketIdx=47 objIdx=0
2026/03/11 21:16:28.518351 [DEBUG] key: bucket down (idx=47)
2026/03/11 21:16:28.518365 [INFO]  key: select bucket idx=48
2026/03/11 21:16:28.518368 [INFO]  loadObjects: bucket="igloo-ml-exchange-clarity-mgmt-pro" prefix=""
2026/03/11 21:16:28.518372 [INFO]  S3 ListObjects called bucket="igloo-ml-exchange-clarity-mgmt-pro" prefix=""
2026/03/11 21:16:28.687960 [INFO]  S3 ListObjects returned 2 items
2026/03/11 21:16:28.688001 [DEBUG] loadObjects: 2 objects loaded, rendering
2026/03/11 21:16:28.688006 [DEBUG] render: buckets=50 objects=2 bucketIdx=48 objIdx=0
2026/03/11 21:16:28.688346 [DEBUG] key: bucket down (idx=48)
2026/03/11 21:16:28.688368 [INFO]  key: select bucket idx=49
2026/03/11 21:16:28.688373 [INFO]  loadObjects: bucket="images-clarity-mgmt-pro" prefix=""
2026/03/11 21:16:28.688379 [INFO]  S3 ListObjects called bucket="images-clarity-mgmt-pro" prefix=""
2026/03/11 21:16:28.844436 [INFO]  S3 ListObjects returned 2 items
2026/03/11 21:16:28.844476 [DEBUG] loadObjects: 2 objects loaded, rendering
2026/03/11 21:16:28.844480 [DEBUG] render: buckets=50 objects=2 bucketIdx=49 objIdx=0
2026/03/11 21:16:28.844933 [DEBUG] key: bucket down (idx=49)
2026/03/11 21:16:28.844941 [DEBUG] key: bucket down (idx=49)
2026/03/11 21:16:28.877061 [DEBUG] key: bucket down (idx=49)
2026/03/11 21:16:29.295321 [DEBUG] key: bucket down (idx=49)
2026/03/11 21:16:29.460887 [DEBUG] key: bucket down (idx=49)
2026/03/11 21:16:29.629431 [DEBUG] key: bucket down (idx=49)
2026/03/11 21:16:29.822370 [DEBUG] key: bucket down (idx=49)
2026/03/11 21:16:29.967371 [DEBUG] key: bucket down (idx=49)
2026/03/11 21:16:30.136081 [DEBUG] key: bucket down (idx=49)
2026/03/11 21:16:30.306365 [DEBUG] key: bucket down (idx=49)
2026/03/11 21:16:30.492131 [DEBUG] key: bucket down (idx=49)
2026/03/11 21:16:30.643166 [DEBUG] key: bucket down (idx=49)
2026/03/11 21:16:30.831146 [DEBUG] key: bucket down (idx=49)
2026/03/11 21:16:31.000010 [DEBUG] key: bucket down (idx=49)
2026/03/11 21:16:31.147336 [DEBUG] key: bucket down (idx=49)
2026/03/11 21:16:31.312563 [DEBUG] key: bucket down (idx=49)
2026/03/11 21:16:31.463532 [DEBUG] key: bucket down (idx=49)
2026/03/11 21:16:31.631810 [DEBUG] key: bucket down (idx=49)
2026/03/11 21:16:32.349663 [DEBUG] key: bucket down (idx=49)
2026/03/11 21:18:28.963510 [INFO]  key: quit
2026/03/11 21:18:28.963540 [INFO]  App exiting normally
2026/03/11 21:18:30.328875 [INFO]  App starting
2026/03/11 21:18:30.329373 [DEBUG] layout: first render, loading buckets
2026/03/11 21:18:30.329414 [INFO]  loadBuckets: listing buckets
2026/03/11 21:18:30.329418 [INFO]  S3 ListBuckets called
2026/03/11 21:18:30.712676 [INFO]  S3 ListBuckets returned 75 buckets
2026/03/11 21:18:30.712698 [INFO]  loadBuckets: got 75 buckets
2026/03/11 21:18:30.712700 [INFO]  loadObjects: bucket="airflow-testing-clarity-mgmt" prefix=""
2026/03/11 21:18:30.712705 [INFO]  S3 ListObjects called bucket="airflow-testing-clarity-mgmt" prefix=""
2026/03/11 21:18:30.868729 [INFO]  S3 ListObjects returned 3 items
2026/03/11 21:18:30.868796 [DEBUG] loadObjects: 3 objects loaded, rendering
2026/03/11 21:18:30.868804 [DEBUG] render: buckets=50 objects=3 bucketIdx=0 objIdx=0
2026/03/11 21:18:31.272933 [DEBUG] key: bucket down (idx=0)
2026/03/11 21:18:31.272972 [INFO]  key: select bucket idx=1
2026/03/11 21:18:31.272976 [INFO]  loadObjects: bucket="airflowlogs-clarity-mgmt-pro" prefix=""
2026/03/11 21:18:31.272980 [INFO]  S3 ListObjects called bucket="airflowlogs-clarity-mgmt-pro" prefix=""
2026/03/11 21:18:31.484778 [INFO]  S3 ListObjects returned 4 items
2026/03/11 21:18:31.484803 [DEBUG] loadObjects: 4 objects loaded, rendering
2026/03/11 21:18:31.484806 [DEBUG] render: buckets=50 objects=4 bucketIdx=1 objIdx=0
2026/03/11 21:18:31.485009 [DEBUG] key: bucket down (idx=1)
2026/03/11 21:18:31.485012 [INFO]  key: select bucket idx=2
2026/03/11 21:18:31.485014 [INFO]  loadObjects: bucket="airflowv2-clarity-mgmt-pro" prefix=""
2026/03/11 21:18:31.485016 [INFO]  S3 ListObjects called bucket="airflowv2-clarity-mgmt-pro" prefix=""
2026/03/11 21:18:31.643866 [INFO]  S3 ListObjects returned 2 items
2026/03/11 21:18:31.643913 [DEBUG] loadObjects: 2 objects loaded, rendering
2026/03/11 21:18:31.643922 [DEBUG] render: buckets=50 objects=2 bucketIdx=2 objIdx=0
2026/03/11 21:18:31.644225 [DEBUG] key: bucket down (idx=2)
2026/03/11 21:18:31.644238 [INFO]  key: select bucket idx=3
2026/03/11 21:18:31.644246 [INFO]  loadObjects: bucket="argo-workflows-clarity-mgmt-pro" prefix=""
2026/03/11 21:18:31.644254 [INFO]  S3 ListObjects called bucket="argo-workflows-clarity-mgmt-pro" prefix=""
2026/03/11 21:18:31.891003 [INFO]  S3 ListObjects returned 1000 items
2026/03/11 21:18:31.891022 [DEBUG] loadObjects: 1000 objects loaded, rendering
2026/03/11 21:18:31.891025 [DEBUG] render: buckets=50 objects=1000 bucketIdx=3 objIdx=0
2026/03/11 21:18:31.894618 [DEBUG] key: bucket down (idx=3)
2026/03/11 21:18:31.894640 [INFO]  key: select bucket idx=4
2026/03/11 21:18:31.894646 [INFO]  loadObjects: bucket="artifacts-clarity-mgmt-pro" prefix=""
2026/03/11 21:18:31.894652 [INFO]  S3 ListObjects called bucket="artifacts-clarity-mgmt-pro" prefix=""
2026/03/11 21:18:32.063289 [INFO]  S3 ListObjects returned 11 items
2026/03/11 21:18:32.063325 [DEBUG] loadObjects: 11 objects loaded, rendering
2026/03/11 21:18:32.063333 [DEBUG] render: buckets=50 objects=11 bucketIdx=4 objIdx=0
2026/03/11 21:18:32.063562 [DEBUG] key: bucket down (idx=4)
2026/03/11 21:18:32.063568 [INFO]  key: select bucket idx=5
2026/03/11 21:18:32.063573 [INFO]  loadObjects: bucket="augmentedai-clarity-mgmt-pro" prefix=""
2026/03/11 21:18:32.063579 [INFO]  S3 ListObjects called bucket="augmentedai-clarity-mgmt-pro" prefix=""
2026/03/11 21:18:32.215658 [INFO]  S3 ListObjects returned 2 items
2026/03/11 21:18:32.215727 [DEBUG] loadObjects: 2 objects loaded, rendering
2026/03/11 21:18:32.215732 [DEBUG] render: buckets=50 objects=2 bucketIdx=5 objIdx=0
2026/03/11 21:18:32.216159 [DEBUG] key: bucket down (idx=5)
2026/03/11 21:18:32.216168 [INFO]  key: select bucket idx=6
2026/03/11 21:18:32.216173 [INFO]  loadObjects: bucket="aws-athena-query-results-913932804865-eu-central-1" prefix=""
2026/03/11 21:18:32.216179 [INFO]  S3 ListObjects called bucket="aws-athena-query-results-913932804865-eu-central-1" prefix=""
2026/03/11 21:18:32.367800 [INFO]  S3 ListObjects returned 1 items
2026/03/11 21:18:32.367824 [DEBUG] loadObjects: 1 objects loaded, rendering
2026/03/11 21:18:32.367827 [DEBUG] render: buckets=50 objects=1 bucketIdx=6 objIdx=0
2026/03/11 21:18:32.368124 [DEBUG] key: bucket down (idx=6)
2026/03/11 21:18:32.368141 [INFO]  key: select bucket idx=7
2026/03/11 21:18:32.368145 [INFO]  loadObjects: bucket="aws-athena-query-results-eu-central-1-913932804865" prefix=""
2026/03/11 21:18:32.368152 [INFO]  S3 ListObjects called bucket="aws-athena-query-results-eu-central-1-913932804865" prefix=""
2026/03/11 21:18:32.524080 [INFO]  S3 ListObjects returned 54 items
2026/03/11 21:18:32.524102 [DEBUG] loadObjects: 54 objects loaded, rendering
2026/03/11 21:18:32.524105 [DEBUG] render: buckets=50 objects=54 bucketIdx=7 objIdx=0
2026/03/11 21:18:32.532206 [DEBUG] key: bucket down (idx=7)
2026/03/11 21:18:32.532224 [INFO]  key: select bucket idx=8
2026/03/11 21:18:32.532228 [INFO]  loadObjects: bucket="aws-emr-resources-913932804865-eu-central-1" prefix=""
2026/03/11 21:18:32.532234 [INFO]  S3 ListObjects called bucket="aws-emr-resources-913932804865-eu-central-1" prefix=""
2026/03/11 21:18:32.686001 [INFO]  S3 ListObjects returned 0 items
2026/03/11 21:18:32.686030 [DEBUG] loadObjects: 0 objects loaded, rendering
2026/03/11 21:18:32.686034 [DEBUG] render: buckets=50 objects=0 bucketIdx=8 objIdx=0
2026/03/11 21:18:32.940357 [DEBUG] key: bucket down (idx=8)
2026/03/11 21:18:32.940395 [INFO]  key: select bucket idx=9
2026/03/11 21:18:32.940401 [INFO]  loadObjects: bucket="aws-logs-913932804865-eu-central-1" prefix=""
2026/03/11 21:18:32.940409 [INFO]  S3 ListObjects called bucket="aws-logs-913932804865-eu-central-1" prefix=""
2026/03/11 21:18:33.132229 [INFO]  S3 ListObjects returned 1 items
2026/03/11 21:18:33.132269 [DEBUG] loadObjects: 1 objects loaded, rendering
2026/03/11 21:18:33.132274 [DEBUG] render: buckets=50 objects=1 bucketIdx=9 objIdx=0
2026/03/11 21:18:33.132881 [DEBUG] key: bucket down (idx=9)
2026/03/11 21:18:33.132887 [INFO]  key: select bucket idx=10
2026/03/11 21:18:33.132891 [INFO]  loadObjects: bucket="backup-data-platform-clarity-mgmt-pro" prefix=""
2026/03/11 21:18:33.132897 [INFO]  S3 ListObjects called bucket="backup-data-platform-clarity-mgmt-pro" prefix=""
2026/03/11 21:18:33.302923 [INFO]  S3 ListObjects returned 10 items
2026/03/11 21:18:33.302941 [DEBUG] loadObjects: 10 objects loaded, rendering
2026/03/11 21:18:33.302943 [DEBUG] render: buckets=50 objects=10 bucketIdx=10 objIdx=0
2026/03/11 21:18:33.325410 [DEBUG] key: bucket down (idx=10)
2026/03/11 21:18:33.325439 [INFO]  key: select bucket idx=11
2026/03/11 21:18:33.325444 [INFO]  loadObjects: bucket="backup-reference-data-clarity-mgmt-pro" prefix=""
2026/03/11 21:18:33.325450 [INFO]  S3 ListObjects called bucket="backup-reference-data-clarity-mgmt-pro" prefix=""
2026/03/11 21:18:33.541467 [ERROR] S3 ListObjects failed: operation error S3: ListObjectsV2, https response error StatusCode: 403, RequestID: Z4H1QMD1HQYFJN9S, HostID: hx4udzx57cUbn6E93v03sTuO9bKDsT2yrOX8Diz6/ltQgEAvhLNADZHb4gllI8zcUGjZRcAjE0Js274gZUz/qUJg/cWqeTDQbLBz+UvrqsI=, api error AccessDenied: User: arn:aws:sts::913932804865:assumed-role/federateclarity/aws-go-sdk-1773260310329811003 is not authorized to perform: s3:ListBucket on resource: "arn:aws:s3:::backup-reference-data-clarity-mgmt-pro" with an explicit deny in a resource-based policy
2026/03/11 21:18:33.541524 [ERROR] loadObjects failed: operation error S3: ListObjectsV2, https response error StatusCode: 403, RequestID: Z4H1QMD1HQYFJN9S, HostID: hx4udzx57cUbn6E93v03sTuO9bKDsT2yrOX8Diz6/ltQgEAvhLNADZHb4gllI8zcUGjZRcAjE0Js274gZUz/qUJg/cWqeTDQbLBz+UvrqsI=, api error AccessDenied: User: arn:aws:sts::913932804865:assumed-role/federateclarity/aws-go-sdk-1773260310329811003 is not authorized to perform: s3:ListBucket on resource: "arn:aws:s3:::backup-reference-data-clarity-mgmt-pro" with an explicit deny in a resource-based policy
2026/03/11 21:18:33.541560 [DEBUG] key: bucket down (idx=11)
2026/03/11 21:18:33.541563 [INFO]  key: select bucket idx=12
2026/03/11 21:18:33.541566 [INFO]  loadObjects: bucket="chatcommands-mgmt" prefix=""
2026/03/11 21:18:33.541571 [INFO]  S3 ListObjects called bucket="chatcommands-mgmt" prefix=""
2026/03/11 21:18:33.696698 [INFO]  S3 ListObjects returned 3 items
2026/03/11 21:18:33.696724 [DEBUG] loadObjects: 3 objects loaded, rendering
2026/03/11 21:18:33.696728 [DEBUG] render: buckets=50 objects=3 bucketIdx=12 objIdx=0
2026/03/11 21:18:33.705413 [DEBUG] key: bucket down (idx=12)
2026/03/11 21:18:33.705442 [INFO]  key: select bucket idx=13
2026/03/11 21:18:33.705446 [INFO]  loadObjects: bucket="clar-assistant-performance-tracker-data-mgmt" prefix=""
2026/03/11 21:18:33.705452 [INFO]  S3 ListObjects called bucket="clar-assistant-performance-tracker-data-mgmt" prefix=""
2026/03/11 21:18:33.861596 [INFO]  S3 ListObjects returned 1 items
2026/03/11 21:18:33.861626 [DEBUG] loadObjects: 1 objects loaded, rendering
2026/03/11 21:18:33.861628 [DEBUG] render: buckets=50 objects=1 bucketIdx=13 objIdx=0
2026/03/11 21:18:33.906056 [DEBUG] key: bucket down (idx=13)
2026/03/11 21:18:33.906091 [INFO]  key: select bucket idx=14
2026/03/11 21:18:33.906119 [INFO]  loadObjects: bucket="clar-clarityai-assistant-chat-mgmt" prefix=""
2026/03/11 21:18:33.906130 [INFO]  S3 ListObjects called bucket="clar-clarityai-assistant-chat-mgmt" prefix=""
2026/03/11 21:18:34.059923 [INFO]  S3 ListObjects returned 2 items
2026/03/11 21:18:34.059962 [DEBUG] loadObjects: 2 objects loaded, rendering
2026/03/11 21:18:34.059966 [DEBUG] render: buckets=50 objects=2 bucketIdx=14 objIdx=0
2026/03/11 21:18:34.122050 [DEBUG] key: bucket down (idx=14)
2026/03/11 21:18:34.122079 [INFO]  key: select bucket idx=15
2026/03/11 21:18:34.122082 [INFO]  loadObjects: bucket="clar-clarityai-assistant-report-mgmt" prefix=""
2026/03/11 21:18:34.122086 [INFO]  S3 ListObjects called bucket="clar-clarityai-assistant-report-mgmt" prefix=""
2026/03/11 21:18:34.273873 [INFO]  S3 ListObjects returned 0 items
2026/03/11 21:18:34.273909 [DEBUG] loadObjects: 0 objects loaded, rendering
2026/03/11 21:18:34.273914 [DEBUG] render: buckets=50 objects=0 bucketIdx=15 objIdx=0
2026/03/11 21:18:34.313387 [DEBUG] key: bucket down (idx=15)
2026/03/11 21:18:34.313410 [INFO]  key: select bucket idx=16
2026/03/11 21:18:34.313413 [INFO]  loadObjects: bucket="clar-fast-api-app-another-test-mgmt" prefix=""
2026/03/11 21:18:34.313417 [INFO]  S3 ListObjects called bucket="clar-fast-api-app-another-test-mgmt" prefix=""
2026/03/11 21:18:34.481946 [INFO]  S3 ListObjects returned 0 items
2026/03/11 21:18:34.481975 [DEBUG] loadObjects: 0 objects loaded, rendering
2026/03/11 21:18:34.481978 [DEBUG] render: buckets=50 objects=0 bucketIdx=16 objIdx=0
2026/03/11 21:18:34.507732 [DEBUG] key: bucket down (idx=16)
2026/03/11 21:18:34.507759 [INFO]  key: select bucket idx=17
2026/03/11 21:18:34.507766 [INFO]  loadObjects: bucket="clar-fast-api-app-test-mgmt" prefix=""
2026/03/11 21:18:34.507786 [INFO]  S3 ListObjects called bucket="clar-fast-api-app-test-mgmt" prefix=""
2026/03/11 21:18:34.660251 [INFO]  S3 ListObjects returned 0 items
2026/03/11 21:18:34.660294 [DEBUG] loadObjects: 0 objects loaded, rendering
2026/03/11 21:18:34.660300 [DEBUG] render: buckets=50 objects=0 bucketIdx=17 objIdx=0
2026/03/11 21:18:34.723996 [DEBUG] key: bucket down (idx=17)
2026/03/11 21:18:34.724037 [INFO]  key: select bucket idx=18
2026/03/11 21:18:34.724043 [INFO]  loadObjects: bucket="clar-loki-chunks-mgmt" prefix=""
2026/03/11 21:18:34.724053 [INFO]  S3 ListObjects called bucket="clar-loki-chunks-mgmt" prefix=""
2026/03/11 21:18:34.874120 [INFO]  S3 ListObjects returned 3 items
2026/03/11 21:18:34.874146 [DEBUG] loadObjects: 3 objects loaded, rendering
2026/03/11 21:18:34.874149 [DEBUG] render: buckets=50 objects=3 bucketIdx=18 objIdx=0
2026/03/11 21:18:34.917131 [DEBUG] key: bucket down (idx=18)
2026/03/11 21:18:34.917178 [INFO]  key: select bucket idx=19
2026/03/11 21:18:34.917185 [INFO]  loadObjects: bucket="clar-loki-ruler-mgmt" prefix=""
2026/03/11 21:18:34.917192 [INFO]  S3 ListObjects called bucket="clar-loki-ruler-mgmt" prefix=""
2026/03/11 21:18:35.068539 [INFO]  S3 ListObjects returned 0 items
2026/03/11 21:18:35.068583 [DEBUG] loadObjects: 0 objects loaded, rendering
2026/03/11 21:18:35.068588 [DEBUG] render: buckets=50 objects=0 bucketIdx=19 objIdx=0
2026/03/11 21:18:35.109305 [DEBUG] key: bucket down (idx=19)
2026/03/11 21:18:35.109352 [INFO]  key: select bucket idx=20
2026/03/11 21:18:35.109360 [INFO]  loadObjects: bucket="clar-metrics-validation-workspace-mgmt" prefix=""
2026/03/11 21:18:35.109369 [INFO]  S3 ListObjects called bucket="clar-metrics-validation-workspace-mgmt" prefix=""
2026/03/11 21:18:35.268297 [INFO]  S3 ListObjects returned 200 items
2026/03/11 21:18:35.268320 [DEBUG] loadObjects: 200 objects loaded, rendering
2026/03/11 21:18:35.268322 [DEBUG] render: buckets=50 objects=200 bucketIdx=20 objIdx=0
2026/03/11 21:18:35.302693 [DEBUG] key: bucket down (idx=20)
2026/03/11 21:18:35.302715 [INFO]  key: select bucket idx=21
2026/03/11 21:18:35.302719 [INFO]  loadObjects: bucket="clar-mlflow-genai-artifacts-store-mgmt" prefix=""
2026/03/11 21:18:35.302722 [INFO]  S3 ListObjects called bucket="clar-mlflow-genai-artifacts-store-mgmt" prefix=""
2026/03/11 21:18:35.474502 [INFO]  S3 ListObjects returned 37 items
2026/03/11 21:18:35.474522 [DEBUG] loadObjects: 37 objects loaded, rendering
2026/03/11 21:18:35.474526 [DEBUG] render: buckets=50 objects=37 bucketIdx=21 objIdx=0
2026/03/11 21:18:35.518807 [DEBUG] key: bucket down (idx=21)
2026/03/11 21:18:35.518832 [INFO]  key: select bucket idx=22
2026/03/11 21:18:35.518836 [INFO]  loadObjects: bucket="clar-search-dashboard-documents-mgmt" prefix=""
2026/03/11 21:18:35.518842 [INFO]  S3 ListObjects called bucket="clar-search-dashboard-documents-mgmt" prefix=""
2026/03/11 21:18:35.683208 [INFO]  S3 ListObjects returned 1 items
2026/03/11 21:18:35.683238 [DEBUG] loadObjects: 1 objects loaded, rendering
2026/03/11 21:18:35.683242 [DEBUG] render: buckets=50 objects=1 bucketIdx=22 objIdx=0
2026/03/11 21:18:35.711860 [DEBUG] key: bucket down (idx=22)
2026/03/11 21:18:35.711961 [INFO]  key: select bucket idx=23
2026/03/11 21:18:35.711971 [INFO]  loadObjects: bucket="clar-streamlit-app-buck-mgmt" prefix=""
2026/03/11 21:18:35.711988 [INFO]  S3 ListObjects called bucket="clar-streamlit-app-buck-mgmt" prefix=""
2026/03/11 21:18:35.888708 [INFO]  S3 ListObjects returned 1 items
2026/03/11 21:18:35.888736 [DEBUG] loadObjects: 1 objects loaded, rendering
2026/03/11 21:18:35.888742 [DEBUG] render: buckets=50 objects=1 bucketIdx=23 objIdx=0
2026/03/11 21:18:35.905004 [DEBUG] key: bucket down (idx=23)
2026/03/11 21:18:35.905054 [INFO]  key: select bucket idx=24
2026/03/11 21:18:35.905062 [INFO]  loadObjects: bucket="clarity-ai-mgmt-buck-64b25806" prefix=""
2026/03/11 21:18:35.905071 [INFO]  S3 ListObjects called bucket="clarity-ai-mgmt-buck-64b25806" prefix=""
2026/03/11 21:18:36.062526 [INFO]  S3 ListObjects returned 0 items
2026/03/11 21:18:36.062554 [DEBUG] loadObjects: 0 objects loaded, rendering
2026/03/11 21:18:36.062559 [DEBUG] render: buckets=50 objects=0 bucketIdx=24 objIdx=0
2026/03/11 21:18:36.122090 [DEBUG] key: bucket down (idx=24)
2026/03/11 21:18:36.122149 [INFO]  key: select bucket idx=25
2026/03/11 21:18:36.122156 [INFO]  loadObjects: bucket="clarity-athena-results-mgmt" prefix=""
2026/03/11 21:18:36.122164 [INFO]  S3 ListObjects called bucket="clarity-athena-results-mgmt" prefix=""
2026/03/11 21:18:36.283292 [INFO]  S3 ListObjects returned 0 items
2026/03/11 21:18:36.283308 [DEBUG] loadObjects: 0 objects loaded, rendering
2026/03/11 21:18:36.283309 [DEBUG] render: buckets=50 objects=0 bucketIdx=25 objIdx=0
2026/03/11 21:18:36.314811 [DEBUG] key: bucket down (idx=25)
2026/03/11 21:18:36.314842 [INFO]  key: select bucket idx=26
2026/03/11 21:18:36.314846 [INFO]  loadObjects: bucket="clarity-foundational-engineering" prefix=""
2026/03/11 21:18:36.314851 [INFO]  S3 ListObjects called bucket="clarity-foundational-engineering" prefix=""
2026/03/11 21:18:36.499343 [INFO]  S3 ListObjects returned 20 items
2026/03/11 21:18:36.499367 [DEBUG] loadObjects: 20 objects loaded, rendering
2026/03/11 21:18:36.499371 [DEBUG] render: buckets=50 objects=20 bucketIdx=26 objIdx=0
2026/03/11 21:18:36.526760 [DEBUG] key: bucket down (idx=26)
2026/03/11 21:18:36.526783 [INFO]  key: select bucket idx=27
2026/03/11 21:18:36.526789 [INFO]  loadObjects: bucket="clarity-modal" prefix=""
2026/03/11 21:18:36.526795 [INFO]  S3 ListObjects called bucket="clarity-modal" prefix=""
2026/03/11 21:18:36.681957 [INFO]  S3 ListObjects returned 24 items
2026/03/11 21:18:36.681975 [DEBUG] loadObjects: 24 objects loaded, rendering
2026/03/11 21:18:36.681976 [DEBUG] render: buckets=50 objects=24 bucketIdx=27 objIdx=0
2026/03/11 21:18:36.724727 [DEBUG] key: bucket down (idx=27)
2026/03/11 21:18:36.724752 [INFO]  key: select bucket idx=28
2026/03/11 21:18:36.724757 [INFO]  loadObjects: bucket="clarity-spike-snowflake-iceberg" prefix=""
2026/03/11 21:18:36.724764 [INFO]  S3 ListObjects called bucket="clarity-spike-snowflake-iceberg" prefix=""
2026/03/11 21:18:36.888629 [INFO]  S3 ListObjects returned 1 items
2026/03/11 21:18:36.888671 [DEBUG] loadObjects: 1 objects loaded, rendering
2026/03/11 21:18:36.888678 [DEBUG] render: buckets=50 objects=1 bucketIdx=28 objIdx=0
2026/03/11 21:18:36.917752 [DEBUG] key: bucket down (idx=28)
2026/03/11 21:18:36.917784 [INFO]  key: select bucket idx=29
2026/03/11 21:18:36.917788 [INFO]  loadObjects: bucket="clarity-terraform-state-mgmt-eu-central-1" prefix=""
2026/03/11 21:18:36.917794 [INFO]  S3 ListObjects called bucket="clarity-terraform-state-mgmt-eu-central-1" prefix=""
2026/03/11 21:18:37.085212 [INFO]  S3 ListObjects returned 181 items
2026/03/11 21:18:37.085234 [DEBUG] loadObjects: 181 objects loaded, rendering
2026/03/11 21:18:37.085238 [DEBUG] render: buckets=50 objects=181 bucketIdx=29 objIdx=0
2026/03/11 21:18:37.134317 [DEBUG] key: bucket down (idx=29)
2026/03/11 21:18:37.134337 [INFO]  key: select bucket idx=30
2026/03/11 21:18:37.134340 [INFO]  loadObjects: bucket="clarityai-corpdocs-mgmt" prefix=""
2026/03/11 21:18:37.134346 [INFO]  S3 ListObjects called bucket="clarityai-corpdocs-mgmt" prefix=""
2026/03/11 21:18:37.290407 [INFO]  S3 ListObjects returned 1 items
2026/03/11 21:18:37.290430 [DEBUG] loadObjects: 1 objects loaded, rendering
2026/03/11 21:18:37.290434 [DEBUG] render: buckets=50 objects=1 bucketIdx=30 objIdx=0
2026/03/11 21:18:37.350900 [DEBUG] key: bucket down (idx=30)
2026/03/11 21:18:37.350929 [INFO]  key: select bucket idx=31
2026/03/11 21:18:37.350935 [INFO]  loadObjects: bucket="collected-documents-exchange-clarity-mgmt-pro" prefix=""
2026/03/11 21:18:37.350944 [INFO]  S3 ListObjects called bucket="collected-documents-exchange-clarity-mgmt-pro" prefix=""
2026/03/11 21:18:37.620838 [INFO]  S3 ListObjects returned 441 items
2026/03/11 21:18:37.620859 [DEBUG] loadObjects: 441 objects loaded, rendering
2026/03/11 21:18:37.620861 [DEBUG] render: buckets=50 objects=441 bucketIdx=31 objIdx=0
2026/03/11 21:18:37.623138 [DEBUG] key: bucket down (idx=31)
2026/03/11 21:18:37.623154 [INFO]  key: select bucket idx=32
2026/03/11 21:18:37.623158 [INFO]  loadObjects: bucket="ctool-mgmt" prefix=""
2026/03/11 21:18:37.623164 [INFO]  S3 ListObjects called bucket="ctool-mgmt" prefix=""
2026/03/11 21:18:37.760121 [INFO]  S3 ListObjects returned 4 items
2026/03/11 21:18:37.760139 [DEBUG] loadObjects: 4 objects loaded, rendering
2026/03/11 21:18:37.760140 [DEBUG] render: buckets=50 objects=4 bucketIdx=32 objIdx=0
2026/03/11 21:18:38.147498 [DEBUG] key: bucket down (idx=32)
2026/03/11 21:18:38.147528 [INFO]  key: select bucket idx=33
2026/03/11 21:18:38.147531 [INFO]  loadObjects: bucket="customer-factset-5f16f2bad0f9bd40ae7cf701-clarity" prefix=""
2026/03/11 21:18:38.147552 [INFO]  S3 ListObjects called bucket="customer-factset-5f16f2bad0f9bd40ae7cf701-clarity" prefix=""
2026/03/11 21:18:38.297492 [INFO]  S3 ListObjects returned 1 items
2026/03/11 21:18:38.297555 [DEBUG] loadObjects: 1 objects loaded, rendering
2026/03/11 21:18:38.297560 [DEBUG] render: buckets=50 objects=1 bucketIdx=33 objIdx=0
2026/03/11 21:18:38.700126 [DEBUG] key: bucket down (idx=33)
2026/03/11 21:18:38.700165 [INFO]  key: select bucket idx=34
2026/03/11 21:18:38.700171 [INFO]  loadObjects: bucket="customer-qontigo-5ea9793d3db7f763b99d5e58-clarity" prefix=""
2026/03/11 21:18:38.700180 [INFO]  S3 ListObjects called bucket="customer-qontigo-5ea9793d3db7f763b99d5e58-clarity" prefix=""
2026/03/11 21:18:38.881988 [INFO]  S3 ListObjects returned 7 items
2026/03/11 21:18:38.882030 [DEBUG] loadObjects: 7 objects loaded, rendering
2026/03/11 21:18:38.882035 [DEBUG] render: buckets=50 objects=7 bucketIdx=34 objIdx=0
2026/03/11 21:18:39.255769 [DEBUG] key: bucket down (idx=34)
2026/03/11 21:18:39.255798 [INFO]  key: select bucket idx=35
2026/03/11 21:18:39.255801 [INFO]  loadObjects: bucket="customer-sam-5cc16d0b85e107000135c80c-clarity" prefix=""
2026/03/11 21:18:39.255806 [INFO]  S3 ListObjects called bucket="customer-sam-5cc16d0b85e107000135c80c-clarity" prefix=""
2026/03/11 21:18:39.417038 [INFO]  S3 ListObjects returned 2 items
2026/03/11 21:18:39.417075 [DEBUG] loadObjects: 2 objects loaded, rendering
2026/03/11 21:18:39.417080 [DEBUG] render: buckets=50 objects=2 bucketIdx=35 objIdx=0
2026/03/11 21:18:40.819753 [DEBUG] key: bucket down (idx=35)
2026/03/11 21:18:40.819784 [INFO]  key: select bucket idx=36
2026/03/11 21:18:40.819789 [INFO]  loadObjects: bucket="datadog-backups-mgmt" prefix=""
2026/03/11 21:18:40.819795 [INFO]  S3 ListObjects called bucket="datadog-backups-mgmt" prefix=""
2026/03/11 21:18:40.982546 [INFO]  S3 ListObjects returned 2 items
2026/03/11 21:18:40.982583 [DEBUG] loadObjects: 2 objects loaded, rendering
2026/03/11 21:18:40.982587 [DEBUG] render: buckets=50 objects=2 bucketIdx=36 objIdx=0
2026/03/11 21:18:41.562214 [DEBUG] key: bucket down (idx=36)
2026/03/11 21:18:41.562238 [INFO]  key: select bucket idx=37
2026/03/11 21:18:41.562241 [INFO]  loadObjects: bucket="datadog-log-archive-clarity-mgmt-pro" prefix=""
2026/03/11 21:18:41.562245 [INFO]  S3 ListObjects called bucket="datadog-log-archive-clarity-mgmt-pro" prefix=""
2026/03/11 21:18:41.725646 [INFO]  S3 ListObjects returned 5 items
2026/03/11 21:18:41.725679 [DEBUG] loadObjects: 5 objects loaded, rendering
2026/03/11 21:18:41.725683 [DEBUG] render: buckets=50 objects=5 bucketIdx=37 objIdx=0
2026/03/11 21:18:41.998124 [DEBUG] key: bucket down (idx=37)
2026/03/11 21:18:41.998200 [INFO]  key: select bucket idx=38
2026/03/11 21:18:41.998214 [INFO]  loadObjects: bucket="elasticsearch-clarity-mgmt-pro" prefix=""
2026/03/11 21:18:41.998223 [INFO]  S3 ListObjects called bucket="elasticsearch-clarity-mgmt-pro" prefix=""
2026/03/11 21:18:42.168077 [INFO]  S3 ListObjects returned 7 items
2026/03/11 21:18:42.168136 [DEBUG] loadObjects: 7 objects loaded, rendering
2026/03/11 21:18:42.168145 [DEBUG] render: buckets=50 objects=7 bucketIdx=38 objIdx=0
2026/03/11 21:18:42.432323 [DEBUG] key: bucket down (idx=38)
2026/03/11 21:18:42.432345 [INFO]  key: select bucket idx=39
2026/03/11 21:18:42.432348 [INFO]  loadObjects: bucket="elasticsearch-gitlab" prefix=""
2026/03/11 21:18:42.432350 [INFO]  S3 ListObjects called bucket="elasticsearch-gitlab" prefix=""
2026/03/11 21:18:42.604144 [INFO]  S3 ListObjects returned 0 items
2026/03/11 21:18:42.604178 [DEBUG] loadObjects: 0 objects loaded, rendering
2026/03/11 21:18:42.604182 [DEBUG] render: buckets=50 objects=0 bucketIdx=39 objIdx=0
2026/03/11 21:18:42.837476 [DEBUG] key: bucket down (idx=39)
2026/03/11 21:18:42.837504 [INFO]  key: select bucket idx=40
2026/03/11 21:18:42.837508 [INFO]  loadObjects: bucket="elb-access-logs-clarity-mgmt-pro" prefix=""
2026/03/11 21:18:42.837514 [INFO]  S3 ListObjects called bucket="elb-access-logs-clarity-mgmt-pro" prefix=""
2026/03/11 21:18:43.004794 [INFO]  S3 ListObjects returned 6 items
2026/03/11 21:18:43.004814 [DEBUG] loadObjects: 6 objects loaded, rendering
2026/03/11 21:18:43.004816 [DEBUG] render: buckets=50 objects=6 bucketIdx=40 objIdx=0
2026/03/11 21:18:43.226998 [DEBUG] key: bucket down (idx=40)
2026/03/11 21:18:43.227031 [INFO]  key: select bucket idx=41
2026/03/11 21:18:43.227037 [INFO]  loadObjects: bucket="exposures-ingestion-mgmt-pro" prefix=""
2026/03/11 21:18:43.227046 [INFO]  S3 ListObjects called bucket="exposures-ingestion-mgmt-pro" prefix=""
2026/03/11 21:18:43.390788 [INFO]  S3 ListObjects returned 2 items
2026/03/11 21:18:43.390818 [DEBUG] loadObjects: 2 objects loaded, rendering
2026/03/11 21:18:43.390822 [DEBUG] render: buckets=50 objects=2 bucketIdx=41 objIdx=0
2026/03/11 21:18:43.635893 [DEBUG] key: bucket down (idx=41)
2026/03/11 21:18:43.635917 [INFO]  key: select bucket idx=42
2026/03/11 21:18:43.635922 [INFO]  loadObjects: bucket="external-efront-clarity-mgmt-pro" prefix=""
2026/03/11 21:18:43.635928 [INFO]  S3 ListObjects called bucket="external-efront-clarity-mgmt-pro" prefix=""
2026/03/11 21:18:43.781034 [INFO]  S3 ListObjects returned 1 items
2026/03/11 21:18:43.781063 [DEBUG] loadObjects: 1 objects loaded, rendering
2026/03/11 21:18:43.781066 [DEBUG] render: buckets=50 objects=1 bucketIdx=42 objIdx=0
2026/03/11 21:18:43.999301 [DEBUG] key: bucket down (idx=42)
2026/03/11 21:18:43.999323 [INFO]  key: select bucket idx=43
2026/03/11 21:18:43.999326 [INFO]  loadObjects: bucket="external-refinitiv-clarity-mgmt-pro" prefix=""
2026/03/11 21:18:43.999330 [INFO]  S3 ListObjects called bucket="external-refinitiv-clarity-mgmt-pro" prefix=""
2026/03/11 21:18:44.200768 [INFO]  S3 ListObjects returned 2 items
2026/03/11 21:18:44.200812 [DEBUG] loadObjects: 2 objects loaded, rendering
2026/03/11 21:18:44.200820 [DEBUG] render: buckets=50 objects=2 bucketIdx=43 objIdx=0
2026/03/11 21:18:44.409953 [DEBUG] key: bucket down (idx=43)
2026/03/11 21:18:44.409979 [INFO]  key: select bucket idx=44
2026/03/11 21:18:44.409986 [INFO]  loadObjects: bucket="forge-reports-mgmt" prefix=""
2026/03/11 21:18:44.409993 [INFO]  S3 ListObjects called bucket="forge-reports-mgmt" prefix=""
2026/03/11 21:18:44.580446 [INFO]  S3 ListObjects returned 1 items
2026/03/11 21:18:44.580467 [DEBUG] loadObjects: 1 objects loaded, rendering
2026/03/11 21:18:44.580469 [DEBUG] render: buckets=50 objects=1 bucketIdx=44 objIdx=0
2026/03/11 21:18:44.817987 [DEBUG] key: bucket down (idx=44)
2026/03/11 21:18:44.818018 [INFO]  key: select bucket idx=45
2026/03/11 21:18:44.818021 [INFO]  loadObjects: bucket="gitlabbackup-clarity-mgmt-pro" prefix=""
2026/03/11 21:18:44.818028 [INFO]  S3 ListObjects called bucket="gitlabbackup-clarity-mgmt-pro" prefix=""
2026/03/11 21:18:44.970555 [INFO]  S3 ListObjects returned 0 items
2026/03/11 21:18:44.970579 [DEBUG] loadObjects: 0 objects loaded, rendering
2026/03/11 21:18:44.970582 [DEBUG] render: buckets=50 objects=0 bucketIdx=45 objIdx=0
2026/03/11 21:18:45.254506 [DEBUG] key: bucket down (idx=45)
2026/03/11 21:18:45.254529 [INFO]  key: select bucket idx=46
2026/03/11 21:18:45.254533 [INFO]  loadObjects: bucket="gitlabrunners-clarity-mgmt-pro" prefix=""
2026/03/11 21:18:45.254540 [INFO]  S3 ListObjects called bucket="gitlabrunners-clarity-mgmt-pro" prefix=""
2026/03/11 21:18:45.649022 [INFO]  S3 ListObjects returned 161 items
2026/03/11 21:18:45.649064 [DEBUG] loadObjects: 161 objects loaded, rendering
2026/03/11 21:18:45.649072 [DEBUG] render: buckets=50 objects=161 bucketIdx=46 objIdx=0
2026/03/11 21:18:45.649485 [DEBUG] key: bucket down (idx=46)
2026/03/11 21:18:45.649499 [INFO]  key: select bucket idx=47
2026/03/11 21:18:45.649506 [INFO]  loadObjects: bucket="igloo-extractions-clarity-mgmt-pro" prefix=""
2026/03/11 21:18:45.649514 [INFO]  S3 ListObjects called bucket="igloo-extractions-clarity-mgmt-pro" prefix=""
2026/03/11 21:18:45.807380 [INFO]  S3 ListObjects returned 1 items
2026/03/11 21:18:45.807419 [DEBUG] loadObjects: 1 objects loaded, rendering
2026/03/11 21:18:45.807424 [DEBUG] render: buckets=50 objects=1 bucketIdx=47 objIdx=0
2026/03/11 21:18:46.069648 [DEBUG] key: bucket down (idx=47)
2026/03/11 21:18:46.069668 [INFO]  key: select bucket idx=48
2026/03/11 21:18:46.069671 [INFO]  loadObjects: bucket="igloo-ml-exchange-clarity-mgmt-pro" prefix=""
2026/03/11 21:18:46.069674 [INFO]  S3 ListObjects called bucket="igloo-ml-exchange-clarity-mgmt-pro" prefix=""
2026/03/11 21:18:46.248927 [INFO]  S3 ListObjects returned 2 items
2026/03/11 21:18:46.248955 [DEBUG] loadObjects: 2 objects loaded, rendering
2026/03/11 21:18:46.248960 [DEBUG] render: buckets=50 objects=2 bucketIdx=48 objIdx=0
2026/03/11 21:18:46.261967 [DEBUG] key: bucket down (idx=48)
2026/03/11 21:18:46.261995 [INFO]  key: select bucket idx=49
2026/03/11 21:18:46.262003 [INFO]  loadObjects: bucket="images-clarity-mgmt-pro" prefix=""
2026/03/11 21:18:46.262016 [INFO]  S3 ListObjects called bucket="images-clarity-mgmt-pro" prefix=""
2026/03/11 21:18:46.406596 [INFO]  S3 ListObjects returned 2 items
2026/03/11 21:18:46.406625 [DEBUG] loadObjects: 2 objects loaded, rendering
2026/03/11 21:18:46.406630 [DEBUG] render: buckets=50 objects=2 bucketIdx=49 objIdx=0
2026/03/11 21:18:46.431063 [DEBUG] key: bucket down (idx=49)
2026/03/11 21:18:46.576975 [DEBUG] key: bucket down (idx=49)
2026/03/11 21:18:47.156075 [DEBUG] key: bucket down (idx=49)
2026/03/11 21:18:47.396008 [DEBUG] key: bucket down (idx=49)
2026/03/11 21:18:47.560367 [DEBUG] key: bucket down (idx=49)
2026/03/11 21:18:47.710564 [DEBUG] key: bucket down (idx=49)
2026/03/11 21:18:47.878924 [DEBUG] key: bucket down (idx=49)
2026/03/11 21:18:47.999414 [DEBUG] key: bucket down (idx=49)
2026/03/11 21:18:48.191955 [DEBUG] key: bucket down (idx=49)
2026/03/11 21:18:48.336653 [DEBUG] key: bucket down (idx=49)
2026/03/11 21:18:48.693139 [DEBUG] key: bucket down (idx=49)
2026/03/11 21:18:48.843312 [DEBUG] key: bucket down (idx=49)
2026/03/11 21:18:49.012090 [DEBUG] key: bucket down (idx=49)
2026/03/11 21:18:49.350446 [DEBUG] key: bucket up (idx=49)
2026/03/11 21:18:49.350469 [INFO]  key: select bucket idx=48
2026/03/11 21:18:49.350471 [INFO]  loadObjects: bucket="igloo-ml-exchange-clarity-mgmt-pro" prefix=""
2026/03/11 21:18:49.350474 [INFO]  S3 ListObjects called bucket="igloo-ml-exchange-clarity-mgmt-pro" prefix=""
2026/03/11 21:18:49.419567 [INFO]  S3 ListObjects returned 2 items
2026/03/11 21:18:49.419593 [DEBUG] loadObjects: 2 objects loaded, rendering
2026/03/11 21:18:49.419597 [DEBUG] render: buckets=50 objects=2 bucketIdx=48 objIdx=0
2026/03/11 21:18:49.590058 [DEBUG] key: bucket up (idx=48)
2026/03/11 21:18:49.590225 [INFO]  key: select bucket idx=47
2026/03/11 21:18:49.590251 [INFO]  loadObjects: bucket="igloo-extractions-clarity-mgmt-pro" prefix=""
2026/03/11 21:18:49.590261 [INFO]  S3 ListObjects called bucket="igloo-extractions-clarity-mgmt-pro" prefix=""
2026/03/11 21:18:49.643881 [INFO]  S3 ListObjects returned 1 items
2026/03/11 21:18:49.643921 [DEBUG] loadObjects: 1 objects loaded, rendering
2026/03/11 21:18:49.643926 [DEBUG] render: buckets=50 objects=1 bucketIdx=47 objIdx=0
2026/03/11 21:18:49.807311 [DEBUG] key: bucket up (idx=47)
2026/03/11 21:18:49.807346 [INFO]  key: select bucket idx=46
2026/03/11 21:18:49.807348 [INFO]  loadObjects: bucket="gitlabrunners-clarity-mgmt-pro" prefix=""
2026/03/11 21:18:49.807353 [INFO]  S3 ListObjects called bucket="gitlabrunners-clarity-mgmt-pro" prefix=""
2026/03/11 21:18:50.096805 [INFO]  S3 ListObjects returned 161 items
2026/03/11 21:18:50.096838 [DEBUG] loadObjects: 161 objects loaded, rendering
2026/03/11 21:18:50.096844 [DEBUG] render: buckets=50 objects=161 bucketIdx=46 objIdx=0
2026/03/11 21:18:50.097128 [DEBUG] key: bucket up (idx=46)
2026/03/11 21:18:50.097135 [INFO]  key: select bucket idx=45
2026/03/11 21:18:50.097138 [INFO]  loadObjects: bucket="gitlabbackup-clarity-mgmt-pro" prefix=""
2026/03/11 21:18:50.097142 [INFO]  S3 ListObjects called bucket="gitlabbackup-clarity-mgmt-pro" prefix=""
2026/03/11 21:18:50.145810 [INFO]  S3 ListObjects returned 0 items
2026/03/11 21:18:50.145840 [DEBUG] loadObjects: 0 objects loaded, rendering
2026/03/11 21:18:50.145871 [DEBUG] render: buckets=50 objects=0 bucketIdx=45 objIdx=0
2026/03/11 21:18:50.146062 [DEBUG] key: bucket up (idx=45)
2026/03/11 21:18:50.146067 [INFO]  key: select bucket idx=44
2026/03/11 21:18:50.146071 [INFO]  loadObjects: bucket="forge-reports-mgmt" prefix=""
2026/03/11 21:18:50.146077 [INFO]  S3 ListObjects called bucket="forge-reports-mgmt" prefix=""
2026/03/11 21:18:50.199513 [INFO]  S3 ListObjects returned 1 items
2026/03/11 21:18:50.199532 [DEBUG] loadObjects: 1 objects loaded, rendering
2026/03/11 21:18:50.199534 [DEBUG] render: buckets=50 objects=1 bucketIdx=44 objIdx=0
2026/03/11 21:18:50.289038 [DEBUG] key: bucket up (idx=44)
2026/03/11 21:18:50.289075 [INFO]  key: select bucket idx=43
2026/03/11 21:18:50.289081 [INFO]  loadObjects: bucket="external-refinitiv-clarity-mgmt-pro" prefix=""
2026/03/11 21:18:50.289088 [INFO]  S3 ListObjects called bucket="external-refinitiv-clarity-mgmt-pro" prefix=""
2026/03/11 21:18:50.454450 [INFO]  S3 ListObjects returned 2 items
2026/03/11 21:18:50.454475 [DEBUG] loadObjects: 2 objects loaded, rendering
2026/03/11 21:18:50.454478 [DEBUG] render: buckets=50 objects=2 bucketIdx=43 objIdx=0
2026/03/11 21:18:50.457945 [DEBUG] key: bucket up (idx=43)
2026/03/11 21:18:50.457974 [INFO]  key: select bucket idx=42
2026/03/11 21:18:50.457980 [INFO]  loadObjects: bucket="external-efront-clarity-mgmt-pro" prefix=""
2026/03/11 21:18:50.457988 [INFO]  S3 ListObjects called bucket="external-efront-clarity-mgmt-pro" prefix=""
2026/03/11 21:18:50.612876 [INFO]  S3 ListObjects returned 1 items
2026/03/11 21:18:50.612920 [DEBUG] loadObjects: 1 objects loaded, rendering
2026/03/11 21:18:50.612926 [DEBUG] render: buckets=50 objects=1 bucketIdx=42 objIdx=0
2026/03/11 21:18:50.626548 [DEBUG] key: bucket up (idx=42)
2026/03/11 21:18:50.626575 [INFO]  key: select bucket idx=41
2026/03/11 21:18:50.626579 [INFO]  loadObjects: bucket="exposures-ingestion-mgmt-pro" prefix=""
2026/03/11 21:18:50.626584 [INFO]  S3 ListObjects called bucket="exposures-ingestion-mgmt-pro" prefix=""
2026/03/11 21:18:50.790833 [INFO]  S3 ListObjects returned 2 items
2026/03/11 21:18:50.790862 [DEBUG] loadObjects: 2 objects loaded, rendering
2026/03/11 21:18:50.790865 [DEBUG] render: buckets=50 objects=2 bucketIdx=41 objIdx=0
2026/03/11 21:18:50.818779 [DEBUG] key: bucket up (idx=41)
2026/03/11 21:18:50.818816 [INFO]  key: select bucket idx=40
2026/03/11 21:18:50.818824 [INFO]  loadObjects: bucket="elb-access-logs-clarity-mgmt-pro" prefix=""
2026/03/11 21:18:50.818834 [INFO]  S3 ListObjects called bucket="elb-access-logs-clarity-mgmt-pro" prefix=""
2026/03/11 21:18:50.986878 [INFO]  S3 ListObjects returned 6 items
2026/03/11 21:18:50.986905 [DEBUG] loadObjects: 6 objects loaded, rendering
2026/03/11 21:18:50.986909 [DEBUG] render: buckets=50 objects=6 bucketIdx=40 objIdx=0
2026/03/11 21:18:50.987635 [DEBUG] key: bucket up (idx=40)
2026/03/11 21:18:50.987639 [INFO]  key: select bucket idx=39
2026/03/11 21:18:50.987640 [INFO]  loadObjects: bucket="elasticsearch-gitlab" prefix=""
2026/03/11 21:18:50.987642 [INFO]  S3 ListObjects called bucket="elasticsearch-gitlab" prefix=""
2026/03/11 21:18:51.135055 [INFO]  S3 ListObjects returned 0 items
2026/03/11 21:18:51.135092 [DEBUG] loadObjects: 0 objects loaded, rendering
2026/03/11 21:18:51.135112 [DEBUG] render: buckets=50 objects=0 bucketIdx=39 objIdx=0
2026/03/11 21:18:51.224208 [DEBUG] key: bucket up (idx=39)
2026/03/11 21:18:51.224247 [INFO]  key: select bucket idx=38
2026/03/11 21:18:51.224252 [INFO]  loadObjects: bucket="elasticsearch-clarity-mgmt-pro" prefix=""
2026/03/11 21:18:51.224261 [INFO]  S3 ListObjects called bucket="elasticsearch-clarity-mgmt-pro" prefix=""
2026/03/11 21:18:51.390074 [INFO]  S3 ListObjects returned 7 items
2026/03/11 21:18:51.390131 [DEBUG] loadObjects: 7 objects loaded, rendering
2026/03/11 21:18:51.390141 [DEBUG] render: buckets=50 objects=7 bucketIdx=38 objIdx=0
2026/03/11 21:18:51.390292 [DEBUG] key: bucket up (idx=38)
2026/03/11 21:18:51.390296 [INFO]  key: select bucket idx=37
2026/03/11 21:18:51.390298 [INFO]  loadObjects: bucket="datadog-log-archive-clarity-mgmt-pro" prefix=""
2026/03/11 21:18:51.390311 [INFO]  S3 ListObjects called bucket="datadog-log-archive-clarity-mgmt-pro" prefix=""
2026/03/11 21:18:51.543899 [INFO]  S3 ListObjects returned 5 items
2026/03/11 21:18:51.544043 [DEBUG] loadObjects: 5 objects loaded, rendering
2026/03/11 21:18:51.544049 [DEBUG] render: buckets=50 objects=5 bucketIdx=37 objIdx=0
2026/03/11 21:18:51.544218 [DEBUG] key: bucket up (idx=37)
2026/03/11 21:18:51.544225 [INFO]  key: select bucket idx=36
2026/03/11 21:18:51.544228 [INFO]  loadObjects: bucket="datadog-backups-mgmt" prefix=""
2026/03/11 21:18:51.544232 [INFO]  S3 ListObjects called bucket="datadog-backups-mgmt" prefix=""
2026/03/11 21:18:51.686196 [INFO]  S3 ListObjects returned 2 items
2026/03/11 21:18:51.686220 [DEBUG] loadObjects: 2 objects loaded, rendering
2026/03/11 21:18:51.686224 [DEBUG] render: buckets=50 objects=2 bucketIdx=36 objIdx=0
2026/03/11 21:18:51.686421 [DEBUG] key: bucket up (idx=36)
2026/03/11 21:18:51.686425 [INFO]  key: select bucket idx=35
2026/03/11 21:18:51.686427 [INFO]  loadObjects: bucket="customer-sam-5cc16d0b85e107000135c80c-clarity" prefix=""
2026/03/11 21:18:51.686435 [INFO]  S3 ListObjects called bucket="customer-sam-5cc16d0b85e107000135c80c-clarity" prefix=""
2026/03/11 21:18:51.860026 [INFO]  S3 ListObjects returned 2 items
2026/03/11 21:18:51.860048 [DEBUG] loadObjects: 2 objects loaded, rendering
2026/03/11 21:18:51.860050 [DEBUG] render: buckets=50 objects=2 bucketIdx=35 objIdx=0
2026/03/11 21:18:51.860198 [DEBUG] key: bucket up (idx=35)
2026/03/11 21:18:51.860208 [INFO]  key: select bucket idx=34
2026/03/11 21:18:51.860212 [INFO]  loadObjects: bucket="customer-qontigo-5ea9793d3db7f763b99d5e58-clarity" prefix=""
2026/03/11 21:18:51.860217 [INFO]  S3 ListObjects called bucket="customer-qontigo-5ea9793d3db7f763b99d5e58-clarity" prefix=""
2026/03/11 21:18:52.014499 [INFO]  S3 ListObjects returned 7 items
2026/03/11 21:18:52.014529 [DEBUG] loadObjects: 7 objects loaded, rendering
2026/03/11 21:18:52.014534 [DEBUG] render: buckets=50 objects=7 bucketIdx=34 objIdx=0
2026/03/11 21:18:52.014742 [DEBUG] key: bucket up (idx=34)
2026/03/11 21:18:52.014744 [INFO]  key: select bucket idx=33
2026/03/11 21:18:52.014747 [INFO]  loadObjects: bucket="customer-factset-5f16f2bad0f9bd40ae7cf701-clarity" prefix=""
2026/03/11 21:18:52.014750 [INFO]  S3 ListObjects called bucket="customer-factset-5f16f2bad0f9bd40ae7cf701-clarity" prefix=""
2026/03/11 21:18:52.164042 [INFO]  S3 ListObjects returned 1 items
2026/03/11 21:18:52.164067 [DEBUG] loadObjects: 1 objects loaded, rendering
2026/03/11 21:18:52.164071 [DEBUG] render: buckets=50 objects=1 bucketIdx=33 objIdx=0
2026/03/11 21:18:52.171128 [DEBUG] key: bucket up (idx=33)
2026/03/11 21:18:52.171147 [INFO]  key: select bucket idx=32
2026/03/11 21:18:52.171151 [INFO]  loadObjects: bucket="ctool-mgmt" prefix=""
2026/03/11 21:18:52.171155 [INFO]  S3 ListObjects called bucket="ctool-mgmt" prefix=""
2026/03/11 21:18:52.319603 [INFO]  S3 ListObjects returned 4 items
2026/03/11 21:18:52.319619 [DEBUG] loadObjects: 4 objects loaded, rendering
2026/03/11 21:18:52.319623 [DEBUG] render: buckets=50 objects=4 bucketIdx=32 objIdx=0
2026/03/11 21:18:52.337767 [DEBUG] key: bucket up (idx=32)
2026/03/11 21:18:52.337790 [INFO]  key: select bucket idx=31
2026/03/11 21:18:52.337797 [INFO]  loadObjects: bucket="collected-documents-exchange-clarity-mgmt-pro" prefix=""
2026/03/11 21:18:52.337805 [INFO]  S3 ListObjects called bucket="collected-documents-exchange-clarity-mgmt-pro" prefix=""
2026/03/11 21:18:52.691426 [INFO]  S3 ListObjects returned 441 items
2026/03/11 21:18:52.691451 [DEBUG] loadObjects: 441 objects loaded, rendering
2026/03/11 21:18:52.691454 [DEBUG] render: buckets=50 objects=441 bucketIdx=31 objIdx=0
2026/03/11 21:18:52.693374 [DEBUG] key: bucket up (idx=31)
2026/03/11 21:18:52.693392 [INFO]  key: select bucket idx=30
2026/03/11 21:18:52.693396 [INFO]  loadObjects: bucket="clarityai-corpdocs-mgmt" prefix=""
2026/03/11 21:18:52.693400 [INFO]  S3 ListObjects called bucket="clarityai-corpdocs-mgmt" prefix=""
2026/03/11 21:18:52.846708 [INFO]  S3 ListObjects returned 1 items
2026/03/11 21:18:52.846725 [DEBUG] loadObjects: 1 objects loaded, rendering
2026/03/11 21:18:52.846727 [DEBUG] render: buckets=50 objects=1 bucketIdx=30 objIdx=0
2026/03/11 21:18:52.846956 [DEBUG] key: bucket up (idx=30)
2026/03/11 21:18:52.846959 [INFO]  key: select bucket idx=29
2026/03/11 21:18:52.846960 [INFO]  loadObjects: bucket="clarity-terraform-state-mgmt-eu-central-1" prefix=""
2026/03/11 21:18:52.846963 [INFO]  S3 ListObjects called bucket="clarity-terraform-state-mgmt-eu-central-1" prefix=""
2026/03/11 21:18:53.013562 [INFO]  S3 ListObjects returned 181 items
2026/03/11 21:18:53.013589 [DEBUG] loadObjects: 181 objects loaded, rendering
2026/03/11 21:18:53.013592 [DEBUG] render: buckets=50 objects=181 bucketIdx=29 objIdx=0
2026/03/11 21:18:53.014110 [DEBUG] key: bucket up (idx=29)
2026/03/11 21:18:53.014113 [INFO]  key: select bucket idx=28
2026/03/11 21:18:53.014114 [INFO]  loadObjects: bucket="clarity-spike-snowflake-iceberg" prefix=""
2026/03/11 21:18:53.014116 [INFO]  S3 ListObjects called bucket="clarity-spike-snowflake-iceberg" prefix=""
2026/03/11 21:18:53.166952 [INFO]  S3 ListObjects returned 1 items
2026/03/11 21:18:53.166998 [DEBUG] loadObjects: 1 objects loaded, rendering
2026/03/11 21:18:53.167003 [DEBUG] render: buckets=50 objects=1 bucketIdx=28 objIdx=0
2026/03/11 21:18:53.167411 [DEBUG] key: bucket up (idx=28)
2026/03/11 21:18:53.167451 [INFO]  key: select bucket idx=27
2026/03/11 21:18:53.167457 [INFO]  loadObjects: bucket="clarity-modal" prefix=""
2026/03/11 21:18:53.167463 [INFO]  S3 ListObjects called bucket="clarity-modal" prefix=""
2026/03/11 21:18:53.316613 [INFO]  S3 ListObjects returned 24 items
2026/03/11 21:18:53.316631 [DEBUG] loadObjects: 24 objects loaded, rendering
2026/03/11 21:18:53.316635 [DEBUG] render: buckets=50 objects=24 bucketIdx=27 objIdx=0
2026/03/11 21:18:53.316848 [DEBUG] key: bucket up (idx=27)
2026/03/11 21:18:53.316852 [INFO]  key: select bucket idx=26
2026/03/11 21:18:53.316855 [INFO]  loadObjects: bucket="clarity-foundational-engineering" prefix=""
2026/03/11 21:18:53.316859 [INFO]  S3 ListObjects called bucket="clarity-foundational-engineering" prefix=""
2026/03/11 21:18:53.477826 [INFO]  S3 ListObjects returned 20 items
2026/03/11 21:18:53.477850 [DEBUG] loadObjects: 20 objects loaded, rendering
2026/03/11 21:18:53.477854 [DEBUG] render: buckets=50 objects=20 bucketIdx=26 objIdx=0
2026/03/11 21:18:53.478495 [DEBUG] key: bucket up (idx=26)
2026/03/11 21:18:53.478503 [INFO]  key: select bucket idx=25
2026/03/11 21:18:53.478505 [INFO]  loadObjects: bucket="clarity-athena-results-mgmt" prefix=""
2026/03/11 21:18:53.478506 [INFO]  S3 ListObjects called bucket="clarity-athena-results-mgmt" prefix=""
2026/03/11 21:18:53.621191 [INFO]  S3 ListObjects returned 0 items
2026/03/11 21:18:53.621230 [DEBUG] loadObjects: 0 objects loaded, rendering
2026/03/11 21:18:53.621234 [DEBUG] render: buckets=50 objects=0 bucketIdx=25 objIdx=0
2026/03/11 21:18:54.044227 [DEBUG] key: bucket up (idx=25)
2026/03/11 21:18:54.044256 [INFO]  key: select bucket idx=24
2026/03/11 21:18:54.044258 [INFO]  loadObjects: bucket="clarity-ai-mgmt-buck-64b25806" prefix=""
2026/03/11 21:18:54.044262 [INFO]  S3 ListObjects called bucket="clarity-ai-mgmt-buck-64b25806" prefix=""
2026/03/11 21:18:54.176310 [INFO]  S3 ListObjects returned 0 items
2026/03/11 21:18:54.176342 [DEBUG] loadObjects: 0 objects loaded, rendering
2026/03/11 21:18:54.176347 [DEBUG] render: buckets=50 objects=0 bucketIdx=24 objIdx=0
2026/03/11 21:18:54.387258 [DEBUG] key: bucket up (idx=24)
2026/03/11 21:18:54.387280 [INFO]  key: select bucket idx=23
2026/03/11 21:18:54.387283 [INFO]  loadObjects: bucket="clar-streamlit-app-buck-mgmt" prefix=""
2026/03/11 21:18:54.387285 [INFO]  S3 ListObjects called bucket="clar-streamlit-app-buck-mgmt" prefix=""
2026/03/11 21:18:54.552570 [INFO]  S3 ListObjects returned 1 items
2026/03/11 21:18:54.552589 [DEBUG] loadObjects: 1 objects loaded, rendering
2026/03/11 21:18:54.552592 [DEBUG] render: buckets=50 objects=1 bucketIdx=23 objIdx=0
2026/03/11 21:18:54.670399 [DEBUG] key: bucket up (idx=23)
2026/03/11 21:18:54.670425 [INFO]  key: select bucket idx=22
2026/03/11 21:18:54.670430 [INFO]  loadObjects: bucket="clar-search-dashboard-documents-mgmt" prefix=""
2026/03/11 21:18:54.670436 [INFO]  S3 ListObjects called bucket="clar-search-dashboard-documents-mgmt" prefix=""
2026/03/11 21:18:54.830519 [INFO]  S3 ListObjects returned 1 items
2026/03/11 21:18:54.830546 [DEBUG] loadObjects: 1 objects loaded, rendering
2026/03/11 21:18:54.830550 [DEBUG] render: buckets=50 objects=1 bucketIdx=22 objIdx=0
2026/03/11 21:18:54.868869 [DEBUG] key: bucket up (idx=22)
2026/03/11 21:18:54.868902 [INFO]  key: select bucket idx=21
2026/03/11 21:18:54.868907 [INFO]  loadObjects: bucket="clar-mlflow-genai-artifacts-store-mgmt" prefix=""
2026/03/11 21:18:54.868913 [INFO]  S3 ListObjects called bucket="clar-mlflow-genai-artifacts-store-mgmt" prefix=""
2026/03/11 21:18:55.017123 [INFO]  S3 ListObjects returned 37 items
2026/03/11 21:18:55.017153 [DEBUG] loadObjects: 37 objects loaded, rendering
2026/03/11 21:18:55.017158 [DEBUG] render: buckets=50 objects=37 bucketIdx=21 objIdx=0
2026/03/11 21:18:55.103821 [DEBUG] key: bucket up (idx=21)
2026/03/11 21:18:55.103878 [INFO]  key: select bucket idx=20
2026/03/11 21:18:55.103884 [INFO]  loadObjects: bucket="clar-metrics-validation-workspace-mgmt" prefix=""
2026/03/11 21:18:55.103894 [INFO]  S3 ListObjects called bucket="clar-metrics-validation-workspace-mgmt" prefix=""
2026/03/11 21:18:55.263823 [INFO]  S3 ListObjects returned 200 items
2026/03/11 21:18:55.263843 [DEBUG] loadObjects: 200 objects loaded, rendering
2026/03/11 21:18:55.263844 [DEBUG] render: buckets=50 objects=200 bucketIdx=20 objIdx=0
2026/03/11 21:18:55.351427 [DEBUG] key: bucket up (idx=20)
2026/03/11 21:18:55.351460 [INFO]  key: select bucket idx=19
2026/03/11 21:18:55.351462 [INFO]  loadObjects: bucket="clar-loki-ruler-mgmt" prefix=""
2026/03/11 21:18:55.351466 [INFO]  S3 ListObjects called bucket="clar-loki-ruler-mgmt" prefix=""
2026/03/11 21:18:55.504396 [INFO]  S3 ListObjects returned 0 items
2026/03/11 21:18:55.504419 [DEBUG] loadObjects: 0 objects loaded, rendering
2026/03/11 21:18:55.504423 [DEBUG] render: buckets=50 objects=0 bucketIdx=19 objIdx=0
2026/03/11 21:18:55.566254 [DEBUG] key: bucket up (idx=19)
2026/03/11 21:18:55.566290 [INFO]  key: select bucket idx=18
2026/03/11 21:18:55.566294 [INFO]  loadObjects: bucket="clar-loki-chunks-mgmt" prefix=""
2026/03/11 21:18:55.566300 [INFO]  S3 ListObjects called bucket="clar-loki-chunks-mgmt" prefix=""
2026/03/11 21:18:55.719994 [INFO]  S3 ListObjects returned 3 items
2026/03/11 21:18:55.720022 [DEBUG] loadObjects: 3 objects loaded, rendering
2026/03/11 21:18:55.720024 [DEBUG] render: buckets=50 objects=3 bucketIdx=18 objIdx=0
2026/03/11 21:18:55.810106 [DEBUG] key: bucket up (idx=18)
2026/03/11 21:18:55.810126 [INFO]  key: select bucket idx=17
2026/03/11 21:18:55.810129 [INFO]  loadObjects: bucket="clar-fast-api-app-test-mgmt" prefix=""
2026/03/11 21:18:55.810132 [INFO]  S3 ListObjects called bucket="clar-fast-api-app-test-mgmt" prefix=""
2026/03/11 21:18:55.973597 [INFO]  S3 ListObjects returned 0 items
2026/03/11 21:18:55.973627 [DEBUG] loadObjects: 0 objects loaded, rendering
2026/03/11 21:18:55.973632 [DEBUG] render: buckets=50 objects=0 bucketIdx=17 objIdx=0
2026/03/11 21:18:56.025593 [DEBUG] key: bucket up (idx=17)
2026/03/11 21:18:56.025632 [INFO]  key: select bucket idx=16
2026/03/11 21:18:56.025637 [INFO]  loadObjects: bucket="clar-fast-api-app-another-test-mgmt" prefix=""
2026/03/11 21:18:56.025644 [INFO]  S3 ListObjects called bucket="clar-fast-api-app-another-test-mgmt" prefix=""
2026/03/11 21:18:56.175680 [INFO]  S3 ListObjects returned 0 items
2026/03/11 21:18:56.175704 [DEBUG] loadObjects: 0 objects loaded, rendering
2026/03/11 21:18:56.175707 [DEBUG] render: buckets=50 objects=0 bucketIdx=16 objIdx=0
2026/03/11 21:18:56.266254 [DEBUG] key: bucket up (idx=16)
2026/03/11 21:18:56.266289 [INFO]  key: select bucket idx=15
2026/03/11 21:18:56.266297 [INFO]  loadObjects: bucket="clar-clarityai-assistant-report-mgmt" prefix=""
2026/03/11 21:18:56.266330 [INFO]  S3 ListObjects called bucket="clar-clarityai-assistant-report-mgmt" prefix=""
2026/03/11 21:18:56.412559 [INFO]  S3 ListObjects returned 0 items
2026/03/11 21:18:56.412602 [DEBUG] loadObjects: 0 objects loaded, rendering
2026/03/11 21:18:56.412607 [DEBUG] render: buckets=50 objects=0 bucketIdx=15 objIdx=0
2026/03/11 21:18:56.483608 [DEBUG] key: bucket up (idx=15)
2026/03/11 21:18:56.483640 [INFO]  key: select bucket idx=14
2026/03/11 21:18:56.483646 [INFO]  loadObjects: bucket="clar-clarityai-assistant-chat-mgmt" prefix=""
2026/03/11 21:18:56.483654 [INFO]  S3 ListObjects called bucket="clar-clarityai-assistant-chat-mgmt" prefix=""
2026/03/11 21:18:56.642216 [INFO]  S3 ListObjects returned 2 items
2026/03/11 21:18:56.642241 [DEBUG] loadObjects: 2 objects loaded, rendering
2026/03/11 21:18:56.642245 [DEBUG] render: buckets=50 objects=2 bucketIdx=14 objIdx=0
2026/03/11 21:18:56.724325 [DEBUG] key: bucket up (idx=14)
2026/03/11 21:18:56.724375 [INFO]  key: select bucket idx=13
2026/03/11 21:18:56.724384 [INFO]  loadObjects: bucket="clar-assistant-performance-tracker-data-mgmt" prefix=""
2026/03/11 21:18:56.724400 [INFO]  S3 ListObjects called bucket="clar-assistant-performance-tracker-data-mgmt" prefix=""
2026/03/11 21:18:56.888622 [INFO]  S3 ListObjects returned 1 items
2026/03/11 21:18:56.888653 [DEBUG] loadObjects: 1 objects loaded, rendering
2026/03/11 21:18:56.888658 [DEBUG] render: buckets=50 objects=1 bucketIdx=13 objIdx=0
2026/03/11 21:18:56.915830 [DEBUG] key: bucket up (idx=13)
2026/03/11 21:18:56.915854 [INFO]  key: select bucket idx=12
2026/03/11 21:18:56.915860 [INFO]  loadObjects: bucket="chatcommands-mgmt" prefix=""
2026/03/11 21:18:56.915867 [INFO]  S3 ListObjects called bucket="chatcommands-mgmt" prefix=""
2026/03/11 21:18:57.065474 [INFO]  S3 ListObjects returned 3 items
2026/03/11 21:18:57.065515 [DEBUG] loadObjects: 3 objects loaded, rendering
2026/03/11 21:18:57.065520 [DEBUG] render: buckets=50 objects=3 bucketIdx=12 objIdx=0
2026/03/11 21:18:57.132155 [DEBUG] key: bucket up (idx=12)
2026/03/11 21:18:57.132194 [INFO]  key: select bucket idx=11
2026/03/11 21:18:57.132202 [INFO]  loadObjects: bucket="backup-reference-data-clarity-mgmt-pro" prefix=""
2026/03/11 21:18:57.132209 [INFO]  S3 ListObjects called bucket="backup-reference-data-clarity-mgmt-pro" prefix=""
2026/03/11 21:18:57.289557 [ERROR] S3 ListObjects failed: operation error S3: ListObjectsV2, https response error StatusCode: 403, RequestID: 4WP751XW3MGQ6TXC, HostID: ohpqE4nH10L60CX7V0wl+Pg+eGC1cw/YkYm/RPBhUF6yf+rhcu7+kcBLlIdeaaS41SOAPsJc5OVLEnrZ3+7xnlkYRocvfqSOEh3u7enz1Vc=, api error AccessDenied: User: arn:aws:sts::913932804865:assumed-role/federateclarity/aws-go-sdk-1773260310329811003 is not authorized to perform: s3:ListBucket on resource: "arn:aws:s3:::backup-reference-data-clarity-mgmt-pro" with an explicit deny in a resource-based policy
2026/03/11 21:18:57.289600 [ERROR] loadObjects failed: operation error S3: ListObjectsV2, https response error StatusCode: 403, RequestID: 4WP751XW3MGQ6TXC, HostID: ohpqE4nH10L60CX7V0wl+Pg+eGC1cw/YkYm/RPBhUF6yf+rhcu7+kcBLlIdeaaS41SOAPsJc5OVLEnrZ3+7xnlkYRocvfqSOEh3u7enz1Vc=, api error AccessDenied: User: arn:aws:sts::913932804865:assumed-role/federateclarity/aws-go-sdk-1773260310329811003 is not authorized to perform: s3:ListBucket on resource: "arn:aws:s3:::backup-reference-data-clarity-mgmt-pro" with an explicit deny in a resource-based policy
2026/03/11 21:18:57.325597 [DEBUG] key: bucket up (idx=11)
2026/03/11 21:18:57.325615 [INFO]  key: select bucket idx=10
2026/03/11 21:18:57.325617 [INFO]  loadObjects: bucket="backup-data-platform-clarity-mgmt-pro" prefix=""
2026/03/11 21:18:57.325620 [INFO]  S3 ListObjects called bucket="backup-data-platform-clarity-mgmt-pro" prefix=""
2026/03/11 21:18:57.479556 [INFO]  S3 ListObjects returned 10 items
2026/03/11 21:18:57.479578 [DEBUG] loadObjects: 10 objects loaded, rendering
2026/03/11 21:18:57.479582 [DEBUG] render: buckets=50 objects=10 bucketIdx=10 objIdx=0
2026/03/11 21:18:57.494811 [DEBUG] key: bucket up (idx=10)
2026/03/11 21:18:57.494839 [INFO]  key: select bucket idx=9
2026/03/11 21:18:57.494844 [INFO]  loadObjects: bucket="aws-logs-913932804865-eu-central-1" prefix=""
2026/03/11 21:18:57.494849 [INFO]  S3 ListObjects called bucket="aws-logs-913932804865-eu-central-1" prefix=""
2026/03/11 21:18:57.647635 [INFO]  S3 ListObjects returned 1 items
2026/03/11 21:18:57.647673 [DEBUG] loadObjects: 1 objects loaded, rendering
2026/03/11 21:18:57.647677 [DEBUG] render: buckets=50 objects=1 bucketIdx=9 objIdx=0
2026/03/11 21:18:57.688380 [DEBUG] key: bucket up (idx=9)
2026/03/11 21:18:57.688410 [INFO]  key: select bucket idx=8
2026/03/11 21:18:57.688414 [INFO]  loadObjects: bucket="aws-emr-resources-913932804865-eu-central-1" prefix=""
2026/03/11 21:18:57.688420 [INFO]  S3 ListObjects called bucket="aws-emr-resources-913932804865-eu-central-1" prefix=""
2026/03/11 21:18:57.831463 [INFO]  S3 ListObjects returned 0 items
2026/03/11 21:18:57.831760 [DEBUG] loadObjects: 0 objects loaded, rendering
2026/03/11 21:18:57.831767 [DEBUG] render: buckets=50 objects=0 bucketIdx=8 objIdx=0
2026/03/11 21:18:57.880783 [DEBUG] key: bucket up (idx=8)
2026/03/11 21:18:57.880806 [INFO]  key: select bucket idx=7
2026/03/11 21:18:57.880809 [INFO]  loadObjects: bucket="aws-athena-query-results-eu-central-1-913932804865" prefix=""
2026/03/11 21:18:57.880813 [INFO]  S3 ListObjects called bucket="aws-athena-query-results-eu-central-1-913932804865" prefix=""
2026/03/11 21:18:58.041770 [INFO]  S3 ListObjects returned 54 items
2026/03/11 21:18:58.041793 [DEBUG] loadObjects: 54 objects loaded, rendering
2026/03/11 21:18:58.041796 [DEBUG] render: buckets=50 objects=54 bucketIdx=7 objIdx=0
2026/03/11 21:18:58.073711 [DEBUG] key: bucket up (idx=7)
2026/03/11 21:18:58.073726 [INFO]  key: select bucket idx=6
2026/03/11 21:18:58.073731 [INFO]  loadObjects: bucket="aws-athena-query-results-913932804865-eu-central-1" prefix=""
2026/03/11 21:18:58.073736 [INFO]  S3 ListObjects called bucket="aws-athena-query-results-913932804865-eu-central-1" prefix=""
2026/03/11 21:18:58.230049 [INFO]  S3 ListObjects returned 1 items
2026/03/11 21:18:58.230078 [DEBUG] loadObjects: 1 objects loaded, rendering
2026/03/11 21:18:58.230083 [DEBUG] render: buckets=50 objects=1 bucketIdx=6 objIdx=0
2026/03/11 21:18:58.267501 [DEBUG] key: bucket up (idx=6)
2026/03/11 21:18:58.267558 [INFO]  key: select bucket idx=5
2026/03/11 21:18:58.267565 [INFO]  loadObjects: bucket="augmentedai-clarity-mgmt-pro" prefix=""
2026/03/11 21:18:58.267574 [INFO]  S3 ListObjects called bucket="augmentedai-clarity-mgmt-pro" prefix=""
2026/03/11 21:18:58.418416 [INFO]  S3 ListObjects returned 2 items
2026/03/11 21:18:58.418439 [DEBUG] loadObjects: 2 objects loaded, rendering
2026/03/11 21:18:58.418442 [DEBUG] render: buckets=50 objects=2 bucketIdx=5 objIdx=0
2026/03/11 21:18:58.434895 [DEBUG] key: bucket up (idx=5)
2026/03/11 21:18:58.434937 [INFO]  key: select bucket idx=4
2026/03/11 21:18:58.434941 [INFO]  loadObjects: bucket="artifacts-clarity-mgmt-pro" prefix=""
2026/03/11 21:18:58.434947 [INFO]  S3 ListObjects called bucket="artifacts-clarity-mgmt-pro" prefix=""
2026/03/11 21:18:58.596811 [INFO]  S3 ListObjects returned 11 items
2026/03/11 21:18:58.596838 [DEBUG] loadObjects: 11 objects loaded, rendering
2026/03/11 21:18:58.596842 [DEBUG] render: buckets=50 objects=11 bucketIdx=4 objIdx=0
2026/03/11 21:18:58.623089 [DEBUG] key: bucket up (idx=4)
2026/03/11 21:18:58.623144 [INFO]  key: select bucket idx=3
2026/03/11 21:18:58.623154 [INFO]  loadObjects: bucket="argo-workflows-clarity-mgmt-pro" prefix=""
2026/03/11 21:18:58.623163 [INFO]  S3 ListObjects called bucket="argo-workflows-clarity-mgmt-pro" prefix=""
2026/03/11 21:18:58.858415 [INFO]  S3 ListObjects returned 1000 items
2026/03/11 21:18:58.858433 [DEBUG] loadObjects: 1000 objects loaded, rendering
2026/03/11 21:18:58.858435 [DEBUG] render: buckets=50 objects=1000 bucketIdx=3 objIdx=0
2026/03/11 21:18:58.862261 [DEBUG] key: bucket up (idx=3)
2026/03/11 21:18:58.862277 [INFO]  key: select bucket idx=2
2026/03/11 21:18:58.862292 [INFO]  loadObjects: bucket="airflowv2-clarity-mgmt-pro" prefix=""
2026/03/11 21:18:58.862296 [INFO]  S3 ListObjects called bucket="airflowv2-clarity-mgmt-pro" prefix=""
2026/03/11 21:18:59.006444 [INFO]  S3 ListObjects returned 2 items
2026/03/11 21:18:59.006471 [DEBUG] loadObjects: 2 objects loaded, rendering
2026/03/11 21:18:59.006475 [DEBUG] render: buckets=50 objects=2 bucketIdx=2 objIdx=0
2026/03/11 21:18:59.006669 [DEBUG] key: bucket up (idx=2)
2026/03/11 21:18:59.006674 [INFO]  key: select bucket idx=1
2026/03/11 21:18:59.006678 [INFO]  loadObjects: bucket="airflowlogs-clarity-mgmt-pro" prefix=""
2026/03/11 21:18:59.006683 [INFO]  S3 ListObjects called bucket="airflowlogs-clarity-mgmt-pro" prefix=""
2026/03/11 21:18:59.157414 [INFO]  S3 ListObjects returned 4 items
2026/03/11 21:18:59.157455 [DEBUG] loadObjects: 4 objects loaded, rendering
2026/03/11 21:18:59.157458 [DEBUG] render: buckets=50 objects=4 bucketIdx=1 objIdx=0
2026/03/11 21:18:59.158806 [DEBUG] key: bucket up (idx=1)
2026/03/11 21:18:59.158812 [INFO]  key: select bucket idx=0
2026/03/11 21:18:59.158815 [INFO]  loadObjects: bucket="airflow-testing-clarity-mgmt" prefix=""
2026/03/11 21:18:59.158817 [INFO]  S3 ListObjects called bucket="airflow-testing-clarity-mgmt" prefix=""
2026/03/11 21:18:59.312836 [INFO]  S3 ListObjects returned 3 items
2026/03/11 21:18:59.312858 [DEBUG] loadObjects: 3 objects loaded, rendering
2026/03/11 21:18:59.312860 [DEBUG] render: buckets=50 objects=3 bucketIdx=0 objIdx=0
2026/03/11 21:18:59.326430 [DEBUG] key: bucket up (idx=0)
2026/03/11 21:18:59.496470 [DEBUG] key: bucket up (idx=0)
2026/03/11 21:18:59.689080 [DEBUG] key: bucket up (idx=0)
2026/03/11 21:18:59.858164 [DEBUG] key: bucket up (idx=0)
2026/03/11 21:19:00.027547 [DEBUG] key: bucket up (idx=0)
2026/03/11 21:19:00.169691 [DEBUG] key: bucket up (idx=0)
2026/03/11 21:19:00.314935 [DEBUG] key: bucket up (idx=0)
2026/03/11 21:19:00.531728 [DEBUG] key: bucket down (idx=0)
2026/03/11 21:19:00.531749 [INFO]  key: select bucket idx=1
2026/03/11 21:19:00.531752 [INFO]  loadObjects: bucket="airflowlogs-clarity-mgmt-pro" prefix=""
2026/03/11 21:19:00.531757 [INFO]  S3 ListObjects called bucket="airflowlogs-clarity-mgmt-pro" prefix=""
2026/03/11 21:19:00.592783 [INFO]  S3 ListObjects returned 4 items
2026/03/11 21:19:00.592812 [DEBUG] loadObjects: 4 objects loaded, rendering
2026/03/11 21:19:00.592815 [DEBUG] render: buckets=50 objects=4 bucketIdx=1 objIdx=0
2026/03/11 21:19:00.677772 [DEBUG] key: bucket down (idx=1)
2026/03/11 21:19:00.677802 [INFO]  key: select bucket idx=2
2026/03/11 21:19:00.677805 [INFO]  loadObjects: bucket="airflowv2-clarity-mgmt-pro" prefix=""
2026/03/11 21:19:00.677811 [INFO]  S3 ListObjects called bucket="airflowv2-clarity-mgmt-pro" prefix=""
2026/03/11 21:19:00.726857 [INFO]  S3 ListObjects returned 2 items
2026/03/11 21:19:00.726882 [DEBUG] loadObjects: 2 objects loaded, rendering
2026/03/11 21:19:00.726887 [DEBUG] render: buckets=50 objects=2 bucketIdx=2 objIdx=0
2026/03/11 21:19:00.801616 [DEBUG] key: bucket down (idx=2)
2026/03/11 21:19:00.801656 [INFO]  key: select bucket idx=3
2026/03/11 21:19:00.801663 [INFO]  loadObjects: bucket="argo-workflows-clarity-mgmt-pro" prefix=""
2026/03/11 21:19:00.801673 [INFO]  S3 ListObjects called bucket="argo-workflows-clarity-mgmt-pro" prefix=""
2026/03/11 21:19:00.905452 [INFO]  S3 ListObjects returned 1000 items
2026/03/11 21:19:00.905476 [DEBUG] loadObjects: 1000 objects loaded, rendering
2026/03/11 21:19:00.905478 [DEBUG] render: buckets=50 objects=1000 bucketIdx=3 objIdx=0
2026/03/11 21:19:00.942660 [DEBUG] key: bucket up (idx=3)
2026/03/11 21:19:00.942696 [INFO]  key: select bucket idx=2
2026/03/11 21:19:00.942705 [INFO]  loadObjects: bucket="airflowv2-clarity-mgmt-pro" prefix=""
2026/03/11 21:19:00.942716 [INFO]  S3 ListObjects called bucket="airflowv2-clarity-mgmt-pro" prefix=""
2026/03/11 21:19:00.990779 [INFO]  S3 ListObjects returned 2 items
2026/03/11 21:19:00.990805 [DEBUG] loadObjects: 2 objects loaded, rendering
2026/03/11 21:19:00.990811 [DEBUG] render: buckets=50 objects=2 bucketIdx=2 objIdx=0
2026/03/11 21:19:01.087853 [DEBUG] key: bucket up (idx=2)
2026/03/11 21:19:01.087872 [INFO]  key: select bucket idx=1
2026/03/11 21:19:01.087875 [INFO]  loadObjects: bucket="airflowlogs-clarity-mgmt-pro" prefix=""
2026/03/11 21:19:01.087878 [INFO]  S3 ListObjects called bucket="airflowlogs-clarity-mgmt-pro" prefix=""
2026/03/11 21:19:01.141134 [INFO]  S3 ListObjects returned 4 items
2026/03/11 21:19:01.141261 [DEBUG] loadObjects: 4 objects loaded, rendering
2026/03/11 21:19:01.141279 [DEBUG] render: buckets=50 objects=4 bucketIdx=1 objIdx=0
2026/03/11 21:19:01.227573 [DEBUG] key: bucket up (idx=1)
2026/03/11 21:19:01.227624 [INFO]  key: select bucket idx=0
2026/03/11 21:19:01.227631 [INFO]  loadObjects: bucket="airflow-testing-clarity-mgmt" prefix=""
2026/03/11 21:19:01.227639 [INFO]  S3 ListObjects called bucket="airflow-testing-clarity-mgmt" prefix=""
2026/03/11 21:19:01.280732 [INFO]  S3 ListObjects returned 3 items
2026/03/11 21:19:01.280765 [DEBUG] loadObjects: 3 objects loaded, rendering
2026/03/11 21:19:01.280769 [DEBUG] render: buckets=50 objects=3 bucketIdx=0 objIdx=0
2026/03/11 21:19:01.348056 [DEBUG] key: bucket up (idx=0)
2026/03/11 21:19:02.365259 [INFO]  key: quit
2026/03/11 21:19:02.365293 [INFO]  App exiting normally
2026/03/11 21:19:19.702164 [INFO]  App starting
2026/03/11 21:19:19.702636 [DEBUG] layout: first render, loading buckets
2026/03/11 21:19:19.702655 [INFO]  loadBuckets: listing buckets
2026/03/11 21:19:19.702659 [INFO]  S3 ListBuckets called
2026/03/11 21:19:20.057456 [INFO]  S3 ListBuckets returned 75 buckets
2026/03/11 21:19:20.057475 [INFO]  loadBuckets: got 75 buckets
2026/03/11 21:19:20.057478 [INFO]  loadObjects: bucket="airflow-testing-clarity-mgmt" prefix=""
2026/03/11 21:19:20.057482 [INFO]  S3 ListObjects called bucket="airflow-testing-clarity-mgmt" prefix=""
2026/03/11 21:19:20.208562 [INFO]  S3 ListObjects returned 3 items
2026/03/11 21:19:20.208575 [DEBUG] loadObjects: 3 objects loaded, rendering
2026/03/11 21:19:20.208578 [DEBUG] render: buckets=50 objects=3 bucketIdx=0 objIdx=0
2026/03/11 21:19:20.619223 [DEBUG] key: bucket down (idx=0)
2026/03/11 21:19:20.619263 [INFO]  key: select bucket idx=1
2026/03/11 21:19:20.619268 [INFO]  loadObjects: bucket="airflowlogs-clarity-mgmt-pro" prefix=""
2026/03/11 21:19:20.619276 [INFO]  S3 ListObjects called bucket="airflowlogs-clarity-mgmt-pro" prefix=""
2026/03/11 21:19:20.772789 [INFO]  S3 ListObjects returned 4 items
2026/03/11 21:19:20.772805 [DEBUG] loadObjects: 4 objects loaded, rendering
2026/03/11 21:19:20.772810 [DEBUG] render: buckets=50 objects=4 bucketIdx=1 objIdx=0
2026/03/11 21:19:20.772993 [DEBUG] key: bucket down (idx=1)
2026/03/11 21:19:20.772998 [INFO]  key: select bucket idx=2
2026/03/11 21:19:20.773002 [INFO]  loadObjects: bucket="airflowv2-clarity-mgmt-pro" prefix=""
2026/03/11 21:19:20.773007 [INFO]  S3 ListObjects called bucket="airflowv2-clarity-mgmt-pro" prefix=""
2026/03/11 21:19:20.930651 [INFO]  S3 ListObjects returned 2 items
2026/03/11 21:19:20.930661 [DEBUG] loadObjects: 2 objects loaded, rendering
2026/03/11 21:19:20.930663 [DEBUG] render: buckets=50 objects=2 bucketIdx=2 objIdx=0
2026/03/11 21:19:20.930900 [DEBUG] key: bucket down (idx=2)
2026/03/11 21:19:20.930908 [INFO]  key: select bucket idx=3
2026/03/11 21:19:20.930914 [INFO]  loadObjects: bucket="argo-workflows-clarity-mgmt-pro" prefix=""
2026/03/11 21:19:20.930922 [INFO]  S3 ListObjects called bucket="argo-workflows-clarity-mgmt-pro" prefix=""
2026/03/11 21:19:21.171023 [INFO]  S3 ListObjects returned 1000 items
2026/03/11 21:19:21.171058 [DEBUG] loadObjects: 1000 objects loaded, rendering
2026/03/11 21:19:21.171063 [DEBUG] render: buckets=50 objects=1000 bucketIdx=3 objIdx=0
2026/03/11 21:19:21.174329 [DEBUG] key: bucket down (idx=3)
2026/03/11 21:19:21.174344 [INFO]  key: select bucket idx=4
2026/03/11 21:19:21.174346 [INFO]  loadObjects: bucket="artifacts-clarity-mgmt-pro" prefix=""
2026/03/11 21:19:21.174350 [INFO]  S3 ListObjects called bucket="artifacts-clarity-mgmt-pro" prefix=""
2026/03/11 21:19:21.331901 [INFO]  S3 ListObjects returned 11 items
2026/03/11 21:19:21.331946 [DEBUG] loadObjects: 11 objects loaded, rendering
2026/03/11 21:19:21.331953 [DEBUG] render: buckets=50 objects=11 bucketIdx=4 objIdx=0
2026/03/11 21:19:21.332340 [DEBUG] key: bucket down (idx=4)
2026/03/11 21:19:21.332349 [INFO]  key: select bucket idx=5
2026/03/11 21:19:21.332353 [INFO]  loadObjects: bucket="augmentedai-clarity-mgmt-pro" prefix=""
2026/03/11 21:19:21.332359 [INFO]  S3 ListObjects called bucket="augmentedai-clarity-mgmt-pro" prefix=""
2026/03/11 21:19:21.485706 [INFO]  S3 ListObjects returned 2 items
2026/03/11 21:19:21.485735 [DEBUG] loadObjects: 2 objects loaded, rendering
2026/03/11 21:19:21.485741 [DEBUG] render: buckets=50 objects=2 bucketIdx=5 objIdx=0
2026/03/11 21:19:21.486164 [DEBUG] key: bucket down (idx=5)
2026/03/11 21:19:21.486175 [INFO]  key: select bucket idx=6
2026/03/11 21:19:21.486179 [INFO]  loadObjects: bucket="aws-athena-query-results-913932804865-eu-central-1" prefix=""
2026/03/11 21:19:21.486185 [INFO]  S3 ListObjects called bucket="aws-athena-query-results-913932804865-eu-central-1" prefix=""
2026/03/11 21:19:21.611566 [INFO]  S3 ListObjects returned 1 items
2026/03/11 21:19:21.611583 [DEBUG] loadObjects: 1 objects loaded, rendering
2026/03/11 21:19:21.611586 [DEBUG] render: buckets=50 objects=1 bucketIdx=6 objIdx=0
2026/03/11 21:19:21.612329 [DEBUG] key: bucket down (idx=6)
2026/03/11 21:19:21.612349 [INFO]  key: select bucket idx=7
2026/03/11 21:19:21.612353 [INFO]  loadObjects: bucket="aws-athena-query-results-eu-central-1-913932804865" prefix=""
2026/03/11 21:19:21.612359 [INFO]  S3 ListObjects called bucket="aws-athena-query-results-eu-central-1-913932804865" prefix=""
2026/03/11 21:19:21.757065 [INFO]  S3 ListObjects returned 54 items
2026/03/11 21:19:21.757104 [DEBUG] loadObjects: 54 objects loaded, rendering
2026/03/11 21:19:21.757110 [DEBUG] render: buckets=50 objects=54 bucketIdx=7 objIdx=0
2026/03/11 21:19:21.757514 [DEBUG] key: bucket down (idx=7)
2026/03/11 21:19:21.757516 [INFO]  key: select bucket idx=8
2026/03/11 21:19:21.757517 [INFO]  loadObjects: bucket="aws-emr-resources-913932804865-eu-central-1" prefix=""
2026/03/11 21:19:21.757519 [INFO]  S3 ListObjects called bucket="aws-emr-resources-913932804865-eu-central-1" prefix=""
2026/03/11 21:19:21.899990 [INFO]  S3 ListObjects returned 0 items
2026/03/11 21:19:21.900021 [DEBUG] loadObjects: 0 objects loaded, rendering
2026/03/11 21:19:21.900025 [DEBUG] render: buckets=50 objects=0 bucketIdx=8 objIdx=0
2026/03/11 21:19:21.900277 [DEBUG] key: bucket down (idx=8)
2026/03/11 21:19:21.900292 [INFO]  key: select bucket idx=9
2026/03/11 21:19:21.900296 [INFO]  loadObjects: bucket="aws-logs-913932804865-eu-central-1" prefix=""
2026/03/11 21:19:21.900300 [INFO]  S3 ListObjects called bucket="aws-logs-913932804865-eu-central-1" prefix=""
2026/03/11 21:19:22.042811 [INFO]  S3 ListObjects returned 1 items
2026/03/11 21:19:22.042855 [DEBUG] loadObjects: 1 objects loaded, rendering
2026/03/11 21:19:22.042860 [DEBUG] render: buckets=50 objects=1 bucketIdx=9 objIdx=0
2026/03/11 21:19:22.043208 [DEBUG] key: bucket down (idx=9)
2026/03/11 21:19:22.043218 [INFO]  key: select bucket idx=10
2026/03/11 21:19:22.043222 [INFO]  loadObjects: bucket="backup-data-platform-clarity-mgmt-pro" prefix=""
2026/03/11 21:19:22.043228 [INFO]  S3 ListObjects called bucket="backup-data-platform-clarity-mgmt-pro" prefix=""
2026/03/11 21:19:22.196912 [INFO]  S3 ListObjects returned 10 items
2026/03/11 21:19:22.196948 [DEBUG] loadObjects: 10 objects loaded, rendering
2026/03/11 21:19:22.196953 [DEBUG] render: buckets=50 objects=10 bucketIdx=10 objIdx=0
2026/03/11 21:19:22.197304 [DEBUG] key: bucket down (idx=10)
2026/03/11 21:19:22.197314 [INFO]  key: select bucket idx=11
2026/03/11 21:19:22.197318 [INFO]  loadObjects: bucket="backup-reference-data-clarity-mgmt-pro" prefix=""
2026/03/11 21:19:22.197324 [INFO]  S3 ListObjects called bucket="backup-reference-data-clarity-mgmt-pro" prefix=""
2026/03/11 21:19:22.338508 [ERROR] S3 ListObjects failed: operation error S3: ListObjectsV2, https response error StatusCode: 403, RequestID: JAR659BR9BVMWAFN, HostID: PhhzsUaE/VR0C+5v4p2ttLFv4a0BMPmi7oF+K0FfiSX4UBdk/WCqYNwYd/6M9SUVG4TJ1Q/UA90=, api error AccessDenied: User: arn:aws:sts::913932804865:assumed-role/federateclarity/aws-go-sdk-1773260359703045843 is not authorized to perform: s3:ListBucket on resource: "arn:aws:s3:::backup-reference-data-clarity-mgmt-pro" with an explicit deny in a resource-based policy
2026/03/11 21:19:22.338565 [ERROR] loadObjects failed: operation error S3: ListObjectsV2, https response error StatusCode: 403, RequestID: JAR659BR9BVMWAFN, HostID: PhhzsUaE/VR0C+5v4p2ttLFv4a0BMPmi7oF+K0FfiSX4UBdk/WCqYNwYd/6M9SUVG4TJ1Q/UA90=, api error AccessDenied: User: arn:aws:sts::913932804865:assumed-role/federateclarity/aws-go-sdk-1773260359703045843 is not authorized to perform: s3:ListBucket on resource: "arn:aws:s3:::backup-reference-data-clarity-mgmt-pro" with an explicit deny in a resource-based policy
2026/03/11 21:19:22.338586 [DEBUG] key: bucket down (idx=11)
2026/03/11 21:19:22.338591 [INFO]  key: select bucket idx=12
2026/03/11 21:19:22.338595 [INFO]  loadObjects: bucket="chatcommands-mgmt" prefix=""
2026/03/11 21:19:22.338601 [INFO]  S3 ListObjects called bucket="chatcommands-mgmt" prefix=""
2026/03/11 21:19:22.497148 [INFO]  S3 ListObjects returned 3 items
2026/03/11 21:19:22.497177 [DEBUG] loadObjects: 3 objects loaded, rendering
2026/03/11 21:19:22.497182 [DEBUG] render: buckets=50 objects=3 bucketIdx=12 objIdx=0
2026/03/11 21:19:22.497445 [DEBUG] key: bucket down (idx=12)
2026/03/11 21:19:22.497447 [INFO]  key: select bucket idx=13
2026/03/11 21:19:22.497450 [INFO]  loadObjects: bucket="clar-assistant-performance-tracker-data-mgmt" prefix=""
2026/03/11 21:19:22.497452 [INFO]  S3 ListObjects called bucket="clar-assistant-performance-tracker-data-mgmt" prefix=""
2026/03/11 21:19:22.650422 [INFO]  S3 ListObjects returned 1 items
2026/03/11 21:19:22.650450 [DEBUG] loadObjects: 1 objects loaded, rendering
2026/03/11 21:19:22.650451 [DEBUG] render: buckets=50 objects=1 bucketIdx=13 objIdx=0
2026/03/11 21:19:22.650564 [DEBUG] key: bucket down (idx=13)
2026/03/11 21:19:22.650565 [INFO]  key: select bucket idx=14
2026/03/11 21:19:22.650566 [INFO]  loadObjects: bucket="clar-clarityai-assistant-chat-mgmt" prefix=""
2026/03/11 21:19:22.650568 [INFO]  S3 ListObjects called bucket="clar-clarityai-assistant-chat-mgmt" prefix=""
2026/03/11 21:19:22.806832 [INFO]  S3 ListObjects returned 2 items
2026/03/11 21:19:22.806851 [DEBUG] loadObjects: 2 objects loaded, rendering
2026/03/11 21:19:22.806852 [DEBUG] render: buckets=50 objects=2 bucketIdx=14 objIdx=0
2026/03/11 21:19:22.807003 [DEBUG] key: bucket down (idx=14)
2026/03/11 21:19:22.807004 [INFO]  key: select bucket idx=15
2026/03/11 21:19:22.807005 [INFO]  loadObjects: bucket="clar-clarityai-assistant-report-mgmt" prefix=""
2026/03/11 21:19:22.807007 [INFO]  S3 ListObjects called bucket="clar-clarityai-assistant-report-mgmt" prefix=""
2026/03/11 21:19:22.965179 [INFO]  S3 ListObjects returned 0 items
2026/03/11 21:19:22.965202 [DEBUG] loadObjects: 0 objects loaded, rendering
2026/03/11 21:19:22.965206 [DEBUG] render: buckets=50 objects=0 bucketIdx=15 objIdx=0
2026/03/11 21:19:22.965412 [DEBUG] key: bucket down (idx=15)
2026/03/11 21:19:22.965415 [INFO]  key: select bucket idx=16
2026/03/11 21:19:22.965418 [INFO]  loadObjects: bucket="clar-fast-api-app-another-test-mgmt" prefix=""
2026/03/11 21:19:22.965422 [INFO]  S3 ListObjects called bucket="clar-fast-api-app-another-test-mgmt" prefix=""
2026/03/11 21:19:23.113866 [INFO]  S3 ListObjects returned 0 items
2026/03/11 21:19:23.113899 [DEBUG] loadObjects: 0 objects loaded, rendering
2026/03/11 21:19:23.113904 [DEBUG] render: buckets=50 objects=0 bucketIdx=16 objIdx=0
2026/03/11 21:19:23.114794 [DEBUG] key: bucket down (idx=16)
2026/03/11 21:19:23.114817 [INFO]  key: select bucket idx=17
2026/03/11 21:19:23.114822 [INFO]  loadObjects: bucket="clar-fast-api-app-test-mgmt" prefix=""
2026/03/11 21:19:23.114827 [INFO]  S3 ListObjects called bucket="clar-fast-api-app-test-mgmt" prefix=""
2026/03/11 21:19:23.261288 [INFO]  S3 ListObjects returned 0 items
2026/03/11 21:19:23.261335 [DEBUG] loadObjects: 0 objects loaded, rendering
2026/03/11 21:19:23.261339 [DEBUG] render: buckets=50 objects=0 bucketIdx=17 objIdx=0
2026/03/11 21:19:23.261530 [DEBUG] key: bucket down (idx=17)
2026/03/11 21:19:23.261533 [INFO]  key: select bucket idx=18
2026/03/11 21:19:23.261536 [INFO]  loadObjects: bucket="clar-loki-chunks-mgmt" prefix=""
2026/03/11 21:19:23.261540 [INFO]  S3 ListObjects called bucket="clar-loki-chunks-mgmt" prefix=""
2026/03/11 21:19:23.425545 [INFO]  S3 ListObjects returned 3 items
2026/03/11 21:19:23.425561 [DEBUG] loadObjects: 3 objects loaded, rendering
2026/03/11 21:19:23.425563 [DEBUG] render: buckets=50 objects=3 bucketIdx=18 objIdx=0
2026/03/11 21:19:23.425681 [DEBUG] key: bucket down (idx=18)
2026/03/11 21:19:23.425683 [INFO]  key: select bucket idx=19
2026/03/11 21:19:23.425685 [INFO]  loadObjects: bucket="clar-loki-ruler-mgmt" prefix=""
2026/03/11 21:19:23.425687 [INFO]  S3 ListObjects called bucket="clar-loki-ruler-mgmt" prefix=""
2026/03/11 21:19:23.573440 [INFO]  S3 ListObjects returned 0 items
2026/03/11 21:19:23.573467 [DEBUG] loadObjects: 0 objects loaded, rendering
2026/03/11 21:19:23.573471 [DEBUG] render: buckets=50 objects=0 bucketIdx=19 objIdx=0
2026/03/11 21:19:23.573805 [DEBUG] key: bucket down (idx=19)
2026/03/11 21:19:23.573810 [INFO]  key: select bucket idx=20
2026/03/11 21:19:23.573814 [INFO]  loadObjects: bucket="clar-metrics-validation-workspace-mgmt" prefix=""
2026/03/11 21:19:23.573819 [INFO]  S3 ListObjects called bucket="clar-metrics-validation-workspace-mgmt" prefix=""
2026/03/11 21:19:23.753030 [INFO]  S3 ListObjects returned 200 items
2026/03/11 21:19:23.753056 [DEBUG] loadObjects: 200 objects loaded, rendering
2026/03/11 21:19:23.753060 [DEBUG] render: buckets=50 objects=200 bucketIdx=20 objIdx=0
2026/03/11 21:19:23.753357 [DEBUG] key: bucket down (idx=20)
2026/03/11 21:19:23.753360 [INFO]  key: select bucket idx=21
2026/03/11 21:19:23.753361 [INFO]  loadObjects: bucket="clar-mlflow-genai-artifacts-store-mgmt" prefix=""
2026/03/11 21:19:23.753363 [INFO]  S3 ListObjects called bucket="clar-mlflow-genai-artifacts-store-mgmt" prefix=""
2026/03/11 21:19:23.907663 [INFO]  S3 ListObjects returned 37 items
2026/03/11 21:19:23.907686 [DEBUG] loadObjects: 37 objects loaded, rendering
2026/03/11 21:19:23.907689 [DEBUG] render: buckets=50 objects=37 bucketIdx=21 objIdx=0
2026/03/11 21:19:23.907900 [DEBUG] key: bucket down (idx=21)
2026/03/11 21:19:23.907903 [INFO]  key: select bucket idx=22
2026/03/11 21:19:23.907906 [INFO]  loadObjects: bucket="clar-search-dashboard-documents-mgmt" prefix=""
2026/03/11 21:19:23.907909 [INFO]  S3 ListObjects called bucket="clar-search-dashboard-documents-mgmt" prefix=""
2026/03/11 21:19:24.053846 [INFO]  S3 ListObjects returned 1 items
2026/03/11 21:19:24.053863 [DEBUG] loadObjects: 1 objects loaded, rendering
2026/03/11 21:19:24.053866 [DEBUG] render: buckets=50 objects=1 bucketIdx=22 objIdx=0
2026/03/11 21:19:24.053975 [DEBUG] key: bucket down (idx=22)
2026/03/11 21:19:24.053977 [INFO]  key: select bucket idx=23
2026/03/11 21:19:24.053978 [INFO]  loadObjects: bucket="clar-streamlit-app-buck-mgmt" prefix=""
2026/03/11 21:19:24.053980 [INFO]  S3 ListObjects called bucket="clar-streamlit-app-buck-mgmt" prefix=""
2026/03/11 21:19:24.191125 [INFO]  S3 ListObjects returned 1 items
2026/03/11 21:19:24.191144 [DEBUG] loadObjects: 1 objects loaded, rendering
2026/03/11 21:19:24.191145 [DEBUG] render: buckets=50 objects=1 bucketIdx=23 objIdx=0
2026/03/11 21:19:24.191281 [DEBUG] key: bucket down (idx=23)
2026/03/11 21:19:24.191283 [INFO]  key: select bucket idx=24
2026/03/11 21:19:24.191284 [INFO]  loadObjects: bucket="clarity-ai-mgmt-buck-64b25806" prefix=""
2026/03/11 21:19:24.191286 [INFO]  S3 ListObjects called bucket="clarity-ai-mgmt-buck-64b25806" prefix=""
2026/03/11 21:19:24.342189 [INFO]  S3 ListObjects returned 0 items
2026/03/11 21:19:24.342210 [DEBUG] loadObjects: 0 objects loaded, rendering
2026/03/11 21:19:24.342214 [DEBUG] render: buckets=50 objects=0 bucketIdx=24 objIdx=0
2026/03/11 21:19:24.342458 [DEBUG] key: bucket down (idx=24)
2026/03/11 21:19:24.342461 [INFO]  key: select bucket idx=25
2026/03/11 21:19:24.342464 [INFO]  loadObjects: bucket="clarity-athena-results-mgmt" prefix=""
2026/03/11 21:19:24.342469 [INFO]  S3 ListObjects called bucket="clarity-athena-results-mgmt" prefix=""
2026/03/11 21:19:24.482617 [INFO]  S3 ListObjects returned 0 items
2026/03/11 21:19:24.482643 [DEBUG] loadObjects: 0 objects loaded, rendering
2026/03/11 21:19:24.482648 [DEBUG] render: buckets=50 objects=0 bucketIdx=25 objIdx=0
2026/03/11 21:19:24.482958 [DEBUG] key: bucket down (idx=25)
2026/03/11 21:19:24.482960 [INFO]  key: select bucket idx=26
2026/03/11 21:19:24.482963 [INFO]  loadObjects: bucket="clarity-foundational-engineering" prefix=""
2026/03/11 21:19:24.482967 [INFO]  S3 ListObjects called bucket="clarity-foundational-engineering" prefix=""
2026/03/11 21:19:24.634435 [INFO]  S3 ListObjects returned 20 items
2026/03/11 21:19:24.634456 [DEBUG] loadObjects: 20 objects loaded, rendering
2026/03/11 21:19:24.634458 [DEBUG] render: buckets=50 objects=20 bucketIdx=26 objIdx=0
2026/03/11 21:19:24.634648 [DEBUG] key: bucket down (idx=26)
2026/03/11 21:19:24.634649 [INFO]  key: select bucket idx=27
2026/03/11 21:19:24.634651 [INFO]  loadObjects: bucket="clarity-modal" prefix=""
2026/03/11 21:19:24.634652 [INFO]  S3 ListObjects called bucket="clarity-modal" prefix=""
2026/03/11 21:19:24.776929 [INFO]  S3 ListObjects returned 24 items
2026/03/11 21:19:24.776952 [DEBUG] loadObjects: 24 objects loaded, rendering
2026/03/11 21:19:24.776953 [DEBUG] render: buckets=50 objects=24 bucketIdx=27 objIdx=0
2026/03/11 21:19:24.777081 [DEBUG] key: bucket down (idx=27)
2026/03/11 21:19:24.777082 [INFO]  key: select bucket idx=28
2026/03/11 21:19:24.777084 [INFO]  loadObjects: bucket="clarity-spike-snowflake-iceberg" prefix=""
2026/03/11 21:19:24.777086 [INFO]  S3 ListObjects called bucket="clarity-spike-snowflake-iceberg" prefix=""
2026/03/11 21:19:24.925281 [INFO]  S3 ListObjects returned 1 items
2026/03/11 21:19:24.925304 [DEBUG] loadObjects: 1 objects loaded, rendering
2026/03/11 21:19:24.925308 [DEBUG] render: buckets=50 objects=1 bucketIdx=28 objIdx=0
2026/03/11 21:19:24.925510 [DEBUG] key: bucket down (idx=28)
2026/03/11 21:19:24.925513 [INFO]  key: select bucket idx=29
2026/03/11 21:19:24.925516 [INFO]  loadObjects: bucket="clarity-terraform-state-mgmt-eu-central-1" prefix=""
2026/03/11 21:19:24.925520 [INFO]  S3 ListObjects called bucket="clarity-terraform-state-mgmt-eu-central-1" prefix=""
2026/03/11 21:19:25.086659 [INFO]  S3 ListObjects returned 181 items
2026/03/11 21:19:25.086677 [DEBUG] loadObjects: 181 objects loaded, rendering
2026/03/11 21:19:25.086679 [DEBUG] render: buckets=50 objects=181 bucketIdx=29 objIdx=0
2026/03/11 21:19:25.086974 [DEBUG] key: bucket down (idx=29)
2026/03/11 21:19:25.086976 [INFO]  key: select bucket idx=30
2026/03/11 21:19:25.086977 [INFO]  loadObjects: bucket="clarityai-corpdocs-mgmt" prefix=""
2026/03/11 21:19:25.086979 [INFO]  S3 ListObjects called bucket="clarityai-corpdocs-mgmt" prefix=""
2026/03/11 21:19:25.223692 [INFO]  S3 ListObjects returned 1 items
2026/03/11 21:19:25.223724 [DEBUG] loadObjects: 1 objects loaded, rendering
2026/03/11 21:19:25.223726 [DEBUG] render: buckets=50 objects=1 bucketIdx=30 objIdx=0
2026/03/11 21:19:25.223912 [DEBUG] key: bucket down (idx=30)
2026/03/11 21:19:25.223913 [INFO]  key: select bucket idx=31
2026/03/11 21:19:25.223915 [INFO]  loadObjects: bucket="collected-documents-exchange-clarity-mgmt-pro" prefix=""
2026/03/11 21:19:25.223917 [INFO]  S3 ListObjects called bucket="collected-documents-exchange-clarity-mgmt-pro" prefix=""
2026/03/11 21:19:25.470346 [INFO]  S3 ListObjects returned 441 items
2026/03/11 21:19:25.470371 [DEBUG] loadObjects: 441 objects loaded, rendering
2026/03/11 21:19:25.470375 [DEBUG] render: buckets=50 objects=441 bucketIdx=31 objIdx=0
2026/03/11 21:19:25.471511 [DEBUG] key: bucket down (idx=31)
2026/03/11 21:19:25.471519 [INFO]  key: select bucket idx=32
2026/03/11 21:19:25.471521 [INFO]  loadObjects: bucket="ctool-mgmt" prefix=""
2026/03/11 21:19:25.471532 [INFO]  S3 ListObjects called bucket="ctool-mgmt" prefix=""
2026/03/11 21:19:25.620350 [INFO]  S3 ListObjects returned 4 items
2026/03/11 21:19:25.620376 [DEBUG] loadObjects: 4 objects loaded, rendering
2026/03/11 21:19:25.620381 [DEBUG] render: buckets=50 objects=4 bucketIdx=32 objIdx=0
2026/03/11 21:19:25.620733 [DEBUG] key: bucket down (idx=32)
2026/03/11 21:19:25.620737 [INFO]  key: select bucket idx=33
2026/03/11 21:19:25.620742 [INFO]  loadObjects: bucket="customer-factset-5f16f2bad0f9bd40ae7cf701-clarity" prefix=""
2026/03/11 21:19:25.620748 [INFO]  S3 ListObjects called bucket="customer-factset-5f16f2bad0f9bd40ae7cf701-clarity" prefix=""
2026/03/11 21:19:25.769591 [INFO]  S3 ListObjects returned 1 items
2026/03/11 21:19:25.769621 [DEBUG] loadObjects: 1 objects loaded, rendering
2026/03/11 21:19:25.769625 [DEBUG] render: buckets=50 objects=1 bucketIdx=33 objIdx=0
2026/03/11 21:19:25.769890 [DEBUG] key: bucket down (idx=33)
2026/03/11 21:19:25.769894 [INFO]  key: select bucket idx=34
2026/03/11 21:19:25.769897 [INFO]  loadObjects: bucket="customer-qontigo-5ea9793d3db7f763b99d5e58-clarity" prefix=""
2026/03/11 21:19:25.769901 [INFO]  S3 ListObjects called bucket="customer-qontigo-5ea9793d3db7f763b99d5e58-clarity" prefix=""
2026/03/11 21:19:25.931759 [INFO]  S3 ListObjects returned 7 items
2026/03/11 21:19:25.931783 [DEBUG] loadObjects: 7 objects loaded, rendering
2026/03/11 21:19:25.931787 [DEBUG] render: buckets=50 objects=7 bucketIdx=34 objIdx=0
2026/03/11 21:19:25.932002 [DEBUG] key: bucket down (idx=34)
2026/03/11 21:19:25.932005 [INFO]  key: select bucket idx=35
2026/03/11 21:19:25.932008 [INFO]  loadObjects: bucket="customer-sam-5cc16d0b85e107000135c80c-clarity" prefix=""
2026/03/11 21:19:25.932012 [INFO]  S3 ListObjects called bucket="customer-sam-5cc16d0b85e107000135c80c-clarity" prefix=""
2026/03/11 21:19:26.111923 [INFO]  S3 ListObjects returned 2 items
2026/03/11 21:19:26.111946 [DEBUG] loadObjects: 2 objects loaded, rendering
2026/03/11 21:19:26.111950 [DEBUG] render: buckets=50 objects=2 bucketIdx=35 objIdx=0
2026/03/11 21:19:26.112245 [DEBUG] key: bucket down (idx=35)
2026/03/11 21:19:26.112252 [INFO]  key: select bucket idx=36
2026/03/11 21:19:26.112256 [INFO]  loadObjects: bucket="datadog-backups-mgmt" prefix=""
2026/03/11 21:19:26.112260 [INFO]  S3 ListObjects called bucket="datadog-backups-mgmt" prefix=""
2026/03/11 21:19:26.262532 [INFO]  S3 ListObjects returned 2 items
2026/03/11 21:19:26.262571 [DEBUG] loadObjects: 2 objects loaded, rendering
2026/03/11 21:19:26.262577 [DEBUG] render: buckets=50 objects=2 bucketIdx=36 objIdx=0
2026/03/11 21:19:26.262871 [DEBUG] key: bucket down (idx=36)
2026/03/11 21:19:26.262872 [INFO]  key: select bucket idx=37
2026/03/11 21:19:26.262874 [INFO]  loadObjects: bucket="datadog-log-archive-clarity-mgmt-pro" prefix=""
2026/03/11 21:19:26.262876 [INFO]  S3 ListObjects called bucket="datadog-log-archive-clarity-mgmt-pro" prefix=""
2026/03/11 21:19:26.406479 [INFO]  S3 ListObjects returned 5 items
2026/03/11 21:19:26.406501 [DEBUG] loadObjects: 5 objects loaded, rendering
2026/03/11 21:19:26.406507 [DEBUG] render: buckets=50 objects=5 bucketIdx=37 objIdx=0
2026/03/11 21:19:26.406664 [DEBUG] key: bucket down (idx=37)
2026/03/11 21:19:26.406666 [INFO]  key: select bucket idx=38
2026/03/11 21:19:26.406667 [INFO]  loadObjects: bucket="elasticsearch-clarity-mgmt-pro" prefix=""
2026/03/11 21:19:26.406669 [INFO]  S3 ListObjects called bucket="elasticsearch-clarity-mgmt-pro" prefix=""
2026/03/11 21:19:26.554399 [INFO]  S3 ListObjects returned 7 items
2026/03/11 21:19:26.554422 [DEBUG] loadObjects: 7 objects loaded, rendering
2026/03/11 21:19:26.554425 [DEBUG] render: buckets=50 objects=7 bucketIdx=38 objIdx=0
2026/03/11 21:19:26.554661 [DEBUG] key: bucket down (idx=38)
2026/03/11 21:19:26.554668 [INFO]  key: select bucket idx=39
2026/03/11 21:19:26.554672 [INFO]  loadObjects: bucket="elasticsearch-gitlab" prefix=""
2026/03/11 21:19:26.554676 [INFO]  S3 ListObjects called bucket="elasticsearch-gitlab" prefix=""
2026/03/11 21:19:26.698946 [INFO]  S3 ListObjects returned 0 items
2026/03/11 21:19:26.698968 [DEBUG] loadObjects: 0 objects loaded, rendering
2026/03/11 21:19:26.698971 [DEBUG] render: buckets=50 objects=0 bucketIdx=39 objIdx=0
2026/03/11 21:19:26.699209 [DEBUG] key: bucket down (idx=39)
2026/03/11 21:19:26.699217 [INFO]  key: select bucket idx=40
2026/03/11 21:19:26.699219 [INFO]  loadObjects: bucket="elb-access-logs-clarity-mgmt-pro" prefix=""
2026/03/11 21:19:26.699221 [INFO]  S3 ListObjects called bucket="elb-access-logs-clarity-mgmt-pro" prefix=""
2026/03/11 21:19:26.858790 [INFO]  S3 ListObjects returned 6 items
2026/03/11 21:19:26.858817 [DEBUG] loadObjects: 6 objects loaded, rendering
2026/03/11 21:19:26.858821 [DEBUG] render: buckets=50 objects=6 bucketIdx=40 objIdx=0
2026/03/11 21:19:26.859041 [DEBUG] key: bucket up (idx=40)
2026/03/11 21:19:26.859045 [INFO]  key: select bucket idx=39
2026/03/11 21:19:26.859048 [INFO]  loadObjects: bucket="elasticsearch-gitlab" prefix=""
2026/03/11 21:19:26.859052 [INFO]  S3 ListObjects called bucket="elasticsearch-gitlab" prefix=""
2026/03/11 21:19:26.905140 [INFO]  S3 ListObjects returned 0 items
2026/03/11 21:19:26.905167 [DEBUG] loadObjects: 0 objects loaded, rendering
2026/03/11 21:19:26.905172 [DEBUG] render: buckets=50 objects=0 bucketIdx=39 objIdx=0
2026/03/11 21:19:26.905412 [DEBUG] key: bucket up (idx=39)
2026/03/11 21:19:26.905417 [INFO]  key: select bucket idx=38
2026/03/11 21:19:26.905421 [INFO]  loadObjects: bucket="elasticsearch-clarity-mgmt-pro" prefix=""
2026/03/11 21:19:26.905427 [INFO]  S3 ListObjects called bucket="elasticsearch-clarity-mgmt-pro" prefix=""
2026/03/11 21:19:26.958827 [INFO]  S3 ListObjects returned 7 items
2026/03/11 21:19:26.958858 [DEBUG] loadObjects: 7 objects loaded, rendering
2026/03/11 21:19:26.958862 [DEBUG] render: buckets=50 objects=7 bucketIdx=38 objIdx=0
2026/03/11 21:19:26.959092 [DEBUG] key: bucket up (idx=38)
2026/03/11 21:19:26.959113 [INFO]  key: select bucket idx=37
2026/03/11 21:19:26.959116 [INFO]  loadObjects: bucket="datadog-log-archive-clarity-mgmt-pro" prefix=""
2026/03/11 21:19:26.959120 [INFO]  S3 ListObjects called bucket="datadog-log-archive-clarity-mgmt-pro" prefix=""
2026/03/11 21:19:27.011059 [INFO]  S3 ListObjects returned 5 items
2026/03/11 21:19:27.011075 [DEBUG] loadObjects: 5 objects loaded, rendering
2026/03/11 21:19:27.011076 [DEBUG] render: buckets=50 objects=5 bucketIdx=37 objIdx=0
2026/03/11 21:19:27.011202 [DEBUG] key: bucket up (idx=37)
2026/03/11 21:19:27.011205 [INFO]  key: select bucket idx=36
2026/03/11 21:19:27.011206 [INFO]  loadObjects: bucket="datadog-backups-mgmt" prefix=""
2026/03/11 21:19:27.011208 [INFO]  S3 ListObjects called bucket="datadog-backups-mgmt" prefix=""
2026/03/11 21:19:27.061236 [INFO]  S3 ListObjects returned 2 items
2026/03/11 21:19:27.061255 [DEBUG] loadObjects: 2 objects loaded, rendering
2026/03/11 21:19:27.061258 [DEBUG] render: buckets=50 objects=2 bucketIdx=36 objIdx=0
2026/03/11 21:19:27.061419 [DEBUG] key: bucket up (idx=36)
2026/03/11 21:19:27.061422 [INFO]  key: select bucket idx=35
2026/03/11 21:19:27.061425 [INFO]  loadObjects: bucket="customer-sam-5cc16d0b85e107000135c80c-clarity" prefix=""
2026/03/11 21:19:27.061428 [INFO]  S3 ListObjects called bucket="customer-sam-5cc16d0b85e107000135c80c-clarity" prefix=""
2026/03/11 21:19:27.116972 [INFO]  S3 ListObjects returned 2 items
2026/03/11 21:19:27.116992 [DEBUG] loadObjects: 2 objects loaded, rendering
2026/03/11 21:19:27.116994 [DEBUG] render: buckets=50 objects=2 bucketIdx=35 objIdx=0
2026/03/11 21:19:27.117090 [DEBUG] key: bucket up (idx=35)
2026/03/11 21:19:27.117091 [INFO]  key: select bucket idx=34
2026/03/11 21:19:27.117093 [INFO]  loadObjects: bucket="customer-qontigo-5ea9793d3db7f763b99d5e58-clarity" prefix=""
2026/03/11 21:19:27.117100 [INFO]  S3 ListObjects called bucket="customer-qontigo-5ea9793d3db7f763b99d5e58-clarity" prefix=""
2026/03/11 21:19:27.169254 [INFO]  S3 ListObjects returned 7 items
2026/03/11 21:19:27.169274 [DEBUG] loadObjects: 7 objects loaded, rendering
2026/03/11 21:19:27.169277 [DEBUG] render: buckets=50 objects=7 bucketIdx=34 objIdx=0
2026/03/11 21:19:27.169451 [DEBUG] key: bucket up (idx=34)
2026/03/11 21:19:27.169454 [INFO]  key: select bucket idx=33
2026/03/11 21:19:27.169457 [INFO]  loadObjects: bucket="customer-factset-5f16f2bad0f9bd40ae7cf701-clarity" prefix=""
2026/03/11 21:19:27.169460 [INFO]  S3 ListObjects called bucket="customer-factset-5f16f2bad0f9bd40ae7cf701-clarity" prefix=""
2026/03/11 21:19:27.219320 [INFO]  S3 ListObjects returned 1 items
2026/03/11 21:19:27.219346 [DEBUG] loadObjects: 1 objects loaded, rendering
2026/03/11 21:19:27.219351 [DEBUG] render: buckets=50 objects=1 bucketIdx=33 objIdx=0
2026/03/11 21:19:27.220113 [DEBUG] key: bucket up (idx=33)
2026/03/11 21:19:27.220127 [INFO]  key: select bucket idx=32
2026/03/11 21:19:27.220132 [INFO]  loadObjects: bucket="ctool-mgmt" prefix=""
2026/03/11 21:19:27.220138 [INFO]  S3 ListObjects called bucket="ctool-mgmt" prefix=""
2026/03/11 21:19:27.271633 [INFO]  S3 ListObjects returned 4 items
2026/03/11 21:19:27.271671 [DEBUG] loadObjects: 4 objects loaded, rendering
2026/03/11 21:19:27.271678 [DEBUG] render: buckets=50 objects=4 bucketIdx=32 objIdx=0
2026/03/11 21:19:27.272086 [DEBUG] key: bucket up (idx=32)
2026/03/11 21:19:27.272091 [INFO]  key: select bucket idx=31
2026/03/11 21:19:27.272122 [INFO]  loadObjects: bucket="collected-documents-exchange-clarity-mgmt-pro" prefix=""
2026/03/11 21:19:27.272131 [INFO]  S3 ListObjects called bucket="collected-documents-exchange-clarity-mgmt-pro" prefix=""
2026/03/11 21:19:27.437492 [INFO]  S3 ListObjects returned 441 items
2026/03/11 21:19:27.437509 [DEBUG] loadObjects: 441 objects loaded, rendering
2026/03/11 21:19:27.437513 [DEBUG] render: buckets=50 objects=441 bucketIdx=31 objIdx=0
2026/03/11 21:19:27.439466 [DEBUG] key: bucket up (idx=31)
2026/03/11 21:19:27.439488 [INFO]  key: select bucket idx=30
2026/03/11 21:19:27.439492 [INFO]  loadObjects: bucket="clarityai-corpdocs-mgmt" prefix=""
2026/03/11 21:19:27.439496 [INFO]  S3 ListObjects called bucket="clarityai-corpdocs-mgmt" prefix=""
2026/03/11 21:19:27.487524 [INFO]  S3 ListObjects returned 1 items
2026/03/11 21:19:27.487545 [DEBUG] loadObjects: 1 objects loaded, rendering
2026/03/11 21:19:27.487548 [DEBUG] render: buckets=50 objects=1 bucketIdx=30 objIdx=0
2026/03/11 21:19:27.487700 [DEBUG] key: bucket up (idx=30)
2026/03/11 21:19:27.487702 [INFO]  key: select bucket idx=29
2026/03/11 21:19:27.487705 [INFO]  loadObjects: bucket="clarity-terraform-state-mgmt-eu-central-1" prefix=""
2026/03/11 21:19:27.487709 [INFO]  S3 ListObjects called bucket="clarity-terraform-state-mgmt-eu-central-1" prefix=""
2026/03/11 21:19:27.544272 [INFO]  S3 ListObjects returned 181 items
2026/03/11 21:19:27.544287 [DEBUG] loadObjects: 181 objects loaded, rendering
2026/03/11 21:19:27.544289 [DEBUG] render: buckets=50 objects=181 bucketIdx=29 objIdx=0
2026/03/11 21:19:27.544593 [DEBUG] key: bucket up (idx=29)
2026/03/11 21:19:27.544595 [INFO]  key: select bucket idx=28
2026/03/11 21:19:27.544596 [INFO]  loadObjects: bucket="clarity-spike-snowflake-iceberg" prefix=""
2026/03/11 21:19:27.544598 [INFO]  S3 ListObjects called bucket="clarity-spike-snowflake-iceberg" prefix=""
2026/03/11 21:19:27.599714 [INFO]  S3 ListObjects returned 1 items
2026/03/11 21:19:27.599735 [DEBUG] loadObjects: 1 objects loaded, rendering
2026/03/11 21:19:27.599738 [DEBUG] render: buckets=50 objects=1 bucketIdx=28 objIdx=0
2026/03/11 21:19:27.599904 [DEBUG] key: bucket up (idx=28)
2026/03/11 21:19:27.599906 [INFO]  key: select bucket idx=27
2026/03/11 21:19:27.599909 [INFO]  loadObjects: bucket="clarity-modal" prefix=""
2026/03/11 21:19:27.599912 [INFO]  S3 ListObjects called bucket="clarity-modal" prefix=""
2026/03/11 21:19:27.657478 [INFO]  S3 ListObjects returned 24 items
2026/03/11 21:19:27.657499 [DEBUG] loadObjects: 24 objects loaded, rendering
2026/03/11 21:19:27.657502 [DEBUG] render: buckets=50 objects=24 bucketIdx=27 objIdx=0
2026/03/11 21:19:27.657701 [DEBUG] key: bucket up (idx=27)
2026/03/11 21:19:27.657704 [INFO]  key: select bucket idx=26
2026/03/11 21:19:27.657707 [INFO]  loadObjects: bucket="clarity-foundational-engineering" prefix=""
2026/03/11 21:19:27.657724 [INFO]  S3 ListObjects called bucket="clarity-foundational-engineering" prefix=""
2026/03/11 21:19:27.708845 [INFO]  S3 ListObjects returned 20 items
2026/03/11 21:19:27.708868 [DEBUG] loadObjects: 20 objects loaded, rendering
2026/03/11 21:19:27.708872 [DEBUG] render: buckets=50 objects=20 bucketIdx=26 objIdx=0
2026/03/11 21:19:27.709308 [DEBUG] key: bucket up (idx=26)
2026/03/11 21:19:27.709315 [INFO]  key: select bucket idx=25
2026/03/11 21:19:27.709318 [INFO]  loadObjects: bucket="clarity-athena-results-mgmt" prefix=""
2026/03/11 21:19:27.709322 [INFO]  S3 ListObjects called bucket="clarity-athena-results-mgmt" prefix=""
2026/03/11 21:19:27.752000 [INFO]  S3 ListObjects returned 0 items
2026/03/11 21:19:27.752039 [DEBUG] loadObjects: 0 objects loaded, rendering
2026/03/11 21:19:27.752047 [DEBUG] render: buckets=50 objects=0 bucketIdx=25 objIdx=0
2026/03/11 21:19:27.753139 [DEBUG] key: bucket up (idx=25)
2026/03/11 21:19:27.753146 [INFO]  key: select bucket idx=24
2026/03/11 21:19:27.753148 [INFO]  loadObjects: bucket="clarity-ai-mgmt-buck-64b25806" prefix=""
2026/03/11 21:19:27.753150 [INFO]  S3 ListObjects called bucket="clarity-ai-mgmt-buck-64b25806" prefix=""
2026/03/11 21:19:27.800148 [INFO]  S3 ListObjects returned 0 items
2026/03/11 21:19:27.800168 [DEBUG] loadObjects: 0 objects loaded, rendering
2026/03/11 21:19:27.800171 [DEBUG] render: buckets=50 objects=0 bucketIdx=24 objIdx=0
2026/03/11 21:19:27.800380 [DEBUG] key: bucket up (idx=24)
2026/03/11 21:19:27.800383 [INFO]  key: select bucket idx=23
2026/03/11 21:19:27.800386 [INFO]  loadObjects: bucket="clar-streamlit-app-buck-mgmt" prefix=""
2026/03/11 21:19:27.800390 [INFO]  S3 ListObjects called bucket="clar-streamlit-app-buck-mgmt" prefix=""
2026/03/11 21:19:27.850033 [INFO]  S3 ListObjects returned 1 items
2026/03/11 21:19:27.850053 [DEBUG] loadObjects: 1 objects loaded, rendering
2026/03/11 21:19:27.850057 [DEBUG] render: buckets=50 objects=1 bucketIdx=23 objIdx=0
2026/03/11 21:19:27.850232 [DEBUG] key: bucket up (idx=23)
2026/03/11 21:19:27.850235 [INFO]  key: select bucket idx=22
2026/03/11 21:19:27.850237 [INFO]  loadObjects: bucket="clar-search-dashboard-documents-mgmt" prefix=""
2026/03/11 21:19:27.850240 [INFO]  S3 ListObjects called bucket="clar-search-dashboard-documents-mgmt" prefix=""
2026/03/11 21:19:27.903955 [INFO]  S3 ListObjects returned 1 items
2026/03/11 21:19:27.903974 [DEBUG] loadObjects: 1 objects loaded, rendering
2026/03/11 21:19:27.903976 [DEBUG] render: buckets=50 objects=1 bucketIdx=22 objIdx=0
2026/03/11 21:19:27.904123 [DEBUG] key: bucket up (idx=22)
2026/03/11 21:19:27.904126 [INFO]  key: select bucket idx=21
2026/03/11 21:19:27.904128 [INFO]  loadObjects: bucket="clar-mlflow-genai-artifacts-store-mgmt" prefix=""
2026/03/11 21:19:27.904130 [INFO]  S3 ListObjects called bucket="clar-mlflow-genai-artifacts-store-mgmt" prefix=""
2026/03/11 21:19:27.958523 [INFO]  S3 ListObjects returned 37 items
2026/03/11 21:19:27.958544 [DEBUG] loadObjects: 37 objects loaded, rendering
2026/03/11 21:19:27.958547 [DEBUG] render: buckets=50 objects=37 bucketIdx=21 objIdx=0
2026/03/11 21:19:27.958739 [DEBUG] key: bucket up (idx=21)
2026/03/11 21:19:27.958742 [INFO]  key: select bucket idx=20
2026/03/11 21:19:27.958744 [INFO]  loadObjects: bucket="clar-metrics-validation-workspace-mgmt" prefix=""
2026/03/11 21:19:27.958748 [INFO]  S3 ListObjects called bucket="clar-metrics-validation-workspace-mgmt" prefix=""
2026/03/11 21:19:28.011901 [INFO]  S3 ListObjects returned 200 items
2026/03/11 21:19:28.011921 [DEBUG] loadObjects: 200 objects loaded, rendering
2026/03/11 21:19:28.011924 [DEBUG] render: buckets=50 objects=200 bucketIdx=20 objIdx=0
2026/03/11 21:19:28.012349 [DEBUG] key: bucket up (idx=20)
2026/03/11 21:19:28.012358 [INFO]  key: select bucket idx=19
2026/03/11 21:19:28.012362 [INFO]  loadObjects: bucket="clar-loki-ruler-mgmt" prefix=""
2026/03/11 21:19:28.012367 [INFO]  S3 ListObjects called bucket="clar-loki-ruler-mgmt" prefix=""
2026/03/11 21:19:28.065948 [INFO]  S3 ListObjects returned 0 items
2026/03/11 21:19:28.065987 [DEBUG] loadObjects: 0 objects loaded, rendering
2026/03/11 21:19:28.065991 [DEBUG] render: buckets=50 objects=0 bucketIdx=19 objIdx=0
2026/03/11 21:19:28.066679 [DEBUG] key: bucket up (idx=19)
2026/03/11 21:19:28.066697 [INFO]  key: select bucket idx=18
2026/03/11 21:19:28.066702 [INFO]  loadObjects: bucket="clar-loki-chunks-mgmt" prefix=""
2026/03/11 21:19:28.066707 [INFO]  S3 ListObjects called bucket="clar-loki-chunks-mgmt" prefix=""
2026/03/11 21:19:28.121288 [INFO]  S3 ListObjects returned 3 items
2026/03/11 21:19:28.121311 [DEBUG] loadObjects: 3 objects loaded, rendering
2026/03/11 21:19:28.121315 [DEBUG] render: buckets=50 objects=3 bucketIdx=18 objIdx=0
2026/03/11 21:19:28.121496 [DEBUG] key: bucket up (idx=18)
2026/03/11 21:19:28.121499 [INFO]  key: select bucket idx=17
2026/03/11 21:19:28.121502 [INFO]  loadObjects: bucket="clar-fast-api-app-test-mgmt" prefix=""
2026/03/11 21:19:28.121506 [INFO]  S3 ListObjects called bucket="clar-fast-api-app-test-mgmt" prefix=""
2026/03/11 21:19:28.171023 [INFO]  S3 ListObjects returned 0 items
2026/03/11 21:19:28.171067 [DEBUG] loadObjects: 0 objects loaded, rendering
2026/03/11 21:19:28.171073 [DEBUG] render: buckets=50 objects=0 bucketIdx=17 objIdx=0
2026/03/11 21:19:28.171471 [DEBUG] key: bucket up (idx=17)
2026/03/11 21:19:28.171486 [INFO]  key: select bucket idx=16
2026/03/11 21:19:28.171491 [INFO]  loadObjects: bucket="clar-fast-api-app-another-test-mgmt" prefix=""
2026/03/11 21:19:28.171497 [INFO]  S3 ListObjects called bucket="clar-fast-api-app-another-test-mgmt" prefix=""
2026/03/11 21:19:28.222372 [INFO]  S3 ListObjects returned 0 items
2026/03/11 21:19:28.222398 [DEBUG] loadObjects: 0 objects loaded, rendering
2026/03/11 21:19:28.222402 [DEBUG] render: buckets=50 objects=0 bucketIdx=16 objIdx=0
2026/03/11 21:19:28.222623 [DEBUG] key: bucket up (idx=16)
2026/03/11 21:19:28.222627 [INFO]  key: select bucket idx=15
2026/03/11 21:19:28.222630 [INFO]  loadObjects: bucket="clar-clarityai-assistant-report-mgmt" prefix=""
2026/03/11 21:19:28.222633 [INFO]  S3 ListObjects called bucket="clar-clarityai-assistant-report-mgmt" prefix=""
2026/03/11 21:19:28.274365 [INFO]  S3 ListObjects returned 0 items
2026/03/11 21:19:28.274386 [DEBUG] loadObjects: 0 objects loaded, rendering
2026/03/11 21:19:28.274390 [DEBUG] render: buckets=50 objects=0 bucketIdx=15 objIdx=0
2026/03/11 21:19:28.274559 [DEBUG] key: bucket up (idx=15)
2026/03/11 21:19:28.274562 [INFO]  key: select bucket idx=14
2026/03/11 21:19:28.274565 [INFO]  loadObjects: bucket="clar-clarityai-assistant-chat-mgmt" prefix=""
2026/03/11 21:19:28.274569 [INFO]  S3 ListObjects called bucket="clar-clarityai-assistant-chat-mgmt" prefix=""
2026/03/11 21:19:28.326178 [INFO]  S3 ListObjects returned 2 items
2026/03/11 21:19:28.326186 [DEBUG] loadObjects: 2 objects loaded, rendering
2026/03/11 21:19:28.326188 [DEBUG] render: buckets=50 objects=2 bucketIdx=14 objIdx=0
2026/03/11 21:19:28.326362 [DEBUG] key: bucket up (idx=14)
2026/03/11 21:19:28.326372 [INFO]  key: select bucket idx=13
2026/03/11 21:19:28.326380 [INFO]  loadObjects: bucket="clar-assistant-performance-tracker-data-mgmt" prefix=""
2026/03/11 21:19:28.326384 [INFO]  S3 ListObjects called bucket="clar-assistant-performance-tracker-data-mgmt" prefix=""
2026/03/11 21:19:28.378979 [INFO]  S3 ListObjects returned 1 items
2026/03/11 21:19:28.379004 [DEBUG] loadObjects: 1 objects loaded, rendering
2026/03/11 21:19:28.379009 [DEBUG] render: buckets=50 objects=1 bucketIdx=13 objIdx=0
2026/03/11 21:19:28.379271 [DEBUG] key: bucket up (idx=13)
2026/03/11 21:19:28.379287 [INFO]  key: select bucket idx=12
2026/03/11 21:19:28.379292 [INFO]  loadObjects: bucket="chatcommands-mgmt" prefix=""
2026/03/11 21:19:28.379297 [INFO]  S3 ListObjects called bucket="chatcommands-mgmt" prefix=""
2026/03/11 21:19:28.432810 [INFO]  S3 ListObjects returned 3 items
2026/03/11 21:19:28.432841 [DEBUG] loadObjects: 3 objects loaded, rendering
2026/03/11 21:19:28.432846 [DEBUG] render: buckets=50 objects=3 bucketIdx=12 objIdx=0
2026/03/11 21:19:28.433181 [DEBUG] key: bucket up (idx=12)
2026/03/11 21:19:28.433191 [INFO]  key: select bucket idx=11
2026/03/11 21:19:28.433195 [INFO]  loadObjects: bucket="backup-reference-data-clarity-mgmt-pro" prefix=""
2026/03/11 21:19:28.433201 [INFO]  S3 ListObjects called bucket="backup-reference-data-clarity-mgmt-pro" prefix=""
2026/03/11 21:19:28.580943 [ERROR] S3 ListObjects failed: operation error S3: ListObjectsV2, https response error StatusCode: 403, RequestID: 0GBFD0SMFTKFW9JE, HostID: WlCGIV/RuwZMSftV/JPqPtL2OZ7g+bKOwdZnT0O+ZCxuQUvzSXvo4ZF5p+mieRf8n1SijnwNtGt3OzfoXcG01fPWnaiWGlcoiuYJZBgMXPs=, api error AccessDenied: User: arn:aws:sts::913932804865:assumed-role/federateclarity/aws-go-sdk-1773260359703045843 is not authorized to perform: s3:ListBucket on resource: "arn:aws:s3:::backup-reference-data-clarity-mgmt-pro" with an explicit deny in a resource-based policy
2026/03/11 21:19:28.580980 [ERROR] loadObjects failed: operation error S3: ListObjectsV2, https response error StatusCode: 403, RequestID: 0GBFD0SMFTKFW9JE, HostID: WlCGIV/RuwZMSftV/JPqPtL2OZ7g+bKOwdZnT0O+ZCxuQUvzSXvo4ZF5p+mieRf8n1SijnwNtGt3OzfoXcG01fPWnaiWGlcoiuYJZBgMXPs=, api error AccessDenied: User: arn:aws:sts::913932804865:assumed-role/federateclarity/aws-go-sdk-1773260359703045843 is not authorized to perform: s3:ListBucket on resource: "arn:aws:s3:::backup-reference-data-clarity-mgmt-pro" with an explicit deny in a resource-based policy
2026/03/11 21:19:28.580997 [DEBUG] key: bucket up (idx=11)
2026/03/11 21:19:28.581001 [INFO]  key: select bucket idx=10
2026/03/11 21:19:28.581006 [INFO]  loadObjects: bucket="backup-data-platform-clarity-mgmt-pro" prefix=""
2026/03/11 21:19:28.581012 [INFO]  S3 ListObjects called bucket="backup-data-platform-clarity-mgmt-pro" prefix=""
2026/03/11 21:19:28.729201 [INFO]  S3 ListObjects returned 10 items
2026/03/11 21:19:28.729233 [DEBUG] loadObjects: 10 objects loaded, rendering
2026/03/11 21:19:28.729235 [DEBUG] render: buckets=50 objects=10 bucketIdx=10 objIdx=0
2026/03/11 21:19:28.729392 [DEBUG] key: bucket up (idx=10)
2026/03/11 21:19:28.729395 [INFO]  key: select bucket idx=9
2026/03/11 21:19:28.729397 [INFO]  loadObjects: bucket="aws-logs-913932804865-eu-central-1" prefix=""
2026/03/11 21:19:28.729400 [INFO]  S3 ListObjects called bucket="aws-logs-913932804865-eu-central-1" prefix=""
2026/03/11 21:19:28.880850 [INFO]  S3 ListObjects returned 1 items
2026/03/11 21:19:28.880873 [DEBUG] loadObjects: 1 objects loaded, rendering
2026/03/11 21:19:28.880877 [DEBUG] render: buckets=50 objects=1 bucketIdx=9 objIdx=0
2026/03/11 21:19:28.881048 [DEBUG] key: bucket up (idx=9)
2026/03/11 21:19:28.881051 [INFO]  key: select bucket idx=8
2026/03/11 21:19:28.881054 [INFO]  loadObjects: bucket="aws-emr-resources-913932804865-eu-central-1" prefix=""
2026/03/11 21:19:28.881058 [INFO]  S3 ListObjects called bucket="aws-emr-resources-913932804865-eu-central-1" prefix=""
2026/03/11 21:19:29.023383 [INFO]  S3 ListObjects returned 0 items
2026/03/11 21:19:29.023411 [DEBUG] loadObjects: 0 objects loaded, rendering
2026/03/11 21:19:29.023414 [DEBUG] render: buckets=50 objects=0 bucketIdx=8 objIdx=0
2026/03/11 21:19:29.023590 [DEBUG] key: bucket up (idx=8)
2026/03/11 21:19:29.023593 [INFO]  key: select bucket idx=7
2026/03/11 21:19:29.023596 [INFO]  loadObjects: bucket="aws-athena-query-results-eu-central-1-913932804865" prefix=""
2026/03/11 21:19:29.023601 [INFO]  S3 ListObjects called bucket="aws-athena-query-results-eu-central-1-913932804865" prefix=""
2026/03/11 21:19:29.204236 [INFO]  S3 ListObjects returned 54 items
2026/03/11 21:19:29.204262 [DEBUG] loadObjects: 54 objects loaded, rendering
2026/03/11 21:19:29.204268 [DEBUG] render: buckets=50 objects=54 bucketIdx=7 objIdx=0
2026/03/11 21:19:29.205204 [DEBUG] key: bucket up (idx=7)
2026/03/11 21:19:29.205210 [INFO]  key: select bucket idx=6
2026/03/11 21:19:29.205227 [INFO]  loadObjects: bucket="aws-athena-query-results-913932804865-eu-central-1" prefix=""
2026/03/11 21:19:29.205230 [INFO]  S3 ListObjects called bucket="aws-athena-query-results-913932804865-eu-central-1" prefix=""
2026/03/11 21:19:29.354414 [INFO]  S3 ListObjects returned 1 items
2026/03/11 21:19:29.354439 [DEBUG] loadObjects: 1 objects loaded, rendering
2026/03/11 21:19:29.354444 [DEBUG] render: buckets=50 objects=1 bucketIdx=6 objIdx=0
2026/03/11 21:19:29.354635 [DEBUG] key: bucket up (idx=6)
2026/03/11 21:19:29.354638 [INFO]  key: select bucket idx=5
2026/03/11 21:19:29.354641 [INFO]  loadObjects: bucket="augmentedai-clarity-mgmt-pro" prefix=""
2026/03/11 21:19:29.354645 [INFO]  S3 ListObjects called bucket="augmentedai-clarity-mgmt-pro" prefix=""
2026/03/11 21:19:29.485369 [INFO]  S3 ListObjects returned 2 items
2026/03/11 21:19:29.485402 [DEBUG] loadObjects: 2 objects loaded, rendering
2026/03/11 21:19:29.485406 [DEBUG] render: buckets=50 objects=2 bucketIdx=5 objIdx=0
2026/03/11 21:19:29.485635 [DEBUG] key: bucket up (idx=5)
2026/03/11 21:19:29.485640 [INFO]  key: select bucket idx=4
2026/03/11 21:19:29.485644 [INFO]  loadObjects: bucket="artifacts-clarity-mgmt-pro" prefix=""
2026/03/11 21:19:29.485652 [INFO]  S3 ListObjects called bucket="artifacts-clarity-mgmt-pro" prefix=""
2026/03/11 21:19:29.646084 [INFO]  S3 ListObjects returned 11 items
2026/03/11 21:19:29.646129 [DEBUG] loadObjects: 11 objects loaded, rendering
2026/03/11 21:19:29.646133 [DEBUG] render: buckets=50 objects=11 bucketIdx=4 objIdx=0
2026/03/11 21:19:29.646349 [DEBUG] key: bucket up (idx=4)
2026/03/11 21:19:29.646353 [INFO]  key: select bucket idx=3
2026/03/11 21:19:29.646356 [INFO]  loadObjects: bucket="argo-workflows-clarity-mgmt-pro" prefix=""
2026/03/11 21:19:29.646360 [INFO]  S3 ListObjects called bucket="argo-workflows-clarity-mgmt-pro" prefix=""
2026/03/11 21:19:29.886446 [INFO]  S3 ListObjects returned 1000 items
2026/03/11 21:19:29.886472 [DEBUG] loadObjects: 1000 objects loaded, rendering
2026/03/11 21:19:29.886476 [DEBUG] render: buckets=50 objects=1000 bucketIdx=3 objIdx=0
2026/03/11 21:19:29.889383 [DEBUG] key: bucket up (idx=3)
2026/03/11 21:19:29.889392 [INFO]  key: select bucket idx=2
2026/03/11 21:19:29.889393 [INFO]  loadObjects: bucket="airflowv2-clarity-mgmt-pro" prefix=""
2026/03/11 21:19:29.889395 [INFO]  S3 ListObjects called bucket="airflowv2-clarity-mgmt-pro" prefix=""
2026/03/11 21:19:30.039954 [INFO]  S3 ListObjects returned 2 items
2026/03/11 21:19:30.039979 [DEBUG] loadObjects: 2 objects loaded, rendering
2026/03/11 21:19:30.039983 [DEBUG] render: buckets=50 objects=2 bucketIdx=2 objIdx=0
2026/03/11 21:19:30.040291 [DEBUG] key: bucket up (idx=2)
2026/03/11 21:19:30.040298 [INFO]  key: select bucket idx=1
2026/03/11 21:19:30.040301 [INFO]  loadObjects: bucket="airflowlogs-clarity-mgmt-pro" prefix=""
2026/03/11 21:19:30.040305 [INFO]  S3 ListObjects called bucket="airflowlogs-clarity-mgmt-pro" prefix=""
2026/03/11 21:19:30.190716 [INFO]  S3 ListObjects returned 4 items
2026/03/11 21:19:30.190749 [DEBUG] loadObjects: 4 objects loaded, rendering
2026/03/11 21:19:30.190754 [DEBUG] render: buckets=50 objects=4 bucketIdx=1 objIdx=0
2026/03/11 21:19:30.191924 [DEBUG] key: bucket down (idx=1)
2026/03/11 21:19:30.191940 [INFO]  key: select bucket idx=2
2026/03/11 21:19:30.191944 [INFO]  loadObjects: bucket="airflowv2-clarity-mgmt-pro" prefix=""
2026/03/11 21:19:30.191948 [INFO]  S3 ListObjects called bucket="airflowv2-clarity-mgmt-pro" prefix=""
2026/03/11 21:19:30.243185 [INFO]  S3 ListObjects returned 2 items
2026/03/11 21:19:30.243228 [DEBUG] loadObjects: 2 objects loaded, rendering
2026/03/11 21:19:30.243234 [DEBUG] render: buckets=50 objects=2 bucketIdx=2 objIdx=0
2026/03/11 21:19:30.243545 [DEBUG] key: bucket down (idx=2)
2026/03/11 21:19:30.243551 [INFO]  key: select bucket idx=3
2026/03/11 21:19:30.243555 [INFO]  loadObjects: bucket="argo-workflows-clarity-mgmt-pro" prefix=""
2026/03/11 21:19:30.243560 [INFO]  S3 ListObjects called bucket="argo-workflows-clarity-mgmt-pro" prefix=""
2026/03/11 21:19:30.348028 [INFO]  S3 ListObjects returned 1000 items
2026/03/11 21:19:30.348051 [DEBUG] loadObjects: 1000 objects loaded, rendering
2026/03/11 21:19:30.348053 [DEBUG] render: buckets=50 objects=1000 bucketIdx=3 objIdx=0
2026/03/11 21:19:30.351571 [DEBUG] key: bucket down (idx=3)
2026/03/11 21:19:30.351589 [INFO]  key: select bucket idx=4
2026/03/11 21:19:30.351593 [INFO]  loadObjects: bucket="artifacts-clarity-mgmt-pro" prefix=""
2026/03/11 21:19:30.351598 [INFO]  S3 ListObjects called bucket="artifacts-clarity-mgmt-pro" prefix=""
2026/03/11 21:19:30.421455 [INFO]  S3 ListObjects returned 11 items
2026/03/11 21:19:30.421511 [DEBUG] loadObjects: 11 objects loaded, rendering
2026/03/11 21:19:30.421514 [DEBUG] render: buckets=50 objects=11 bucketIdx=4 objIdx=0
2026/03/11 21:19:30.421706 [DEBUG] key: bucket down (idx=4)
2026/03/11 21:19:30.421710 [INFO]  key: select bucket idx=5
2026/03/11 21:19:30.421712 [INFO]  loadObjects: bucket="augmentedai-clarity-mgmt-pro" prefix=""
2026/03/11 21:19:30.421716 [INFO]  S3 ListObjects called bucket="augmentedai-clarity-mgmt-pro" prefix=""
2026/03/11 21:19:30.471337 [INFO]  S3 ListObjects returned 2 items
2026/03/11 21:19:30.471361 [DEBUG] loadObjects: 2 objects loaded, rendering
2026/03/11 21:19:30.471365 [DEBUG] render: buckets=50 objects=2 bucketIdx=5 objIdx=0
2026/03/11 21:19:30.471528 [DEBUG] key: bucket down (idx=5)
2026/03/11 21:19:30.471531 [INFO]  key: select bucket idx=6
2026/03/11 21:19:30.471534 [INFO]  loadObjects: bucket="aws-athena-query-results-913932804865-eu-central-1" prefix=""
2026/03/11 21:19:30.471538 [INFO]  S3 ListObjects called bucket="aws-athena-query-results-913932804865-eu-central-1" prefix=""
2026/03/11 21:19:30.523318 [INFO]  S3 ListObjects returned 1 items
2026/03/11 21:19:30.523362 [DEBUG] loadObjects: 1 objects loaded, rendering
2026/03/11 21:19:30.523367 [DEBUG] render: buckets=50 objects=1 bucketIdx=6 objIdx=0
2026/03/11 21:19:30.523788 [DEBUG] key: bucket down (idx=6)
2026/03/11 21:19:30.523793 [INFO]  key: select bucket idx=7
2026/03/11 21:19:30.523797 [INFO]  loadObjects: bucket="aws-athena-query-results-eu-central-1-913932804865" prefix=""
2026/03/11 21:19:30.523802 [INFO]  S3 ListObjects called bucket="aws-athena-query-results-eu-central-1-913932804865" prefix=""
2026/03/11 21:19:30.579829 [INFO]  S3 ListObjects returned 54 items
2026/03/11 21:19:30.579851 [DEBUG] loadObjects: 54 objects loaded, rendering
2026/03/11 21:19:30.579854 [DEBUG] render: buckets=50 objects=54 bucketIdx=7 objIdx=0
2026/03/11 21:19:30.580236 [DEBUG] key: bucket down (idx=7)
2026/03/11 21:19:30.580242 [INFO]  key: select bucket idx=8
2026/03/11 21:19:30.580245 [INFO]  loadObjects: bucket="aws-emr-resources-913932804865-eu-central-1" prefix=""
2026/03/11 21:19:30.580249 [INFO]  S3 ListObjects called bucket="aws-emr-resources-913932804865-eu-central-1" prefix=""
2026/03/11 21:19:30.628501 [INFO]  S3 ListObjects returned 0 items
2026/03/11 21:19:30.628525 [DEBUG] loadObjects: 0 objects loaded, rendering
2026/03/11 21:19:30.628529 [DEBUG] render: buckets=50 objects=0 bucketIdx=8 objIdx=0
2026/03/11 21:19:30.628755 [DEBUG] key: bucket down (idx=8)
2026/03/11 21:19:30.628759 [INFO]  key: select bucket idx=9
2026/03/11 21:19:30.628761 [INFO]  loadObjects: bucket="aws-logs-913932804865-eu-central-1" prefix=""
2026/03/11 21:19:30.628767 [INFO]  S3 ListObjects called bucket="aws-logs-913932804865-eu-central-1" prefix=""
2026/03/11 21:19:30.680642 [INFO]  S3 ListObjects returned 1 items
2026/03/11 21:19:30.680675 [DEBUG] loadObjects: 1 objects loaded, rendering
2026/03/11 21:19:30.680681 [DEBUG] render: buckets=50 objects=1 bucketIdx=9 objIdx=0
2026/03/11 21:19:30.681081 [DEBUG] key: bucket down (idx=9)
2026/03/11 21:19:30.681087 [INFO]  key: select bucket idx=10
2026/03/11 21:19:30.681091 [INFO]  loadObjects: bucket="backup-data-platform-clarity-mgmt-pro" prefix=""
2026/03/11 21:19:30.681122 [INFO]  S3 ListObjects called bucket="backup-data-platform-clarity-mgmt-pro" prefix=""
2026/03/11 21:19:30.734947 [INFO]  S3 ListObjects returned 10 items
2026/03/11 21:19:30.734984 [DEBUG] loadObjects: 10 objects loaded, rendering
2026/03/11 21:19:30.734989 [DEBUG] render: buckets=50 objects=10 bucketIdx=10 objIdx=0
2026/03/11 21:19:30.735329 [DEBUG] key: bucket down (idx=10)
2026/03/11 21:19:30.735338 [INFO]  key: select bucket idx=11
2026/03/11 21:19:30.735362 [INFO]  loadObjects: bucket="backup-reference-data-clarity-mgmt-pro" prefix=""
2026/03/11 21:19:30.735368 [INFO]  S3 ListObjects called bucket="backup-reference-data-clarity-mgmt-pro" prefix=""
2026/03/11 21:19:30.772809 [ERROR] S3 ListObjects failed: operation error S3: ListObjectsV2, https response error StatusCode: 403, RequestID: 2QZ5MJZMF05SW6GY, HostID: vvmzXrJc/pDqCrmKRgfoPoTPDrZa8gtlmFvAkiuFRw+0NXq8kG4m4Czf1EvDtpUBLA31VXdUj+1lpcYsqwubQ/HRJzfkmNqCSiJvyURSIg0=, api error AccessDenied: User: arn:aws:sts::913932804865:assumed-role/federateclarity/aws-go-sdk-1773260359703045843 is not authorized to perform: s3:ListBucket on resource: "arn:aws:s3:::backup-reference-data-clarity-mgmt-pro" with an explicit deny in a resource-based policy
2026/03/11 21:19:30.772830 [ERROR] loadObjects failed: operation error S3: ListObjectsV2, https response error StatusCode: 403, RequestID: 2QZ5MJZMF05SW6GY, HostID: vvmzXrJc/pDqCrmKRgfoPoTPDrZa8gtlmFvAkiuFRw+0NXq8kG4m4Czf1EvDtpUBLA31VXdUj+1lpcYsqwubQ/HRJzfkmNqCSiJvyURSIg0=, api error AccessDenied: User: arn:aws:sts::913932804865:assumed-role/federateclarity/aws-go-sdk-1773260359703045843 is not authorized to perform: s3:ListBucket on resource: "arn:aws:s3:::backup-reference-data-clarity-mgmt-pro" with an explicit deny in a resource-based policy
2026/03/11 21:19:30.772836 [DEBUG] key: bucket down (idx=11)
2026/03/11 21:19:30.772838 [INFO]  key: select bucket idx=12
2026/03/11 21:19:30.772839 [INFO]  loadObjects: bucket="chatcommands-mgmt" prefix=""
2026/03/11 21:19:30.772841 [INFO]  S3 ListObjects called bucket="chatcommands-mgmt" prefix=""
2026/03/11 21:19:30.828872 [INFO]  S3 ListObjects returned 3 items
2026/03/11 21:19:30.828894 [DEBUG] loadObjects: 3 objects loaded, rendering
2026/03/11 21:19:30.828896 [DEBUG] render: buckets=50 objects=3 bucketIdx=12 objIdx=0
2026/03/11 21:19:30.829069 [DEBUG] key: bucket down (idx=12)
2026/03/11 21:19:30.829070 [INFO]  key: select bucket idx=13
2026/03/11 21:19:30.829072 [INFO]  loadObjects: bucket="clar-assistant-performance-tracker-data-mgmt" prefix=""
2026/03/11 21:19:30.829074 [INFO]  S3 ListObjects called bucket="clar-assistant-performance-tracker-data-mgmt" prefix=""
2026/03/11 21:19:30.880923 [INFO]  S3 ListObjects returned 1 items
2026/03/11 21:19:30.880950 [DEBUG] loadObjects: 1 objects loaded, rendering
2026/03/11 21:19:30.880954 [DEBUG] render: buckets=50 objects=1 bucketIdx=13 objIdx=0
2026/03/11 21:19:30.881277 [DEBUG] key: bucket down (idx=13)
2026/03/11 21:19:30.881280 [INFO]  key: select bucket idx=14
2026/03/11 21:19:30.881284 [INFO]  loadObjects: bucket="clar-clarityai-assistant-chat-mgmt" prefix=""
2026/03/11 21:19:30.881288 [INFO]  S3 ListObjects called bucket="clar-clarityai-assistant-chat-mgmt" prefix=""
2026/03/11 21:19:30.931090 [INFO]  S3 ListObjects returned 2 items
2026/03/11 21:19:30.931126 [DEBUG] loadObjects: 2 objects loaded, rendering
2026/03/11 21:19:30.931130 [DEBUG] render: buckets=50 objects=2 bucketIdx=14 objIdx=0
2026/03/11 21:19:30.931420 [DEBUG] key: bucket down (idx=14)
2026/03/11 21:19:30.931423 [INFO]  key: select bucket idx=15
2026/03/11 21:19:30.931426 [INFO]  loadObjects: bucket="clar-clarityai-assistant-report-mgmt" prefix=""
2026/03/11 21:19:30.931429 [INFO]  S3 ListObjects called bucket="clar-clarityai-assistant-report-mgmt" prefix=""
2026/03/11 21:19:30.983666 [INFO]  S3 ListObjects returned 0 items
2026/03/11 21:19:30.983688 [DEBUG] loadObjects: 0 objects loaded, rendering
2026/03/11 21:19:30.983691 [DEBUG] render: buckets=50 objects=0 bucketIdx=15 objIdx=0
2026/03/11 21:19:30.984416 [DEBUG] key: bucket down (idx=15)
2026/03/11 21:19:30.984433 [INFO]  key: select bucket idx=16
2026/03/11 21:19:30.984436 [INFO]  loadObjects: bucket="clar-fast-api-app-another-test-mgmt" prefix=""
2026/03/11 21:19:30.984441 [INFO]  S3 ListObjects called bucket="clar-fast-api-app-another-test-mgmt" prefix=""
2026/03/11 21:19:31.033020 [INFO]  S3 ListObjects returned 0 items
2026/03/11 21:19:31.033049 [DEBUG] loadObjects: 0 objects loaded, rendering
2026/03/11 21:19:31.033051 [DEBUG] render: buckets=50 objects=0 bucketIdx=16 objIdx=0
2026/03/11 21:19:31.033235 [DEBUG] key: bucket down (idx=16)
2026/03/11 21:19:31.033238 [INFO]  key: select bucket idx=17
2026/03/11 21:19:31.033239 [INFO]  loadObjects: bucket="clar-fast-api-app-test-mgmt" prefix=""
2026/03/11 21:19:31.033241 [INFO]  S3 ListObjects called bucket="clar-fast-api-app-test-mgmt" prefix=""
2026/03/11 21:19:31.079123 [INFO]  S3 ListObjects returned 0 items
2026/03/11 21:19:31.079152 [DEBUG] loadObjects: 0 objects loaded, rendering
2026/03/11 21:19:31.079157 [DEBUG] render: buckets=50 objects=0 bucketIdx=17 objIdx=0
2026/03/11 21:19:31.079580 [DEBUG] key: bucket down (idx=17)
2026/03/11 21:19:31.079586 [INFO]  key: select bucket idx=18
2026/03/11 21:19:31.079590 [INFO]  loadObjects: bucket="clar-loki-chunks-mgmt" prefix=""
2026/03/11 21:19:31.079596 [INFO]  S3 ListObjects called bucket="clar-loki-chunks-mgmt" prefix=""
2026/03/11 21:19:31.133636 [INFO]  S3 ListObjects returned 3 items
2026/03/11 21:19:31.133657 [DEBUG] loadObjects: 3 objects loaded, rendering
2026/03/11 21:19:31.133661 [DEBUG] render: buckets=50 objects=3 bucketIdx=18 objIdx=0
2026/03/11 21:19:31.133857 [DEBUG] key: bucket down (idx=18)
2026/03/11 21:19:31.133860 [INFO]  key: select bucket idx=19
2026/03/11 21:19:31.133863 [INFO]  loadObjects: bucket="clar-loki-ruler-mgmt" prefix=""
2026/03/11 21:19:31.133867 [INFO]  S3 ListObjects called bucket="clar-loki-ruler-mgmt" prefix=""
2026/03/11 21:19:31.181395 [INFO]  S3 ListObjects returned 0 items
2026/03/11 21:19:31.181408 [DEBUG] loadObjects: 0 objects loaded, rendering
2026/03/11 21:19:31.181411 [DEBUG] render: buckets=50 objects=0 bucketIdx=19 objIdx=0
2026/03/11 21:19:31.181631 [DEBUG] key: bucket down (idx=19)
2026/03/11 21:19:31.181634 [INFO]  key: select bucket idx=20
2026/03/11 21:19:31.181636 [INFO]  loadObjects: bucket="clar-metrics-validation-workspace-mgmt" prefix=""
2026/03/11 21:19:31.181640 [INFO]  S3 ListObjects called bucket="clar-metrics-validation-workspace-mgmt" prefix=""
2026/03/11 21:19:31.251166 [INFO]  S3 ListObjects returned 200 items
2026/03/11 21:19:31.251183 [DEBUG] loadObjects: 200 objects loaded, rendering
2026/03/11 21:19:31.251185 [DEBUG] render: buckets=50 objects=200 bucketIdx=20 objIdx=0
2026/03/11 21:19:31.251425 [DEBUG] key: bucket down (idx=20)
2026/03/11 21:19:31.251427 [INFO]  key: select bucket idx=21
2026/03/11 21:19:31.251429 [INFO]  loadObjects: bucket="clar-mlflow-genai-artifacts-store-mgmt" prefix=""
2026/03/11 21:19:31.251431 [INFO]  S3 ListObjects called bucket="clar-mlflow-genai-artifacts-store-mgmt" prefix=""
2026/03/11 21:19:31.307259 [INFO]  S3 ListObjects returned 37 items
2026/03/11 21:19:31.307281 [DEBUG] loadObjects: 37 objects loaded, rendering
2026/03/11 21:19:31.307285 [DEBUG] render: buckets=50 objects=37 bucketIdx=21 objIdx=0
2026/03/11 21:19:31.307649 [DEBUG] key: bucket down (idx=21)
2026/03/11 21:19:31.307661 [INFO]  key: select bucket idx=22
2026/03/11 21:19:31.307668 [INFO]  loadObjects: bucket="clar-search-dashboard-documents-mgmt" prefix=""
2026/03/11 21:19:31.307673 [INFO]  S3 ListObjects called bucket="clar-search-dashboard-documents-mgmt" prefix=""
2026/03/11 21:19:31.359775 [INFO]  S3 ListObjects returned 1 items
2026/03/11 21:19:31.359800 [DEBUG] loadObjects: 1 objects loaded, rendering
2026/03/11 21:19:31.359806 [DEBUG] render: buckets=50 objects=1 bucketIdx=22 objIdx=0
2026/03/11 21:19:31.360118 [DEBUG] key: bucket down (idx=22)
2026/03/11 21:19:31.360127 [INFO]  key: select bucket idx=23
2026/03/11 21:19:31.360132 [INFO]  loadObjects: bucket="clar-streamlit-app-buck-mgmt" prefix=""
2026/03/11 21:19:31.360138 [INFO]  S3 ListObjects called bucket="clar-streamlit-app-buck-mgmt" prefix=""
2026/03/11 21:19:31.413371 [INFO]  S3 ListObjects returned 1 items
2026/03/11 21:19:31.413391 [DEBUG] loadObjects: 1 objects loaded, rendering
2026/03/11 21:19:31.413395 [DEBUG] render: buckets=50 objects=1 bucketIdx=23 objIdx=0
2026/03/11 21:19:31.413615 [DEBUG] key: bucket down (idx=23)
2026/03/11 21:19:31.413618 [INFO]  key: select bucket idx=24
2026/03/11 21:19:31.413633 [INFO]  loadObjects: bucket="clarity-ai-mgmt-buck-64b25806" prefix=""
2026/03/11 21:19:31.413637 [INFO]  S3 ListObjects called bucket="clarity-ai-mgmt-buck-64b25806" prefix=""
2026/03/11 21:19:31.461633 [INFO]  S3 ListObjects returned 0 items
2026/03/11 21:19:31.461654 [DEBUG] loadObjects: 0 objects loaded, rendering
2026/03/11 21:19:31.461658 [DEBUG] render: buckets=50 objects=0 bucketIdx=24 objIdx=0
2026/03/11 21:19:31.461866 [DEBUG] key: bucket down (idx=24)
2026/03/11 21:19:31.461869 [INFO]  key: select bucket idx=25
2026/03/11 21:19:31.461872 [INFO]  loadObjects: bucket="clarity-athena-results-mgmt" prefix=""
2026/03/11 21:19:31.461876 [INFO]  S3 ListObjects called bucket="clarity-athena-results-mgmt" prefix=""
2026/03/11 21:19:31.505797 [INFO]  S3 ListObjects returned 0 items
2026/03/11 21:19:31.505822 [DEBUG] loadObjects: 0 objects loaded, rendering
2026/03/11 21:19:31.505828 [DEBUG] render: buckets=50 objects=0 bucketIdx=25 objIdx=0
2026/03/11 21:19:31.506258 [DEBUG] key: bucket down (idx=25)
2026/03/11 21:19:31.506282 [INFO]  key: select bucket idx=26
2026/03/11 21:19:31.506288 [INFO]  loadObjects: bucket="clarity-foundational-engineering" prefix=""
2026/03/11 21:19:31.506294 [INFO]  S3 ListObjects called bucket="clarity-foundational-engineering" prefix=""
2026/03/11 21:19:31.559438 [INFO]  S3 ListObjects returned 20 items
2026/03/11 21:19:31.559451 [DEBUG] loadObjects: 20 objects loaded, rendering
2026/03/11 21:19:31.559453 [DEBUG] render: buckets=50 objects=20 bucketIdx=26 objIdx=0
2026/03/11 21:19:31.559668 [DEBUG] key: bucket down (idx=26)
2026/03/11 21:19:31.559672 [INFO]  key: select bucket idx=27
2026/03/11 21:19:31.559674 [INFO]  loadObjects: bucket="clarity-modal" prefix=""
2026/03/11 21:19:31.559678 [INFO]  S3 ListObjects called bucket="clarity-modal" prefix=""
2026/03/11 21:19:31.620019 [INFO]  S3 ListObjects returned 24 items
2026/03/11 21:19:31.620041 [DEBUG] loadObjects: 24 objects loaded, rendering
2026/03/11 21:19:31.620044 [DEBUG] render: buckets=50 objects=24 bucketIdx=27 objIdx=0
2026/03/11 21:19:31.620305 [DEBUG] key: bucket down (idx=27)
2026/03/11 21:19:31.620319 [INFO]  key: select bucket idx=28
2026/03/11 21:19:31.620323 [INFO]  loadObjects: bucket="clarity-spike-snowflake-iceberg" prefix=""
2026/03/11 21:19:31.620329 [INFO]  S3 ListObjects called bucket="clarity-spike-snowflake-iceberg" prefix=""
2026/03/11 21:19:31.675856 [INFO]  S3 ListObjects returned 1 items
2026/03/11 21:19:31.675884 [DEBUG] loadObjects: 1 objects loaded, rendering
2026/03/11 21:19:31.675887 [DEBUG] render: buckets=50 objects=1 bucketIdx=28 objIdx=0
2026/03/11 21:19:31.676092 [DEBUG] key: bucket down (idx=28)
2026/03/11 21:19:31.676108 [INFO]  key: select bucket idx=29
2026/03/11 21:19:31.676111 [INFO]  loadObjects: bucket="clarity-terraform-state-mgmt-eu-central-1" prefix=""
2026/03/11 21:19:31.676114 [INFO]  S3 ListObjects called bucket="clarity-terraform-state-mgmt-eu-central-1" prefix=""
2026/03/11 21:19:31.733993 [INFO]  S3 ListObjects returned 181 items
2026/03/11 21:19:31.734024 [DEBUG] loadObjects: 181 objects loaded, rendering
2026/03/11 21:19:31.734028 [DEBUG] render: buckets=50 objects=181 bucketIdx=29 objIdx=0
2026/03/11 21:19:31.735207 [DEBUG] key: bucket down (idx=29)
2026/03/11 21:19:31.735217 [INFO]  key: select bucket idx=30
2026/03/11 21:19:31.735220 [INFO]  loadObjects: bucket="clarityai-corpdocs-mgmt" prefix=""
2026/03/11 21:19:31.735221 [INFO]  S3 ListObjects called bucket="clarityai-corpdocs-mgmt" prefix=""
2026/03/11 21:19:31.787889 [INFO]  S3 ListObjects returned 1 items
2026/03/11 21:19:31.787936 [DEBUG] loadObjects: 1 objects loaded, rendering
2026/03/11 21:19:31.787942 [DEBUG] render: buckets=50 objects=1 bucketIdx=30 objIdx=0
2026/03/11 21:19:31.788304 [DEBUG] key: bucket down (idx=30)
2026/03/11 21:19:31.788312 [INFO]  key: select bucket idx=31
2026/03/11 21:19:31.788316 [INFO]  loadObjects: bucket="collected-documents-exchange-clarity-mgmt-pro" prefix=""
2026/03/11 21:19:31.788322 [INFO]  S3 ListObjects called bucket="collected-documents-exchange-clarity-mgmt-pro" prefix=""
2026/03/11 21:19:31.911803 [INFO]  S3 ListObjects returned 441 items
2026/03/11 21:19:31.911819 [DEBUG] loadObjects: 441 objects loaded, rendering
2026/03/11 21:19:31.911821 [DEBUG] render: buckets=50 objects=441 bucketIdx=31 objIdx=0
2026/03/11 21:19:31.913215 [DEBUG] key: bucket down (idx=31)
2026/03/11 21:19:31.913223 [INFO]  key: select bucket idx=32
2026/03/11 21:19:31.913225 [INFO]  loadObjects: bucket="ctool-mgmt" prefix=""
2026/03/11 21:19:31.913226 [INFO]  S3 ListObjects called bucket="ctool-mgmt" prefix=""
2026/03/11 21:19:31.966224 [INFO]  S3 ListObjects returned 4 items
2026/03/11 21:19:31.966252 [DEBUG] loadObjects: 4 objects loaded, rendering
2026/03/11 21:19:31.966256 [DEBUG] render: buckets=50 objects=4 bucketIdx=32 objIdx=0
2026/03/11 21:19:31.966508 [DEBUG] key: bucket down (idx=32)
2026/03/11 21:19:31.966512 [INFO]  key: select bucket idx=33
2026/03/11 21:19:31.966516 [INFO]  loadObjects: bucket="customer-factset-5f16f2bad0f9bd40ae7cf701-clarity" prefix=""
2026/03/11 21:19:31.966522 [INFO]  S3 ListObjects called bucket="customer-factset-5f16f2bad0f9bd40ae7cf701-clarity" prefix=""
2026/03/11 21:19:32.017904 [INFO]  S3 ListObjects returned 1 items
2026/03/11 21:19:32.017927 [DEBUG] loadObjects: 1 objects loaded, rendering
2026/03/11 21:19:32.017931 [DEBUG] render: buckets=50 objects=1 bucketIdx=33 objIdx=0
2026/03/11 21:19:32.018261 [DEBUG] key: bucket down (idx=33)
2026/03/11 21:19:32.018266 [INFO]  key: select bucket idx=34
2026/03/11 21:19:32.018269 [INFO]  loadObjects: bucket="customer-qontigo-5ea9793d3db7f763b99d5e58-clarity" prefix=""
2026/03/11 21:19:32.018273 [INFO]  S3 ListObjects called bucket="customer-qontigo-5ea9793d3db7f763b99d5e58-clarity" prefix=""
2026/03/11 21:19:32.070745 [INFO]  S3 ListObjects returned 7 items
2026/03/11 21:19:32.070781 [DEBUG] loadObjects: 7 objects loaded, rendering
2026/03/11 21:19:32.070786 [DEBUG] render: buckets=50 objects=7 bucketIdx=34 objIdx=0
2026/03/11 21:19:32.071192 [DEBUG] key: bucket down (idx=34)
2026/03/11 21:19:32.071279 [INFO]  key: select bucket idx=35
2026/03/11 21:19:32.071285 [INFO]  loadObjects: bucket="customer-sam-5cc16d0b85e107000135c80c-clarity" prefix=""
2026/03/11 21:19:32.071290 [INFO]  S3 ListObjects called bucket="customer-sam-5cc16d0b85e107000135c80c-clarity" prefix=""
2026/03/11 21:19:32.130350 [INFO]  S3 ListObjects returned 2 items
2026/03/11 21:19:32.130374 [DEBUG] loadObjects: 2 objects loaded, rendering
2026/03/11 21:19:32.130378 [DEBUG] render: buckets=50 objects=2 bucketIdx=35 objIdx=0
2026/03/11 21:19:32.130613 [DEBUG] key: bucket down (idx=35)
2026/03/11 21:19:32.130616 [INFO]  key: select bucket idx=36
2026/03/11 21:19:32.130619 [INFO]  loadObjects: bucket="datadog-backups-mgmt" prefix=""
2026/03/11 21:19:32.130623 [INFO]  S3 ListObjects called bucket="datadog-backups-mgmt" prefix=""
2026/03/11 21:19:32.180306 [INFO]  S3 ListObjects returned 2 items
2026/03/11 21:19:32.180339 [DEBUG] loadObjects: 2 objects loaded, rendering
2026/03/11 21:19:32.180345 [DEBUG] render: buckets=50 objects=2 bucketIdx=36 objIdx=0
2026/03/11 21:19:32.180790 [DEBUG] key: bucket down (idx=36)
2026/03/11 21:19:32.180796 [INFO]  key: select bucket idx=37
2026/03/11 21:19:32.180800 [INFO]  loadObjects: bucket="datadog-log-archive-clarity-mgmt-pro" prefix=""
2026/03/11 21:19:32.180805 [INFO]  S3 ListObjects called bucket="datadog-log-archive-clarity-mgmt-pro" prefix=""
2026/03/11 21:19:32.234195 [INFO]  S3 ListObjects returned 5 items
2026/03/11 21:19:32.234219 [DEBUG] loadObjects: 5 objects loaded, rendering
2026/03/11 21:19:32.234222 [DEBUG] render: buckets=50 objects=5 bucketIdx=37 objIdx=0
2026/03/11 21:19:32.234413 [DEBUG] key: bucket down (idx=37)
2026/03/11 21:19:32.234417 [INFO]  key: select bucket idx=38
2026/03/11 21:19:32.234419 [INFO]  loadObjects: bucket="elasticsearch-clarity-mgmt-pro" prefix=""
2026/03/11 21:19:32.234423 [INFO]  S3 ListObjects called bucket="elasticsearch-clarity-mgmt-pro" prefix=""
2026/03/11 21:19:32.286601 [INFO]  S3 ListObjects returned 7 items
2026/03/11 21:19:32.286618 [DEBUG] loadObjects: 7 objects loaded, rendering
2026/03/11 21:19:32.286632 [DEBUG] render: buckets=50 objects=7 bucketIdx=38 objIdx=0
2026/03/11 21:19:32.286932 [DEBUG] key: bucket down (idx=38)
2026/03/11 21:19:32.286935 [INFO]  key: select bucket idx=39
2026/03/11 21:19:32.286936 [INFO]  loadObjects: bucket="elasticsearch-gitlab" prefix=""
2026/03/11 21:19:32.286938 [INFO]  S3 ListObjects called bucket="elasticsearch-gitlab" prefix=""
2026/03/11 21:19:32.334786 [INFO]  S3 ListObjects returned 0 items
2026/03/11 21:19:32.334797 [DEBUG] loadObjects: 0 objects loaded, rendering
2026/03/11 21:19:32.334799 [DEBUG] render: buckets=50 objects=0 bucketIdx=39 objIdx=0
2026/03/11 21:19:32.334941 [DEBUG] key: bucket down (idx=39)
2026/03/11 21:19:32.334943 [INFO]  key: select bucket idx=40
2026/03/11 21:19:32.334945 [INFO]  loadObjects: bucket="elb-access-logs-clarity-mgmt-pro" prefix=""
2026/03/11 21:19:32.334947 [INFO]  S3 ListObjects called bucket="elb-access-logs-clarity-mgmt-pro" prefix=""
2026/03/11 21:19:32.389727 [INFO]  S3 ListObjects returned 6 items
2026/03/11 21:19:32.389745 [DEBUG] loadObjects: 6 objects loaded, rendering
2026/03/11 21:19:32.389746 [DEBUG] render: buckets=50 objects=6 bucketIdx=40 objIdx=0
2026/03/11 21:19:32.389887 [DEBUG] key: bucket down (idx=40)
2026/03/11 21:19:32.389890 [INFO]  key: select bucket idx=41
2026/03/11 21:19:32.389891 [INFO]  loadObjects: bucket="exposures-ingestion-mgmt-pro" prefix=""
2026/03/11 21:19:32.389893 [INFO]  S3 ListObjects called bucket="exposures-ingestion-mgmt-pro" prefix=""
2026/03/11 21:19:32.543188 [INFO]  S3 ListObjects returned 2 items
2026/03/11 21:19:32.543208 [DEBUG] loadObjects: 2 objects loaded, rendering
2026/03/11 21:19:32.543212 [DEBUG] render: buckets=50 objects=2 bucketIdx=41 objIdx=0
2026/03/11 21:19:32.543405 [DEBUG] key: bucket down (idx=41)
2026/03/11 21:19:32.543408 [INFO]  key: select bucket idx=42
2026/03/11 21:19:32.543411 [INFO]  loadObjects: bucket="external-efront-clarity-mgmt-pro" prefix=""
2026/03/11 21:19:32.543415 [INFO]  S3 ListObjects called bucket="external-efront-clarity-mgmt-pro" prefix=""
2026/03/11 21:19:32.690974 [INFO]  S3 ListObjects returned 1 items
2026/03/11 21:19:32.690996 [DEBUG] loadObjects: 1 objects loaded, rendering
2026/03/11 21:19:32.690999 [DEBUG] render: buckets=50 objects=1 bucketIdx=42 objIdx=0
2026/03/11 21:19:32.691305 [DEBUG] key: bucket down (idx=42)
2026/03/11 21:19:32.691314 [INFO]  key: select bucket idx=43
2026/03/11 21:19:32.691318 [INFO]  loadObjects: bucket="external-refinitiv-clarity-mgmt-pro" prefix=""
2026/03/11 21:19:32.691324 [INFO]  S3 ListObjects called bucket="external-refinitiv-clarity-mgmt-pro" prefix=""
2026/03/11 21:19:32.833293 [INFO]  S3 ListObjects returned 2 items
2026/03/11 21:19:32.833321 [DEBUG] loadObjects: 2 objects loaded, rendering
2026/03/11 21:19:32.833326 [DEBUG] render: buckets=50 objects=2 bucketIdx=43 objIdx=0
2026/03/11 21:19:32.833589 [DEBUG] key: bucket down (idx=43)
2026/03/11 21:19:32.833595 [INFO]  key: select bucket idx=44
2026/03/11 21:19:32.833600 [INFO]  loadObjects: bucket="forge-reports-mgmt" prefix=""
2026/03/11 21:19:32.833607 [INFO]  S3 ListObjects called bucket="forge-reports-mgmt" prefix=""
2026/03/11 21:23:26.471852 [INFO]  App starting
2026/03/11 21:23:26.472179 [DEBUG] layout: first render, loading buckets
2026/03/11 21:23:26.472183 [INFO]  loadBuckets: listing buckets
2026/03/11 21:23:26.472185 [INFO]  S3 ListBuckets called
2026/03/11 21:23:26.822553 [INFO]  S3 ListBuckets returned 75 buckets
2026/03/11 21:23:26.822587 [INFO]  loadBuckets: got 75 buckets
2026/03/11 21:23:26.822592 [INFO]  loadObjects: bucket="airflow-testing-clarity-mgmt" prefix=""
2026/03/11 21:23:26.822599 [INFO]  S3 ListObjects called bucket="airflow-testing-clarity-mgmt" prefix=""
2026/03/11 21:23:26.995191 [INFO]  S3 ListObjects returned 3 items
2026/03/11 21:23:26.995225 [DEBUG] loadObjects: 3 objects loaded, rendering
2026/03/11 21:23:26.995230 [DEBUG] render: buckets=50 objects=3 bucketIdx=0 objIdx=0
2026/03/11 21:23:27.407202 [DEBUG] key: bucket down (idx=0)
2026/03/11 21:23:27.407223 [INFO]  key: select bucket idx=1
2026/03/11 21:23:27.407235 [INFO]  loadObjects: bucket="airflowlogs-clarity-mgmt-pro" prefix=""
2026/03/11 21:23:27.407239 [INFO]  S3 ListObjects called bucket="airflowlogs-clarity-mgmt-pro" prefix=""
2026/03/11 21:23:27.580430 [INFO]  S3 ListObjects returned 4 items
2026/03/11 21:23:27.580471 [DEBUG] loadObjects: 4 objects loaded, rendering
2026/03/11 21:23:27.580476 [DEBUG] render: buckets=50 objects=4 bucketIdx=1 objIdx=0
2026/03/11 21:23:27.580711 [DEBUG] key: bucket down (idx=1)
2026/03/11 21:23:27.580717 [INFO]  key: select bucket idx=2
2026/03/11 21:23:27.580721 [INFO]  loadObjects: bucket="airflowv2-clarity-mgmt-pro" prefix=""
2026/03/11 21:23:27.580727 [INFO]  S3 ListObjects called bucket="airflowv2-clarity-mgmt-pro" prefix=""
2026/03/11 21:23:27.725776 [INFO]  S3 ListObjects returned 2 items
2026/03/11 21:23:27.725788 [DEBUG] loadObjects: 2 objects loaded, rendering
2026/03/11 21:23:27.725789 [DEBUG] render: buckets=50 objects=2 bucketIdx=2 objIdx=0
2026/03/11 21:23:27.725874 [DEBUG] key: bucket down (idx=2)
2026/03/11 21:23:27.725875 [INFO]  key: select bucket idx=3
2026/03/11 21:23:27.725877 [INFO]  loadObjects: bucket="argo-workflows-clarity-mgmt-pro" prefix=""
2026/03/11 21:23:27.725878 [INFO]  S3 ListObjects called bucket="argo-workflows-clarity-mgmt-pro" prefix=""
2026/03/11 21:23:27.970209 [INFO]  S3 ListObjects returned 1000 items
2026/03/11 21:23:27.970233 [DEBUG] loadObjects: 1000 objects loaded, rendering
2026/03/11 21:23:27.970234 [DEBUG] render: buckets=50 objects=1000 bucketIdx=3 objIdx=0
2026/03/11 21:23:28.491733 [DEBUG] key: bucket down (idx=3)
2026/03/11 21:23:28.491792 [INFO]  key: select bucket idx=4
2026/03/11 21:23:28.491796 [INFO]  loadObjects: bucket="artifacts-clarity-mgmt-pro" prefix=""
2026/03/11 21:23:28.491802 [INFO]  S3 ListObjects called bucket="artifacts-clarity-mgmt-pro" prefix=""
2026/03/11 21:23:28.674060 [INFO]  S3 ListObjects returned 11 items
2026/03/11 21:23:28.674130 [DEBUG] loadObjects: 11 objects loaded, rendering
2026/03/11 21:23:28.674138 [DEBUG] render: buckets=50 objects=11 bucketIdx=4 objIdx=0
2026/03/11 21:23:28.850996 [DEBUG] key: bucket down (idx=4)
2026/03/11 21:23:28.851031 [INFO]  key: select bucket idx=5
2026/03/11 21:23:28.851035 [INFO]  loadObjects: bucket="augmentedai-clarity-mgmt-pro" prefix=""
2026/03/11 21:23:28.851043 [INFO]  S3 ListObjects called bucket="augmentedai-clarity-mgmt-pro" prefix=""
2026/03/11 21:23:29.017487 [INFO]  S3 ListObjects returned 2 items
2026/03/11 21:23:29.017513 [DEBUG] loadObjects: 2 objects loaded, rendering
2026/03/11 21:23:29.017517 [DEBUG] render: buckets=50 objects=2 bucketIdx=5 objIdx=0
2026/03/11 21:23:29.068309 [DEBUG] key: bucket down (idx=5)
2026/03/11 21:23:29.068335 [INFO]  key: select bucket idx=6
2026/03/11 21:23:29.068339 [INFO]  loadObjects: bucket="aws-athena-query-results-913932804865-eu-central-1" prefix=""
2026/03/11 21:23:29.068345 [INFO]  S3 ListObjects called bucket="aws-athena-query-results-913932804865-eu-central-1" prefix=""
2026/03/11 21:23:29.243830 [INFO]  S3 ListObjects returned 1 items
2026/03/11 21:23:29.243856 [DEBUG] loadObjects: 1 objects loaded, rendering
2026/03/11 21:23:29.243858 [DEBUG] render: buckets=50 objects=1 bucketIdx=6 objIdx=0
2026/03/11 21:23:29.307826 [DEBUG] key: bucket down (idx=6)
2026/03/11 21:23:29.307843 [INFO]  key: select bucket idx=7
2026/03/11 21:23:29.307845 [INFO]  loadObjects: bucket="aws-athena-query-results-eu-central-1-913932804865" prefix=""
2026/03/11 21:23:29.307849 [INFO]  S3 ListObjects called bucket="aws-athena-query-results-eu-central-1-913932804865" prefix=""
2026/03/11 21:23:29.469227 [INFO]  S3 ListObjects returned 54 items
2026/03/11 21:23:29.469245 [DEBUG] loadObjects: 54 objects loaded, rendering
2026/03/11 21:23:29.469246 [DEBUG] render: buckets=50 objects=54 bucketIdx=7 objIdx=0
2026/03/11 21:23:29.525826 [DEBUG] key: bucket down (idx=7)
2026/03/11 21:23:29.525852 [INFO]  key: select bucket idx=8
2026/03/11 21:23:29.525856 [INFO]  loadObjects: bucket="aws-emr-resources-913932804865-eu-central-1" prefix=""
2026/03/11 21:23:29.525862 [INFO]  S3 ListObjects called bucket="aws-emr-resources-913932804865-eu-central-1" prefix=""
2026/03/11 21:23:29.708638 [INFO]  S3 ListObjects returned 0 items
2026/03/11 21:23:29.708687 [DEBUG] loadObjects: 0 objects loaded, rendering
2026/03/11 21:23:29.708693 [DEBUG] render: buckets=50 objects=0 bucketIdx=8 objIdx=0
2026/03/11 21:23:29.738049 [DEBUG] key: bucket down (idx=8)
2026/03/11 21:23:29.738088 [INFO]  key: select bucket idx=9
2026/03/11 21:23:29.738115 [INFO]  loadObjects: bucket="aws-logs-913932804865-eu-central-1" prefix=""
2026/03/11 21:23:29.738139 [INFO]  S3 ListObjects called bucket="aws-logs-913932804865-eu-central-1" prefix=""
2026/03/11 21:23:29.898302 [INFO]  S3 ListObjects returned 1 items
2026/03/11 21:23:29.898329 [DEBUG] loadObjects: 1 objects loaded, rendering
2026/03/11 21:23:29.898333 [DEBUG] render: buckets=50 objects=1 bucketIdx=9 objIdx=0
2026/03/11 21:23:29.960245 [DEBUG] key: bucket down (idx=9)
2026/03/11 21:23:29.960268 [INFO]  key: select bucket idx=10
2026/03/11 21:23:29.960276 [INFO]  loadObjects: bucket="backup-data-platform-clarity-mgmt-pro" prefix=""
2026/03/11 21:23:29.960282 [INFO]  S3 ListObjects called bucket="backup-data-platform-clarity-mgmt-pro" prefix=""
2026/03/11 21:23:30.117656 [INFO]  S3 ListObjects returned 10 items
2026/03/11 21:23:30.117686 [DEBUG] loadObjects: 10 objects loaded, rendering
2026/03/11 21:23:30.117691 [DEBUG] render: buckets=50 objects=10 bucketIdx=10 objIdx=0
2026/03/11 21:23:30.152904 [DEBUG] key: bucket down (idx=10)
2026/03/11 21:23:30.152932 [INFO]  key: select bucket idx=11
2026/03/11 21:23:30.152937 [INFO]  loadObjects: bucket="backup-reference-data-clarity-mgmt-pro" prefix=""
2026/03/11 21:23:30.152945 [INFO]  S3 ListObjects called bucket="backup-reference-data-clarity-mgmt-pro" prefix=""
2026/03/11 21:23:30.302677 [ERROR] S3 ListObjects failed: operation error S3: ListObjectsV2, https response error StatusCode: 403, RequestID: EWK4EMEH8J74RPWC, HostID: yNQZPvg+z5lXoWT9cpizgCI9tF6yzWct037HfPmAwuCzq9fjAxfRBZJTYhQycEWUNBGU+laWQPrpu9Z/2STzAUcpJfCsn6Cv, api error AccessDenied: User: arn:aws:sts::913932804865:assumed-role/federateclarity/aws-go-sdk-1773260606472379398 is not authorized to perform: s3:ListBucket on resource: "arn:aws:s3:::backup-reference-data-clarity-mgmt-pro" with an explicit deny in a resource-based policy
2026/03/11 21:23:30.302704 [ERROR] loadObjects failed: operation error S3: ListObjectsV2, https response error StatusCode: 403, RequestID: EWK4EMEH8J74RPWC, HostID: yNQZPvg+z5lXoWT9cpizgCI9tF6yzWct037HfPmAwuCzq9fjAxfRBZJTYhQycEWUNBGU+laWQPrpu9Z/2STzAUcpJfCsn6Cv, api error AccessDenied: User: arn:aws:sts::913932804865:assumed-role/federateclarity/aws-go-sdk-1773260606472379398 is not authorized to perform: s3:ListBucket on resource: "arn:aws:s3:::backup-reference-data-clarity-mgmt-pro" with an explicit deny in a resource-based policy
2026/03/11 21:23:30.370908 [DEBUG] key: bucket down (idx=11)
2026/03/11 21:23:30.370949 [INFO]  key: select bucket idx=12
2026/03/11 21:23:30.370955 [INFO]  loadObjects: bucket="chatcommands-mgmt" prefix=""
2026/03/11 21:23:30.370963 [INFO]  S3 ListObjects called bucket="chatcommands-mgmt" prefix=""
2026/03/11 21:23:30.522688 [INFO]  S3 ListObjects returned 3 items
2026/03/11 21:23:30.522715 [DEBUG] loadObjects: 3 objects loaded, rendering
2026/03/11 21:23:30.522717 [DEBUG] render: buckets=50 objects=3 bucketIdx=12 objIdx=0
2026/03/11 21:23:30.581142 [DEBUG] key: bucket down (idx=12)
2026/03/11 21:23:30.581188 [INFO]  key: select bucket idx=13
2026/03/11 21:23:30.581196 [INFO]  loadObjects: bucket="clar-assistant-performance-tracker-data-mgmt" prefix=""
2026/03/11 21:23:30.581203 [INFO]  S3 ListObjects called bucket="clar-assistant-performance-tracker-data-mgmt" prefix=""
2026/03/11 21:23:30.740742 [INFO]  S3 ListObjects returned 1 items
2026/03/11 21:23:30.740762 [DEBUG] loadObjects: 1 objects loaded, rendering
2026/03/11 21:23:30.740764 [DEBUG] render: buckets=50 objects=1 bucketIdx=13 objIdx=0
2026/03/11 21:23:30.802865 [DEBUG] key: bucket down (idx=13)
2026/03/11 21:23:30.802892 [INFO]  key: select bucket idx=14
2026/03/11 21:23:30.802917 [INFO]  loadObjects: bucket="clar-clarityai-assistant-chat-mgmt" prefix=""
2026/03/11 21:23:30.802923 [INFO]  S3 ListObjects called bucket="clar-clarityai-assistant-chat-mgmt" prefix=""
2026/03/11 21:23:30.973399 [INFO]  S3 ListObjects returned 2 items
2026/03/11 21:23:30.973445 [DEBUG] loadObjects: 2 objects loaded, rendering
2026/03/11 21:23:30.973450 [DEBUG] render: buckets=50 objects=2 bucketIdx=14 objIdx=0
2026/03/11 21:23:31.020124 [DEBUG] key: bucket down (idx=14)
2026/03/11 21:23:31.020225 [INFO]  key: select bucket idx=15
2026/03/11 21:23:31.020235 [INFO]  loadObjects: bucket="clar-clarityai-assistant-report-mgmt" prefix=""
2026/03/11 21:23:31.020243 [INFO]  S3 ListObjects called bucket="clar-clarityai-assistant-report-mgmt" prefix=""
2026/03/11 21:23:31.186054 [INFO]  S3 ListObjects returned 0 items
2026/03/11 21:23:31.186085 [DEBUG] loadObjects: 0 objects loaded, rendering
2026/03/11 21:23:31.186090 [DEBUG] render: buckets=50 objects=0 bucketIdx=15 objIdx=0
2026/03/11 21:23:31.237048 [DEBUG] key: bucket down (idx=15)
2026/03/11 21:23:31.237093 [INFO]  key: select bucket idx=16
2026/03/11 21:23:31.237117 [INFO]  loadObjects: bucket="clar-fast-api-app-another-test-mgmt" prefix=""
2026/03/11 21:23:31.237123 [INFO]  S3 ListObjects called bucket="clar-fast-api-app-another-test-mgmt" prefix=""
2026/03/11 21:23:31.396914 [INFO]  S3 ListObjects returned 0 items
2026/03/11 21:23:31.396950 [DEBUG] loadObjects: 0 objects loaded, rendering
2026/03/11 21:23:31.396955 [DEBUG] render: buckets=50 objects=0 bucketIdx=16 objIdx=0
2026/03/11 21:23:31.478709 [DEBUG] key: bucket down (idx=16)
2026/03/11 21:23:31.478755 [INFO]  key: select bucket idx=17
2026/03/11 21:23:31.478761 [INFO]  loadObjects: bucket="clar-fast-api-app-test-mgmt" prefix=""
2026/03/11 21:23:31.478769 [INFO]  S3 ListObjects called bucket="clar-fast-api-app-test-mgmt" prefix=""
2026/03/11 21:23:31.621542 [INFO]  S3 ListObjects returned 0 items
2026/03/11 21:23:31.621594 [DEBUG] loadObjects: 0 objects loaded, rendering
2026/03/11 21:23:31.621599 [DEBUG] render: buckets=50 objects=0 bucketIdx=17 objIdx=0
2026/03/11 21:23:31.695269 [DEBUG] key: bucket down (idx=17)
2026/03/11 21:23:31.695309 [INFO]  key: select bucket idx=18
2026/03/11 21:23:31.695316 [INFO]  loadObjects: bucket="clar-loki-chunks-mgmt" prefix=""
2026/03/11 21:23:31.695323 [INFO]  S3 ListObjects called bucket="clar-loki-chunks-mgmt" prefix=""
2026/03/11 21:23:31.855973 [INFO]  S3 ListObjects returned 3 items
2026/03/11 21:23:31.855998 [DEBUG] loadObjects: 3 objects loaded, rendering
2026/03/11 21:23:31.856000 [DEBUG] render: buckets=50 objects=3 bucketIdx=18 objIdx=0
2026/03/11 21:23:31.887986 [DEBUG] key: bucket down (idx=18)
2026/03/11 21:23:31.888021 [INFO]  key: select bucket idx=19
2026/03/11 21:23:31.888027 [INFO]  loadObjects: bucket="clar-loki-ruler-mgmt" prefix=""
2026/03/11 21:23:31.888036 [INFO]  S3 ListObjects called bucket="clar-loki-ruler-mgmt" prefix=""
2026/03/11 21:23:32.032281 [INFO]  S3 ListObjects returned 0 items
2026/03/11 21:23:32.032305 [DEBUG] loadObjects: 0 objects loaded, rendering
2026/03/11 21:23:32.032309 [DEBUG] render: buckets=50 objects=0 bucketIdx=19 objIdx=0
2026/03/11 21:23:32.105018 [DEBUG] key: bucket down (idx=19)
2026/03/11 21:23:32.105044 [INFO]  key: select bucket idx=20
2026/03/11 21:23:32.105046 [INFO]  loadObjects: bucket="clar-metrics-validation-workspace-mgmt" prefix=""
2026/03/11 21:23:32.105049 [INFO]  S3 ListObjects called bucket="clar-metrics-validation-workspace-mgmt" prefix=""
2026/03/11 21:23:32.276090 [INFO]  S3 ListObjects returned 200 items
2026/03/11 21:23:32.276116 [DEBUG] loadObjects: 200 objects loaded, rendering
2026/03/11 21:23:32.276118 [DEBUG] render: buckets=50 objects=200 bucketIdx=20 objIdx=0
2026/03/11 21:23:32.320693 [DEBUG] key: bucket down (idx=20)
2026/03/11 21:23:32.320717 [INFO]  key: select bucket idx=21
2026/03/11 21:23:32.320721 [INFO]  loadObjects: bucket="clar-mlflow-genai-artifacts-store-mgmt" prefix=""
2026/03/11 21:23:32.320727 [INFO]  S3 ListObjects called bucket="clar-mlflow-genai-artifacts-store-mgmt" prefix=""
2026/03/11 21:23:32.500472 [INFO]  S3 ListObjects returned 37 items
2026/03/11 21:23:32.500508 [DEBUG] loadObjects: 37 objects loaded, rendering
2026/03/11 21:23:32.500512 [DEBUG] render: buckets=50 objects=37 bucketIdx=21 objIdx=0
2026/03/11 21:23:32.533993 [DEBUG] key: bucket down (idx=21)
2026/03/11 21:23:32.534030 [INFO]  key: select bucket idx=22
2026/03/11 21:23:32.534036 [INFO]  loadObjects: bucket="clar-search-dashboard-documents-mgmt" prefix=""
2026/03/11 21:23:32.534044 [INFO]  S3 ListObjects called bucket="clar-search-dashboard-documents-mgmt" prefix=""
2026/03/11 21:23:32.690958 [INFO]  S3 ListObjects returned 1 items
2026/03/11 21:23:32.690989 [DEBUG] loadObjects: 1 objects loaded, rendering
2026/03/11 21:23:32.690993 [DEBUG] render: buckets=50 objects=1 bucketIdx=22 objIdx=0
2026/03/11 21:23:32.750422 [DEBUG] key: bucket down (idx=22)
2026/03/11 21:23:32.750457 [INFO]  key: select bucket idx=23
2026/03/11 21:23:32.750463 [INFO]  loadObjects: bucket="clar-streamlit-app-buck-mgmt" prefix=""
2026/03/11 21:23:32.750471 [INFO]  S3 ListObjects called bucket="clar-streamlit-app-buck-mgmt" prefix=""
2026/03/11 21:23:32.901245 [INFO]  S3 ListObjects returned 1 items
2026/03/11 21:23:32.901278 [DEBUG] loadObjects: 1 objects loaded, rendering
2026/03/11 21:23:32.901283 [DEBUG] render: buckets=50 objects=1 bucketIdx=23 objIdx=0
2026/03/11 21:23:32.967554 [DEBUG] key: bucket down (idx=23)
2026/03/11 21:23:32.967592 [INFO]  key: select bucket idx=24
2026/03/11 21:23:32.967598 [INFO]  loadObjects: bucket="clarity-ai-mgmt-buck-64b25806" prefix=""
2026/03/11 21:23:32.967605 [INFO]  S3 ListObjects called bucket="clarity-ai-mgmt-buck-64b25806" prefix=""
2026/03/11 21:23:33.129294 [INFO]  S3 ListObjects returned 0 items
2026/03/11 21:23:33.129311 [DEBUG] loadObjects: 0 objects loaded, rendering
2026/03/11 21:23:33.129312 [DEBUG] render: buckets=50 objects=0 bucketIdx=24 objIdx=0
2026/03/11 21:23:33.167046 [DEBUG] key: bucket down (idx=24)
2026/03/11 21:23:33.167072 [INFO]  key: select bucket idx=25
2026/03/11 21:23:33.167074 [INFO]  loadObjects: bucket="clarity-athena-results-mgmt" prefix=""
2026/03/11 21:23:33.167078 [INFO]  S3 ListObjects called bucket="clarity-athena-results-mgmt" prefix=""
2026/03/11 21:23:33.317413 [INFO]  S3 ListObjects returned 0 items
2026/03/11 21:23:33.317445 [DEBUG] loadObjects: 0 objects loaded, rendering
2026/03/11 21:23:33.317449 [DEBUG] render: buckets=50 objects=0 bucketIdx=25 objIdx=0
2026/03/11 21:23:33.401060 [DEBUG] key: bucket down (idx=25)
2026/03/11 21:23:33.401084 [INFO]  key: select bucket idx=26
2026/03/11 21:23:33.401087 [INFO]  loadObjects: bucket="clarity-foundational-engineering" prefix=""
2026/03/11 21:23:33.401091 [INFO]  S3 ListObjects called bucket="clarity-foundational-engineering" prefix=""
2026/03/11 21:23:33.559489 [INFO]  S3 ListObjects returned 20 items
2026/03/11 21:23:33.559506 [DEBUG] loadObjects: 20 objects loaded, rendering
2026/03/11 21:23:33.559508 [DEBUG] render: buckets=50 objects=20 bucketIdx=26 objIdx=0
2026/03/11 21:23:33.623304 [DEBUG] key: bucket down (idx=26)
2026/03/11 21:23:33.623349 [INFO]  key: select bucket idx=27
2026/03/11 21:23:33.623355 [INFO]  loadObjects: bucket="clarity-modal" prefix=""
2026/03/11 21:23:33.623364 [INFO]  S3 ListObjects called bucket="clarity-modal" prefix=""
2026/03/11 21:23:33.791672 [INFO]  S3 ListObjects returned 24 items
2026/03/11 21:23:33.791697 [DEBUG] loadObjects: 24 objects loaded, rendering
2026/03/11 21:23:33.791700 [DEBUG] render: buckets=50 objects=24 bucketIdx=27 objIdx=0
2026/03/11 21:23:33.841185 [DEBUG] key: bucket down (idx=27)
2026/03/11 21:23:33.841228 [INFO]  key: select bucket idx=28
2026/03/11 21:23:33.841234 [INFO]  loadObjects: bucket="clarity-spike-snowflake-iceberg" prefix=""
2026/03/11 21:23:33.841242 [INFO]  S3 ListObjects called bucket="clarity-spike-snowflake-iceberg" prefix=""
2026/03/11 21:23:33.998385 [INFO]  S3 ListObjects returned 1 items
2026/03/11 21:23:33.998408 [DEBUG] loadObjects: 1 objects loaded, rendering
2026/03/11 21:23:33.998409 [DEBUG] render: buckets=50 objects=1 bucketIdx=28 objIdx=0
2026/03/11 21:23:34.057200 [DEBUG] key: bucket down (idx=28)
2026/03/11 21:23:34.057234 [INFO]  key: select bucket idx=29
2026/03/11 21:23:34.057238 [INFO]  loadObjects: bucket="clarity-terraform-state-mgmt-eu-central-1" prefix=""
2026/03/11 21:23:34.057244 [INFO]  S3 ListObjects called bucket="clarity-terraform-state-mgmt-eu-central-1" prefix=""
2026/03/11 21:23:34.226109 [INFO]  S3 ListObjects returned 181 items
2026/03/11 21:23:34.226144 [DEBUG] loadObjects: 181 objects loaded, rendering
2026/03/11 21:23:34.226146 [DEBUG] render: buckets=50 objects=181 bucketIdx=29 objIdx=0
2026/03/11 21:23:34.269240 [DEBUG] key: bucket down (idx=29)
2026/03/11 21:23:34.269268 [INFO]  key: select bucket idx=30
2026/03/11 21:23:34.269272 [INFO]  loadObjects: bucket="clarityai-corpdocs-mgmt" prefix=""
2026/03/11 21:23:34.269276 [INFO]  S3 ListObjects called bucket="clarityai-corpdocs-mgmt" prefix=""
2026/03/11 21:23:34.423427 [INFO]  S3 ListObjects returned 1 items
2026/03/11 21:23:34.423468 [DEBUG] loadObjects: 1 objects loaded, rendering
2026/03/11 21:23:34.423473 [DEBUG] render: buckets=50 objects=1 bucketIdx=30 objIdx=0
2026/03/11 21:23:34.462188 [DEBUG] key: bucket down (idx=30)
2026/03/11 21:23:34.462211 [INFO]  key: select bucket idx=31
2026/03/11 21:23:34.462214 [INFO]  loadObjects: bucket="collected-documents-exchange-clarity-mgmt-pro" prefix=""
2026/03/11 21:23:34.462217 [INFO]  S3 ListObjects called bucket="collected-documents-exchange-clarity-mgmt-pro" prefix=""
2026/03/11 21:23:34.808937 [INFO]  S3 ListObjects returned 441 items
2026/03/11 21:23:34.808956 [DEBUG] loadObjects: 441 objects loaded, rendering
2026/03/11 21:23:34.808958 [DEBUG] render: buckets=50 objects=441 bucketIdx=31 objIdx=0
2026/03/11 21:23:34.810316 [DEBUG] key: bucket down (idx=31)
2026/03/11 21:23:34.810333 [INFO]  key: select bucket idx=32
2026/03/11 21:23:34.810337 [INFO]  loadObjects: bucket="ctool-mgmt" prefix=""
2026/03/11 21:23:34.810342 [INFO]  S3 ListObjects called bucket="ctool-mgmt" prefix=""
2026/03/11 21:23:34.965193 [INFO]  S3 ListObjects returned 4 items
2026/03/11 21:23:34.965215 [DEBUG] loadObjects: 4 objects loaded, rendering
2026/03/11 21:23:34.965218 [DEBUG] render: buckets=50 objects=4 bucketIdx=32 objIdx=0
2026/03/11 21:23:34.965426 [DEBUG] key: bucket down (idx=32)
2026/03/11 21:23:34.965430 [INFO]  key: select bucket idx=33
2026/03/11 21:23:34.965433 [INFO]  loadObjects: bucket="customer-factset-5f16f2bad0f9bd40ae7cf701-clarity" prefix=""
2026/03/11 21:23:34.965437 [INFO]  S3 ListObjects called bucket="customer-factset-5f16f2bad0f9bd40ae7cf701-clarity" prefix=""
2026/03/11 21:23:35.123863 [INFO]  S3 ListObjects returned 1 items
2026/03/11 21:23:35.123908 [DEBUG] loadObjects: 1 objects loaded, rendering
2026/03/11 21:23:35.123914 [DEBUG] render: buckets=50 objects=1 bucketIdx=33 objIdx=0
2026/03/11 21:23:35.599553 [DEBUG] key: bucket down (idx=33)
2026/03/11 21:23:35.599597 [INFO]  key: select bucket idx=34
2026/03/11 21:23:35.599602 [INFO]  loadObjects: bucket="customer-qontigo-5ea9793d3db7f763b99d5e58-clarity" prefix=""
2026/03/11 21:23:35.599623 [INFO]  S3 ListObjects called bucket="customer-qontigo-5ea9793d3db7f763b99d5e58-clarity" prefix=""
2026/03/11 21:23:35.766577 [INFO]  S3 ListObjects returned 7 items
2026/03/11 21:23:35.766615 [DEBUG] loadObjects: 7 objects loaded, rendering
2026/03/11 21:23:35.766617 [DEBUG] render: buckets=50 objects=7 bucketIdx=34 objIdx=0
2026/03/11 21:23:36.149623 [DEBUG] key: bucket down (idx=34)
2026/03/11 21:23:36.149662 [INFO]  key: select bucket idx=35
2026/03/11 21:23:36.149667 [INFO]  loadObjects: bucket="customer-sam-5cc16d0b85e107000135c80c-clarity" prefix=""
2026/03/11 21:23:36.149673 [INFO]  S3 ListObjects called bucket="customer-sam-5cc16d0b85e107000135c80c-clarity" prefix=""
2026/03/11 21:23:36.314654 [INFO]  S3 ListObjects returned 2 items
2026/03/11 21:23:36.314697 [DEBUG] loadObjects: 2 objects loaded, rendering
2026/03/11 21:23:36.314702 [DEBUG] render: buckets=50 objects=2 bucketIdx=35 objIdx=0
2026/03/11 21:23:36.679082 [DEBUG] key: bucket down (idx=35)
2026/03/11 21:23:36.679144 [INFO]  key: select bucket idx=36
2026/03/11 21:23:36.679150 [INFO]  loadObjects: bucket="datadog-backups-mgmt" prefix=""
2026/03/11 21:23:36.679156 [INFO]  S3 ListObjects called bucket="datadog-backups-mgmt" prefix=""
2026/03/11 21:23:36.829543 [INFO]  S3 ListObjects returned 2 items
2026/03/11 21:23:36.829579 [DEBUG] loadObjects: 2 objects loaded, rendering
2026/03/11 21:23:36.829586 [DEBUG] render: buckets=50 objects=2 bucketIdx=36 objIdx=0
2026/03/11 21:23:37.136248 [DEBUG] key: bucket down (idx=36)
2026/03/11 21:23:37.136286 [INFO]  key: select bucket idx=37
2026/03/11 21:23:37.136291 [INFO]  loadObjects: bucket="datadog-log-archive-clarity-mgmt-pro" prefix=""
2026/03/11 21:23:37.136298 [INFO]  S3 ListObjects called bucket="datadog-log-archive-clarity-mgmt-pro" prefix=""
2026/03/11 21:23:37.271181 [INFO]  S3 ListObjects returned 5 items
2026/03/11 21:23:37.271212 [DEBUG] loadObjects: 5 objects loaded, rendering
2026/03/11 21:23:37.271214 [DEBUG] render: buckets=50 objects=5 bucketIdx=37 objIdx=0
2026/03/11 21:23:37.575458 [DEBUG] key: bucket down (idx=37)
2026/03/11 21:23:37.575487 [INFO]  key: select bucket idx=38
2026/03/11 21:23:37.575493 [INFO]  loadObjects: bucket="elasticsearch-clarity-mgmt-pro" prefix=""
2026/03/11 21:23:37.575500 [INFO]  S3 ListObjects called bucket="elasticsearch-clarity-mgmt-pro" prefix=""
2026/03/11 21:23:37.722458 [INFO]  S3 ListObjects returned 7 items
2026/03/11 21:23:37.722480 [DEBUG] loadObjects: 7 objects loaded, rendering
2026/03/11 21:23:37.722482 [DEBUG] render: buckets=50 objects=7 bucketIdx=38 objIdx=0
2026/03/11 21:23:37.931125 [DEBUG] key: bucket down (idx=38)
2026/03/11 21:23:37.931159 [INFO]  key: select bucket idx=39
2026/03/11 21:23:37.931165 [INFO]  loadObjects: bucket="elasticsearch-gitlab" prefix=""
2026/03/11 21:23:37.931172 [INFO]  S3 ListObjects called bucket="elasticsearch-gitlab" prefix=""
2026/03/11 21:23:38.080900 [INFO]  S3 ListObjects returned 0 items
2026/03/11 21:23:38.080925 [DEBUG] loadObjects: 0 objects loaded, rendering
2026/03/11 21:23:38.080928 [DEBUG] render: buckets=50 objects=0 bucketIdx=39 objIdx=0
2026/03/11 21:23:38.153145 [DEBUG] key: bucket up (idx=39)
2026/03/11 21:23:38.153177 [INFO]  key: select bucket idx=38
2026/03/11 21:23:38.153182 [INFO]  loadObjects: bucket="elasticsearch-clarity-mgmt-pro" prefix=""
2026/03/11 21:23:38.153189 [INFO]  S3 ListObjects called bucket="elasticsearch-clarity-mgmt-pro" prefix=""
2026/03/11 21:23:38.204854 [INFO]  S3 ListObjects returned 7 items
2026/03/11 21:23:38.204885 [DEBUG] loadObjects: 7 objects loaded, rendering
2026/03/11 21:23:38.204890 [DEBUG] render: buckets=50 objects=7 bucketIdx=38 objIdx=0
2026/03/11 21:23:38.321839 [DEBUG] key: bucket up (idx=38)
2026/03/11 21:23:38.321895 [INFO]  key: select bucket idx=37
2026/03/11 21:23:38.321899 [INFO]  loadObjects: bucket="datadog-log-archive-clarity-mgmt-pro" prefix=""
2026/03/11 21:23:38.321905 [INFO]  S3 ListObjects called bucket="datadog-log-archive-clarity-mgmt-pro" prefix=""
2026/03/11 21:23:38.379277 [INFO]  S3 ListObjects returned 5 items
2026/03/11 21:23:38.379328 [DEBUG] loadObjects: 5 objects loaded, rendering
2026/03/11 21:23:38.379334 [DEBUG] render: buckets=50 objects=5 bucketIdx=37 objIdx=0
2026/03/11 21:23:38.467175 [DEBUG] key: bucket up (idx=37)
2026/03/11 21:23:38.467202 [INFO]  key: select bucket idx=36
2026/03/11 21:23:38.467206 [INFO]  loadObjects: bucket="datadog-backups-mgmt" prefix=""
2026/03/11 21:23:38.467212 [INFO]  S3 ListObjects called bucket="datadog-backups-mgmt" prefix=""
2026/03/11 21:23:38.517392 [INFO]  S3 ListObjects returned 2 items
2026/03/11 21:23:38.517425 [DEBUG] loadObjects: 2 objects loaded, rendering
2026/03/11 21:23:38.517430 [DEBUG] render: buckets=50 objects=2 bucketIdx=36 objIdx=0
2026/03/11 21:23:38.702798 [DEBUG] key: bucket down (idx=36)
2026/03/11 21:23:38.702818 [INFO]  key: select bucket idx=37
2026/03/11 21:23:38.702821 [INFO]  loadObjects: bucket="datadog-log-archive-clarity-mgmt-pro" prefix=""
2026/03/11 21:23:38.702823 [INFO]  S3 ListObjects called bucket="datadog-log-archive-clarity-mgmt-pro" prefix=""
2026/03/11 21:23:38.765466 [INFO]  S3 ListObjects returned 5 items
2026/03/11 21:23:38.765506 [DEBUG] loadObjects: 5 objects loaded, rendering
2026/03/11 21:23:38.765511 [DEBUG] render: buckets=50 objects=5 bucketIdx=37 objIdx=0
2026/03/11 21:23:38.854517 [DEBUG] key: bucket down (idx=37)
2026/03/11 21:23:38.854547 [INFO]  key: select bucket idx=38
2026/03/11 21:23:38.854551 [INFO]  loadObjects: bucket="elasticsearch-clarity-mgmt-pro" prefix=""
2026/03/11 21:23:38.854556 [INFO]  S3 ListObjects called bucket="elasticsearch-clarity-mgmt-pro" prefix=""
2026/03/11 21:23:38.907274 [INFO]  S3 ListObjects returned 7 items
2026/03/11 21:23:38.907302 [DEBUG] loadObjects: 7 objects loaded, rendering
2026/03/11 21:23:38.907305 [DEBUG] render: buckets=50 objects=7 bucketIdx=38 objIdx=0
2026/03/11 21:23:39.021511 [DEBUG] key: bucket down (idx=38)
2026/03/11 21:23:39.021543 [INFO]  key: select bucket idx=39
2026/03/11 21:23:39.021546 [INFO]  loadObjects: bucket="elasticsearch-gitlab" prefix=""
2026/03/11 21:23:39.021550 [INFO]  S3 ListObjects called bucket="elasticsearch-gitlab" prefix=""
2026/03/11 21:23:39.075076 [INFO]  S3 ListObjects returned 0 items
2026/03/11 21:23:39.075104 [DEBUG] loadObjects: 0 objects loaded, rendering
2026/03/11 21:23:39.075107 [DEBUG] render: buckets=50 objects=0 bucketIdx=39 objIdx=0
2026/03/11 21:23:39.214155 [DEBUG] key: bucket down (idx=39)
2026/03/11 21:23:39.214176 [INFO]  key: select bucket idx=40
2026/03/11 21:23:39.214178 [INFO]  loadObjects: bucket="elb-access-logs-clarity-mgmt-pro" prefix=""
2026/03/11 21:23:39.214182 [INFO]  S3 ListObjects called bucket="elb-access-logs-clarity-mgmt-pro" prefix=""
2026/03/11 21:23:39.368905 [INFO]  S3 ListObjects returned 6 items
2026/03/11 21:23:39.369119 [DEBUG] loadObjects: 6 objects loaded, rendering
2026/03/11 21:23:39.369129 [DEBUG] render: buckets=50 objects=6 bucketIdx=40 objIdx=0
2026/03/11 21:23:39.382802 [DEBUG] key: bucket down (idx=40)
2026/03/11 21:23:39.382828 [INFO]  key: select bucket idx=41
2026/03/11 21:23:39.382832 [INFO]  loadObjects: bucket="exposures-ingestion-mgmt-pro" prefix=""
2026/03/11 21:23:39.382836 [INFO]  S3 ListObjects called bucket="exposures-ingestion-mgmt-pro" prefix=""
2026/03/11 21:23:39.535613 [INFO]  S3 ListObjects returned 2 items
2026/03/11 21:23:39.535641 [DEBUG] loadObjects: 2 objects loaded, rendering
2026/03/11 21:23:39.535644 [DEBUG] render: buckets=50 objects=2 bucketIdx=41 objIdx=0
2026/03/11 21:23:39.575806 [DEBUG] key: bucket down (idx=41)
2026/03/11 21:23:39.575833 [INFO]  key: select bucket idx=42
2026/03/11 21:23:39.575838 [INFO]  loadObjects: bucket="external-efront-clarity-mgmt-pro" prefix=""
2026/03/11 21:23:39.575844 [INFO]  S3 ListObjects called bucket="external-efront-clarity-mgmt-pro" prefix=""
2026/03/11 21:23:39.732155 [INFO]  S3 ListObjects returned 1 items
2026/03/11 21:23:39.732193 [DEBUG] loadObjects: 1 objects loaded, rendering
2026/03/11 21:23:39.732199 [DEBUG] render: buckets=50 objects=1 bucketIdx=42 objIdx=0
2026/03/11 21:23:39.744028 [DEBUG] key: bucket down (idx=42)
2026/03/11 21:23:39.744049 [INFO]  key: select bucket idx=43
2026/03/11 21:23:39.744055 [INFO]  loadObjects: bucket="external-refinitiv-clarity-mgmt-pro" prefix=""
2026/03/11 21:23:39.744063 [INFO]  S3 ListObjects called bucket="external-refinitiv-clarity-mgmt-pro" prefix=""
2026/03/11 21:23:39.891781 [INFO]  S3 ListObjects returned 2 items
2026/03/11 21:23:39.891800 [DEBUG] loadObjects: 2 objects loaded, rendering
2026/03/11 21:23:39.891801 [DEBUG] render: buckets=50 objects=2 bucketIdx=43 objIdx=0
2026/03/11 21:23:39.912673 [DEBUG] key: bucket down (idx=43)
2026/03/11 21:23:39.912696 [INFO]  key: select bucket idx=44
2026/03/11 21:23:39.912699 [INFO]  loadObjects: bucket="forge-reports-mgmt" prefix=""
2026/03/11 21:23:39.912704 [INFO]  S3 ListObjects called bucket="forge-reports-mgmt" prefix=""
2026/03/11 21:23:40.065301 [INFO]  S3 ListObjects returned 1 items
2026/03/11 21:23:40.065338 [DEBUG] loadObjects: 1 objects loaded, rendering
2026/03/11 21:23:40.065344 [DEBUG] render: buckets=50 objects=1 bucketIdx=44 objIdx=0
2026/03/11 21:23:40.106180 [DEBUG] key: bucket down (idx=44)
2026/03/11 21:23:40.106231 [INFO]  key: select bucket idx=45
2026/03/11 21:23:40.106238 [INFO]  loadObjects: bucket="gitlabbackup-clarity-mgmt-pro" prefix=""
2026/03/11 21:23:40.106248 [INFO]  S3 ListObjects called bucket="gitlabbackup-clarity-mgmt-pro" prefix=""
2026/03/11 21:23:40.260290 [INFO]  S3 ListObjects returned 0 items
2026/03/11 21:23:40.260320 [DEBUG] loadObjects: 0 objects loaded, rendering
2026/03/11 21:23:40.260327 [DEBUG] render: buckets=50 objects=0 bucketIdx=45 objIdx=0
2026/03/11 21:23:40.293949 [DEBUG] key: bucket down (idx=45)
2026/03/11 21:23:40.293973 [INFO]  key: select bucket idx=46
2026/03/11 21:23:40.293979 [INFO]  loadObjects: bucket="gitlabrunners-clarity-mgmt-pro" prefix=""
2026/03/11 21:23:40.293986 [INFO]  S3 ListObjects called bucket="gitlabrunners-clarity-mgmt-pro" prefix=""
2026/03/11 21:23:40.686408 [INFO]  S3 ListObjects returned 161 items
2026/03/11 21:23:40.686457 [DEBUG] loadObjects: 161 objects loaded, rendering
2026/03/11 21:23:40.686462 [DEBUG] render: buckets=50 objects=161 bucketIdx=46 objIdx=0
2026/03/11 21:23:40.686707 [DEBUG] key: bucket down (idx=46)
2026/03/11 21:23:40.686712 [INFO]  key: select bucket idx=47
2026/03/11 21:23:40.686716 [INFO]  loadObjects: bucket="igloo-extractions-clarity-mgmt-pro" prefix=""
2026/03/11 21:23:40.686722 [INFO]  S3 ListObjects called bucket="igloo-extractions-clarity-mgmt-pro" prefix=""
2026/03/11 21:23:40.850050 [INFO]  S3 ListObjects returned 1 items
2026/03/11 21:23:40.850077 [DEBUG] loadObjects: 1 objects loaded, rendering
2026/03/11 21:23:40.850081 [DEBUG] render: buckets=50 objects=1 bucketIdx=47 objIdx=0
2026/03/11 21:23:40.850318 [DEBUG] key: bucket down (idx=47)
2026/03/11 21:23:40.850327 [INFO]  key: select bucket idx=48
2026/03/11 21:23:40.850331 [INFO]  loadObjects: bucket="igloo-ml-exchange-clarity-mgmt-pro" prefix=""
2026/03/11 21:23:40.850335 [INFO]  S3 ListObjects called bucket="igloo-ml-exchange-clarity-mgmt-pro" prefix=""
2026/03/11 21:23:41.029644 [INFO]  S3 ListObjects returned 2 items
2026/03/11 21:23:41.029693 [DEBUG] loadObjects: 2 objects loaded, rendering
2026/03/11 21:23:41.029699 [DEBUG] render: buckets=50 objects=2 bucketIdx=48 objIdx=0
2026/03/11 21:23:41.029911 [DEBUG] key: bucket up (idx=48)
2026/03/11 21:23:41.029916 [INFO]  key: select bucket idx=47
2026/03/11 21:23:41.029920 [INFO]  loadObjects: bucket="igloo-extractions-clarity-mgmt-pro" prefix=""
2026/03/11 21:23:41.029926 [INFO]  S3 ListObjects called bucket="igloo-extractions-clarity-mgmt-pro" prefix=""
2026/03/11 21:23:41.084017 [INFO]  S3 ListObjects returned 1 items
2026/03/11 21:23:41.084061 [DEBUG] loadObjects: 1 objects loaded, rendering
2026/03/11 21:23:41.084066 [DEBUG] render: buckets=50 objects=1 bucketIdx=47 objIdx=0
2026/03/11 21:23:41.084296 [DEBUG] key: bucket up (idx=47)
2026/03/11 21:23:41.084305 [INFO]  key: select bucket idx=46
2026/03/11 21:23:41.084309 [INFO]  loadObjects: bucket="gitlabrunners-clarity-mgmt-pro" prefix=""
2026/03/11 21:23:41.084315 [INFO]  S3 ListObjects called bucket="gitlabrunners-clarity-mgmt-pro" prefix=""
2026/03/11 21:23:41.324213 [INFO]  S3 ListObjects returned 161 items
2026/03/11 21:23:41.324223 [DEBUG] loadObjects: 161 objects loaded, rendering
2026/03/11 21:23:41.324224 [DEBUG] render: buckets=50 objects=161 bucketIdx=46 objIdx=0
2026/03/11 21:23:41.324349 [DEBUG] key: bucket up (idx=46)
2026/03/11 21:23:41.324351 [INFO]  key: select bucket idx=45
2026/03/11 21:23:41.324353 [INFO]  loadObjects: bucket="gitlabbackup-clarity-mgmt-pro" prefix=""
2026/03/11 21:23:41.324355 [INFO]  S3 ListObjects called bucket="gitlabbackup-clarity-mgmt-pro" prefix=""
2026/03/11 21:23:41.373992 [INFO]  S3 ListObjects returned 0 items
2026/03/11 21:23:41.374021 [DEBUG] loadObjects: 0 objects loaded, rendering
2026/03/11 21:23:41.374027 [DEBUG] render: buckets=50 objects=0 bucketIdx=45 objIdx=0
2026/03/11 21:23:41.374257 [DEBUG] key: bucket up (idx=45)
2026/03/11 21:23:41.374266 [INFO]  key: select bucket idx=44
2026/03/11 21:23:41.374271 [INFO]  loadObjects: bucket="forge-reports-mgmt" prefix=""
2026/03/11 21:23:41.374317 [INFO]  S3 ListObjects called bucket="forge-reports-mgmt" prefix=""
2026/03/11 21:23:41.424272 [INFO]  S3 ListObjects returned 1 items
2026/03/11 21:23:41.424306 [DEBUG] loadObjects: 1 objects loaded, rendering
2026/03/11 21:23:41.424310 [DEBUG] render: buckets=50 objects=1 bucketIdx=44 objIdx=0
2026/03/11 21:23:41.696153 [DEBUG] key: bucket down (idx=44)
2026/03/11 21:23:41.696198 [INFO]  key: select bucket idx=45
2026/03/11 21:23:41.696206 [INFO]  loadObjects: bucket="gitlabbackup-clarity-mgmt-pro" prefix=""
2026/03/11 21:23:41.696214 [INFO]  S3 ListObjects called bucket="gitlabbackup-clarity-mgmt-pro" prefix=""
2026/03/11 21:23:41.754701 [INFO]  S3 ListObjects returned 0 items
2026/03/11 21:23:41.754730 [DEBUG] loadObjects: 0 objects loaded, rendering
2026/03/11 21:23:41.754735 [DEBUG] render: buckets=50 objects=0 bucketIdx=45 objIdx=0
2026/03/11 21:23:41.866525 [DEBUG] key: bucket down (idx=45)
2026/03/11 21:23:41.866552 [INFO]  key: select bucket idx=46
2026/03/11 21:23:41.866558 [INFO]  loadObjects: bucket="gitlabrunners-clarity-mgmt-pro" prefix=""
2026/03/11 21:23:41.866567 [INFO]  S3 ListObjects called bucket="gitlabrunners-clarity-mgmt-pro" prefix=""
2026/03/11 21:23:42.056106 [INFO]  S3 ListObjects returned 161 items
2026/03/11 21:23:42.056141 [DEBUG] loadObjects: 161 objects loaded, rendering
2026/03/11 21:23:42.056146 [DEBUG] render: buckets=50 objects=161 bucketIdx=46 objIdx=0
2026/03/11 21:23:42.056688 [DEBUG] key: bucket down (idx=46)
2026/03/11 21:23:42.056695 [INFO]  key: select bucket idx=47
2026/03/11 21:23:42.056700 [INFO]  loadObjects: bucket="igloo-extractions-clarity-mgmt-pro" prefix=""
2026/03/11 21:23:42.056706 [INFO]  S3 ListObjects called bucket="igloo-extractions-clarity-mgmt-pro" prefix=""
2026/03/11 21:23:42.112691 [INFO]  S3 ListObjects returned 1 items
2026/03/11 21:23:42.112710 [DEBUG] loadObjects: 1 objects loaded, rendering
2026/03/11 21:23:42.112715 [DEBUG] render: buckets=50 objects=1 bucketIdx=47 objIdx=0
2026/03/11 21:23:42.156958 [DEBUG] key: bucket down (idx=47)
2026/03/11 21:23:42.156996 [INFO]  key: select bucket idx=48
2026/03/11 21:23:42.157002 [INFO]  loadObjects: bucket="igloo-ml-exchange-clarity-mgmt-pro" prefix=""
2026/03/11 21:23:42.157009 [INFO]  S3 ListObjects called bucket="igloo-ml-exchange-clarity-mgmt-pro" prefix=""
2026/03/11 21:23:42.215340 [INFO]  S3 ListObjects returned 2 items
2026/03/11 21:23:42.215377 [DEBUG] loadObjects: 2 objects loaded, rendering
2026/03/11 21:23:42.215385 [DEBUG] render: buckets=50 objects=2 bucketIdx=48 objIdx=0
2026/03/11 21:23:42.323841 [DEBUG] key: bucket down (idx=48)
2026/03/11 21:23:42.323856 [INFO]  key: select bucket idx=49
2026/03/11 21:23:42.323862 [INFO]  loadObjects: bucket="images-clarity-mgmt-pro" prefix=""
2026/03/11 21:23:42.323868 [INFO]  S3 ListObjects called bucket="images-clarity-mgmt-pro" prefix=""
2026/03/11 21:23:42.483277 [INFO]  S3 ListObjects returned 2 items
2026/03/11 21:23:42.483301 [DEBUG] loadObjects: 2 objects loaded, rendering
2026/03/11 21:23:42.483307 [DEBUG] render: buckets=50 objects=2 bucketIdx=49 objIdx=0
2026/03/11 21:23:42.483449 [DEBUG] key: bucket down (idx=49)
2026/03/11 21:23:42.638953 [DEBUG] key: bucket down (idx=49)
2026/03/11 21:23:42.783835 [DEBUG] key: bucket down (idx=49)
2026/03/11 21:23:42.952005 [DEBUG] key: bucket down (idx=49)
2026/03/11 21:23:43.071605 [DEBUG] key: bucket down (idx=49)
2026/03/11 21:23:43.459060 [DEBUG] key: bucket up (idx=49)
2026/03/11 21:23:43.459101 [INFO]  key: select bucket idx=48
2026/03/11 21:23:43.459106 [INFO]  loadObjects: bucket="igloo-ml-exchange-clarity-mgmt-pro" prefix=""
2026/03/11 21:23:43.459111 [INFO]  S3 ListObjects called bucket="igloo-ml-exchange-clarity-mgmt-pro" prefix=""
2026/03/11 21:23:43.525710 [INFO]  S3 ListObjects returned 2 items
2026/03/11 21:23:43.525747 [DEBUG] loadObjects: 2 objects loaded, rendering
2026/03/11 21:23:43.525752 [DEBUG] render: buckets=50 objects=2 bucketIdx=48 objIdx=0
2026/03/11 21:23:44.060165 [DEBUG] key: bucket up (idx=48)
2026/03/11 21:23:44.060232 [INFO]  key: select bucket idx=47
2026/03/11 21:23:44.060238 [INFO]  loadObjects: bucket="igloo-extractions-clarity-mgmt-pro" prefix=""
2026/03/11 21:23:44.060243 [INFO]  S3 ListObjects called bucket="igloo-extractions-clarity-mgmt-pro" prefix=""
2026/03/11 21:23:44.124734 [INFO]  S3 ListObjects returned 1 items
2026/03/11 21:23:44.124756 [DEBUG] loadObjects: 1 objects loaded, rendering
2026/03/11 21:23:44.124760 [DEBUG] render: buckets=50 objects=1 bucketIdx=47 objIdx=0
2026/03/11 21:23:44.124903 [DEBUG] key: bucket up (idx=47)
2026/03/11 21:23:44.124906 [INFO]  key: select bucket idx=46
2026/03/11 21:23:44.124909 [INFO]  loadObjects: bucket="gitlabrunners-clarity-mgmt-pro" prefix=""
2026/03/11 21:23:44.124913 [INFO]  S3 ListObjects called bucket="gitlabrunners-clarity-mgmt-pro" prefix=""
2026/03/11 21:23:44.395695 [INFO]  S3 ListObjects returned 161 items
2026/03/11 21:23:44.395726 [DEBUG] loadObjects: 161 objects loaded, rendering
2026/03/11 21:23:44.395727 [DEBUG] render: buckets=50 objects=161 bucketIdx=46 objIdx=0
2026/03/11 21:23:44.396185 [DEBUG] key: bucket up (idx=46)
2026/03/11 21:23:44.396196 [INFO]  key: select bucket idx=45
2026/03/11 21:23:44.396198 [INFO]  loadObjects: bucket="gitlabbackup-clarity-mgmt-pro" prefix=""
2026/03/11 21:23:44.396200 [INFO]  S3 ListObjects called bucket="gitlabbackup-clarity-mgmt-pro" prefix=""
2026/03/11 21:23:44.447026 [INFO]  S3 ListObjects returned 0 items
2026/03/11 21:23:44.447058 [DEBUG] loadObjects: 0 objects loaded, rendering
2026/03/11 21:23:44.447062 [DEBUG] render: buckets=50 objects=0 bucketIdx=45 objIdx=0
2026/03/11 21:23:44.447294 [DEBUG] key: bucket up (idx=45)
2026/03/11 21:23:44.447309 [INFO]  key: select bucket idx=44
2026/03/11 21:23:44.447313 [INFO]  loadObjects: bucket="forge-reports-mgmt" prefix=""
2026/03/11 21:23:44.447319 [INFO]  S3 ListObjects called bucket="forge-reports-mgmt" prefix=""
2026/03/11 21:23:44.500854 [INFO]  S3 ListObjects returned 1 items
2026/03/11 21:23:44.500875 [DEBUG] loadObjects: 1 objects loaded, rendering
2026/03/11 21:23:44.500879 [DEBUG] render: buckets=50 objects=1 bucketIdx=44 objIdx=0
2026/03/11 21:23:44.501049 [DEBUG] key: bucket up (idx=44)
2026/03/11 21:23:44.501052 [INFO]  key: select bucket idx=43
2026/03/11 21:23:44.501055 [INFO]  loadObjects: bucket="external-refinitiv-clarity-mgmt-pro" prefix=""
2026/03/11 21:23:44.501059 [INFO]  S3 ListObjects called bucket="external-refinitiv-clarity-mgmt-pro" prefix=""
2026/03/11 21:23:44.549213 [INFO]  S3 ListObjects returned 2 items
2026/03/11 21:23:44.549243 [DEBUG] loadObjects: 2 objects loaded, rendering
2026/03/11 21:23:44.549248 [DEBUG] render: buckets=50 objects=2 bucketIdx=43 objIdx=0
2026/03/11 21:23:44.549451 [DEBUG] key: bucket up (idx=43)
2026/03/11 21:23:44.549457 [INFO]  key: select bucket idx=42
2026/03/11 21:23:44.549461 [INFO]  loadObjects: bucket="external-efront-clarity-mgmt-pro" prefix=""
2026/03/11 21:23:44.549467 [INFO]  S3 ListObjects called bucket="external-efront-clarity-mgmt-pro" prefix=""
2026/03/11 21:23:44.604605 [INFO]  S3 ListObjects returned 1 items
2026/03/11 21:23:44.604631 [DEBUG] loadObjects: 1 objects loaded, rendering
2026/03/11 21:23:44.604635 [DEBUG] render: buckets=50 objects=1 bucketIdx=42 objIdx=0
2026/03/11 21:23:44.604784 [DEBUG] key: bucket up (idx=42)
2026/03/11 21:23:44.604788 [INFO]  key: select bucket idx=41
2026/03/11 21:23:44.604791 [INFO]  loadObjects: bucket="exposures-ingestion-mgmt-pro" prefix=""
2026/03/11 21:23:44.604795 [INFO]  S3 ListObjects called bucket="exposures-ingestion-mgmt-pro" prefix=""
2026/03/11 21:23:44.660718 [INFO]  S3 ListObjects returned 2 items
2026/03/11 21:23:44.660734 [DEBUG] loadObjects: 2 objects loaded, rendering
2026/03/11 21:23:44.660736 [DEBUG] render: buckets=50 objects=2 bucketIdx=41 objIdx=0
2026/03/11 21:23:44.660826 [DEBUG] key: bucket up (idx=41)
2026/03/11 21:23:44.660827 [INFO]  key: select bucket idx=40
2026/03/11 21:23:44.660829 [INFO]  loadObjects: bucket="elb-access-logs-clarity-mgmt-pro" prefix=""
2026/03/11 21:23:44.660831 [INFO]  S3 ListObjects called bucket="elb-access-logs-clarity-mgmt-pro" prefix=""
2026/03/11 21:23:44.717276 [INFO]  S3 ListObjects returned 6 items
2026/03/11 21:23:44.717309 [DEBUG] loadObjects: 6 objects loaded, rendering
2026/03/11 21:23:44.717312 [DEBUG] render: buckets=50 objects=6 bucketIdx=40 objIdx=0
2026/03/11 21:23:44.717519 [DEBUG] key: bucket up (idx=40)
2026/03/11 21:23:44.717523 [INFO]  key: select bucket idx=39
2026/03/11 21:23:44.717526 [INFO]  loadObjects: bucket="elasticsearch-gitlab" prefix=""
2026/03/11 21:23:44.717531 [INFO]  S3 ListObjects called bucket="elasticsearch-gitlab" prefix=""
2026/03/11 21:23:44.767649 [INFO]  S3 ListObjects returned 0 items
2026/03/11 21:23:44.767674 [DEBUG] loadObjects: 0 objects loaded, rendering
2026/03/11 21:23:44.767677 [DEBUG] render: buckets=50 objects=0 bucketIdx=39 objIdx=0
2026/03/11 21:23:44.767852 [DEBUG] key: bucket up (idx=39)
2026/03/11 21:23:44.767856 [INFO]  key: select bucket idx=38
2026/03/11 21:23:44.767859 [INFO]  loadObjects: bucket="elasticsearch-clarity-mgmt-pro" prefix=""
2026/03/11 21:23:44.767863 [INFO]  S3 ListObjects called bucket="elasticsearch-clarity-mgmt-pro" prefix=""
2026/03/11 21:23:44.819772 [INFO]  S3 ListObjects returned 7 items
2026/03/11 21:23:44.819797 [DEBUG] loadObjects: 7 objects loaded, rendering
2026/03/11 21:23:44.819800 [DEBUG] render: buckets=50 objects=7 bucketIdx=38 objIdx=0
2026/03/11 21:23:44.820281 [DEBUG] key: bucket up (idx=38)
2026/03/11 21:23:44.820440 [INFO]  key: select bucket idx=37
2026/03/11 21:23:44.820445 [INFO]  loadObjects: bucket="datadog-log-archive-clarity-mgmt-pro" prefix=""
2026/03/11 21:23:44.820450 [INFO]  S3 ListObjects called bucket="datadog-log-archive-clarity-mgmt-pro" prefix=""
2026/03/11 21:23:44.985158 [INFO]  S3 ListObjects returned 5 items
2026/03/11 21:23:44.985251 [DEBUG] loadObjects: 5 objects loaded, rendering
2026/03/11 21:23:44.985260 [DEBUG] render: buckets=50 objects=5 bucketIdx=37 objIdx=0
2026/03/11 21:23:44.985471 [DEBUG] key: bucket up (idx=37)
2026/03/11 21:23:44.985475 [INFO]  key: select bucket idx=36
2026/03/11 21:23:44.985478 [INFO]  loadObjects: bucket="datadog-backups-mgmt" prefix=""
2026/03/11 21:23:44.985482 [INFO]  S3 ListObjects called bucket="datadog-backups-mgmt" prefix=""
2026/03/11 21:23:45.151759 [INFO]  S3 ListObjects returned 2 items
2026/03/11 21:23:45.151788 [DEBUG] loadObjects: 2 objects loaded, rendering
2026/03/11 21:23:45.151794 [DEBUG] render: buckets=50 objects=2 bucketIdx=36 objIdx=0
2026/03/11 21:23:45.151987 [DEBUG] key: bucket up (idx=36)
2026/03/11 21:23:45.151992 [INFO]  key: select bucket idx=35
2026/03/11 21:23:45.151996 [INFO]  loadObjects: bucket="customer-sam-5cc16d0b85e107000135c80c-clarity" prefix=""
2026/03/11 21:23:45.152002 [INFO]  S3 ListObjects called bucket="customer-sam-5cc16d0b85e107000135c80c-clarity" prefix=""
2026/03/11 21:23:45.323641 [INFO]  S3 ListObjects returned 2 items
2026/03/11 21:23:45.323661 [DEBUG] loadObjects: 2 objects loaded, rendering
2026/03/11 21:23:45.323664 [DEBUG] render: buckets=50 objects=2 bucketIdx=35 objIdx=0
2026/03/11 21:23:45.323818 [DEBUG] key: bucket up (idx=35)
2026/03/11 21:23:45.323824 [INFO]  key: select bucket idx=34
2026/03/11 21:23:45.323828 [INFO]  loadObjects: bucket="customer-qontigo-5ea9793d3db7f763b99d5e58-clarity" prefix=""
2026/03/11 21:23:45.323834 [INFO]  S3 ListObjects called bucket="customer-qontigo-5ea9793d3db7f763b99d5e58-clarity" prefix=""
2026/03/11 21:23:45.481821 [INFO]  S3 ListObjects returned 7 items
2026/03/11 21:23:45.481843 [DEBUG] loadObjects: 7 objects loaded, rendering
2026/03/11 21:23:45.481847 [DEBUG] render: buckets=50 objects=7 bucketIdx=34 objIdx=0
2026/03/11 21:23:45.481999 [DEBUG] key: bucket up (idx=34)
2026/03/11 21:23:45.482002 [INFO]  key: select bucket idx=33
2026/03/11 21:23:45.482005 [INFO]  loadObjects: bucket="customer-factset-5f16f2bad0f9bd40ae7cf701-clarity" prefix=""
2026/03/11 21:23:45.482009 [INFO]  S3 ListObjects called bucket="customer-factset-5f16f2bad0f9bd40ae7cf701-clarity" prefix=""
2026/03/11 21:23:45.646420 [INFO]  S3 ListObjects returned 1 items
2026/03/11 21:23:45.646450 [DEBUG] loadObjects: 1 objects loaded, rendering
2026/03/11 21:23:45.646478 [DEBUG] render: buckets=50 objects=1 bucketIdx=33 objIdx=0
2026/03/11 21:23:45.646624 [DEBUG] key: bucket up (idx=33)
2026/03/11 21:23:45.646628 [INFO]  key: select bucket idx=32
2026/03/11 21:23:45.646632 [INFO]  loadObjects: bucket="ctool-mgmt" prefix=""
2026/03/11 21:23:45.646637 [INFO]  S3 ListObjects called bucket="ctool-mgmt" prefix=""
2026/03/11 21:23:45.794522 [INFO]  S3 ListObjects returned 4 items
2026/03/11 21:23:45.794551 [DEBUG] loadObjects: 4 objects loaded, rendering
2026/03/11 21:23:45.794554 [DEBUG] render: buckets=50 objects=4 bucketIdx=32 objIdx=0
2026/03/11 21:23:45.794710 [DEBUG] key: bucket up (idx=32)
2026/03/11 21:23:45.794713 [INFO]  key: select bucket idx=31
2026/03/11 21:23:45.794716 [INFO]  loadObjects: bucket="collected-documents-exchange-clarity-mgmt-pro" prefix=""
2026/03/11 21:23:45.794720 [INFO]  S3 ListObjects called bucket="collected-documents-exchange-clarity-mgmt-pro" prefix=""
2026/03/11 21:23:46.076421 [INFO]  S3 ListObjects returned 441 items
2026/03/11 21:23:46.076440 [DEBUG] loadObjects: 441 objects loaded, rendering
2026/03/11 21:23:46.076441 [DEBUG] render: buckets=50 objects=441 bucketIdx=31 objIdx=0
2026/03/11 21:23:46.077474 [DEBUG] key: bucket up (idx=31)
2026/03/11 21:23:46.077483 [INFO]  key: select bucket idx=30
2026/03/11 21:23:46.077485 [INFO]  loadObjects: bucket="clarityai-corpdocs-mgmt" prefix=""
2026/03/11 21:23:46.077487 [INFO]  S3 ListObjects called bucket="clarityai-corpdocs-mgmt" prefix=""
2026/03/11 21:23:46.228667 [INFO]  S3 ListObjects returned 1 items
2026/03/11 21:23:46.228688 [DEBUG] loadObjects: 1 objects loaded, rendering
2026/03/11 21:23:46.228690 [DEBUG] render: buckets=50 objects=1 bucketIdx=30 objIdx=0
2026/03/11 21:23:46.228784 [DEBUG] key: bucket up (idx=30)
2026/03/11 21:23:46.228786 [INFO]  key: select bucket idx=29
2026/03/11 21:23:46.228787 [INFO]  loadObjects: bucket="clarity-terraform-state-mgmt-eu-central-1" prefix=""
2026/03/11 21:23:46.228789 [INFO]  S3 ListObjects called bucket="clarity-terraform-state-mgmt-eu-central-1" prefix=""
2026/03/11 21:23:46.394485 [INFO]  S3 ListObjects returned 181 items
2026/03/11 21:23:46.394510 [DEBUG] loadObjects: 181 objects loaded, rendering
2026/03/11 21:23:46.394514 [DEBUG] render: buckets=50 objects=181 bucketIdx=29 objIdx=0
2026/03/11 21:23:46.395574 [DEBUG] key: bucket up (idx=29)
2026/03/11 21:23:46.395766 [INFO]  key: select bucket idx=28
2026/03/11 21:23:46.395777 [INFO]  loadObjects: bucket="clarity-spike-snowflake-iceberg" prefix=""
2026/03/11 21:23:46.395783 [INFO]  S3 ListObjects called bucket="clarity-spike-snowflake-iceberg" prefix=""
2026/03/11 21:23:46.558746 [INFO]  S3 ListObjects returned 1 items
2026/03/11 21:23:46.558771 [DEBUG] loadObjects: 1 objects loaded, rendering
2026/03/11 21:23:46.558775 [DEBUG] render: buckets=50 objects=1 bucketIdx=28 objIdx=0
2026/03/11 21:23:46.558942 [DEBUG] key: bucket up (idx=28)
2026/03/11 21:23:46.558948 [INFO]  key: select bucket idx=27
2026/03/11 21:23:46.558951 [INFO]  loadObjects: bucket="clarity-modal" prefix=""
2026/03/11 21:23:46.558955 [INFO]  S3 ListObjects called bucket="clarity-modal" prefix=""
2026/03/11 21:23:46.724810 [INFO]  S3 ListObjects returned 24 items
2026/03/11 21:23:46.724834 [DEBUG] loadObjects: 24 objects loaded, rendering
2026/03/11 21:23:46.724838 [DEBUG] render: buckets=50 objects=24 bucketIdx=27 objIdx=0
2026/03/11 21:23:46.725059 [DEBUG] key: bucket up (idx=27)
2026/03/11 21:23:46.725062 [INFO]  key: select bucket idx=26
2026/03/11 21:23:46.725065 [INFO]  loadObjects: bucket="clarity-foundational-engineering" prefix=""
2026/03/11 21:23:46.725069 [INFO]  S3 ListObjects called bucket="clarity-foundational-engineering" prefix=""
2026/03/11 21:23:46.881891 [INFO]  S3 ListObjects returned 20 items
2026/03/11 21:23:46.881913 [DEBUG] loadObjects: 20 objects loaded, rendering
2026/03/11 21:23:46.881916 [DEBUG] render: buckets=50 objects=20 bucketIdx=26 objIdx=0
2026/03/11 21:23:46.882204 [DEBUG] key: bucket up (idx=26)
2026/03/11 21:23:46.882210 [INFO]  key: select bucket idx=25
2026/03/11 21:23:46.882226 [INFO]  loadObjects: bucket="clarity-athena-results-mgmt" prefix=""
2026/03/11 21:23:46.882230 [INFO]  S3 ListObjects called bucket="clarity-athena-results-mgmt" prefix=""
2026/03/11 21:23:47.039886 [INFO]  S3 ListObjects returned 0 items
2026/03/11 21:23:47.039921 [DEBUG] loadObjects: 0 objects loaded, rendering
2026/03/11 21:23:47.039926 [DEBUG] render: buckets=50 objects=0 bucketIdx=25 objIdx=0
2026/03/11 21:23:47.040208 [DEBUG] key: bucket up (idx=25)
2026/03/11 21:23:47.040217 [INFO]  key: select bucket idx=24
2026/03/11 21:23:47.040221 [INFO]  loadObjects: bucket="clarity-ai-mgmt-buck-64b25806" prefix=""
2026/03/11 21:23:47.040227 [INFO]  S3 ListObjects called bucket="clarity-ai-mgmt-buck-64b25806" prefix=""
2026/03/11 21:23:47.193779 [INFO]  S3 ListObjects returned 0 items
2026/03/11 21:23:47.193802 [DEBUG] loadObjects: 0 objects loaded, rendering
2026/03/11 21:23:47.193805 [DEBUG] render: buckets=50 objects=0 bucketIdx=24 objIdx=0
2026/03/11 21:23:47.194168 [DEBUG] key: bucket up (idx=24)
2026/03/11 21:23:47.194180 [INFO]  key: select bucket idx=23
2026/03/11 21:23:47.194184 [INFO]  loadObjects: bucket="clar-streamlit-app-buck-mgmt" prefix=""
2026/03/11 21:23:47.194191 [INFO]  S3 ListObjects called bucket="clar-streamlit-app-buck-mgmt" prefix=""
2026/03/11 21:23:47.343848 [INFO]  S3 ListObjects returned 1 items
2026/03/11 21:23:47.343876 [DEBUG] loadObjects: 1 objects loaded, rendering
2026/03/11 21:23:47.343881 [DEBUG] render: buckets=50 objects=1 bucketIdx=23 objIdx=0
2026/03/11 21:23:47.344081 [DEBUG] key: bucket up (idx=23)
2026/03/11 21:23:47.344086 [INFO]  key: select bucket idx=22
2026/03/11 21:23:47.344090 [INFO]  loadObjects: bucket="clar-search-dashboard-documents-mgmt" prefix=""
2026/03/11 21:23:47.344125 [INFO]  S3 ListObjects called bucket="clar-search-dashboard-documents-mgmt" prefix=""
2026/03/11 21:23:47.500195 [INFO]  S3 ListObjects returned 1 items
2026/03/11 21:23:47.500219 [DEBUG] loadObjects: 1 objects loaded, rendering
2026/03/11 21:23:47.500223 [DEBUG] render: buckets=50 objects=1 bucketIdx=22 objIdx=0
2026/03/11 21:23:47.500383 [DEBUG] key: bucket up (idx=22)
2026/03/11 21:23:47.500387 [INFO]  key: select bucket idx=21
2026/03/11 21:23:47.500390 [INFO]  loadObjects: bucket="clar-mlflow-genai-artifacts-store-mgmt" prefix=""
2026/03/11 21:23:47.500394 [INFO]  S3 ListObjects called bucket="clar-mlflow-genai-artifacts-store-mgmt" prefix=""
2026/03/11 21:23:47.682523 [INFO]  S3 ListObjects returned 37 items
2026/03/11 21:23:47.682548 [DEBUG] loadObjects: 37 objects loaded, rendering
2026/03/11 21:23:47.682551 [DEBUG] render: buckets=50 objects=37 bucketIdx=21 objIdx=0
2026/03/11 21:23:47.682727 [DEBUG] key: bucket up (idx=21)
2026/03/11 21:23:47.682731 [INFO]  key: select bucket idx=20
2026/03/11 21:23:47.682734 [INFO]  loadObjects: bucket="clar-metrics-validation-workspace-mgmt" prefix=""
2026/03/11 21:23:47.682738 [INFO]  S3 ListObjects called bucket="clar-metrics-validation-workspace-mgmt" prefix=""
2026/03/11 21:23:47.859941 [INFO]  S3 ListObjects returned 200 items
2026/03/11 21:23:47.859963 [DEBUG] loadObjects: 200 objects loaded, rendering
2026/03/11 21:23:47.859966 [DEBUG] render: buckets=50 objects=200 bucketIdx=20 objIdx=0
2026/03/11 21:23:47.860888 [DEBUG] key: bucket up (idx=20)
2026/03/11 21:23:47.860909 [INFO]  key: select bucket idx=19
2026/03/11 21:23:47.860913 [INFO]  loadObjects: bucket="clar-loki-ruler-mgmt" prefix=""
2026/03/11 21:23:47.860917 [INFO]  S3 ListObjects called bucket="clar-loki-ruler-mgmt" prefix=""
2026/03/11 21:23:48.009572 [INFO]  S3 ListObjects returned 0 items
2026/03/11 21:23:48.009604 [DEBUG] loadObjects: 0 objects loaded, rendering
2026/03/11 21:23:48.009610 [DEBUG] render: buckets=50 objects=0 bucketIdx=19 objIdx=0
2026/03/11 21:23:48.009842 [DEBUG] key: bucket up (idx=19)
2026/03/11 21:23:48.009848 [INFO]  key: select bucket idx=18
2026/03/11 21:23:48.009852 [INFO]  loadObjects: bucket="clar-loki-chunks-mgmt" prefix=""
2026/03/11 21:23:48.009858 [INFO]  S3 ListObjects called bucket="clar-loki-chunks-mgmt" prefix=""
2026/03/11 21:23:48.239794 [INFO]  S3 ListObjects returned 3 items
2026/03/11 21:23:48.239834 [DEBUG] loadObjects: 3 objects loaded, rendering
2026/03/11 21:23:48.239840 [DEBUG] render: buckets=50 objects=3 bucketIdx=18 objIdx=0
2026/03/11 21:23:48.240047 [DEBUG] key: bucket up (idx=18)
2026/03/11 21:23:48.240054 [INFO]  key: select bucket idx=17
2026/03/11 21:23:48.240058 [INFO]  loadObjects: bucket="clar-fast-api-app-test-mgmt" prefix=""
2026/03/11 21:23:48.240064 [INFO]  S3 ListObjects called bucket="clar-fast-api-app-test-mgmt" prefix=""
2026/03/11 21:23:48.397083 [INFO]  S3 ListObjects returned 0 items
2026/03/11 21:23:48.397126 [DEBUG] loadObjects: 0 objects loaded, rendering
2026/03/11 21:23:48.397130 [DEBUG] render: buckets=50 objects=0 bucketIdx=17 objIdx=0
2026/03/11 21:23:48.397313 [DEBUG] key: bucket up (idx=17)
2026/03/11 21:23:48.397317 [INFO]  key: select bucket idx=16
2026/03/11 21:23:48.397320 [INFO]  loadObjects: bucket="clar-fast-api-app-another-test-mgmt" prefix=""
2026/03/11 21:23:48.397324 [INFO]  S3 ListObjects called bucket="clar-fast-api-app-another-test-mgmt" prefix=""
2026/03/11 21:23:48.546863 [INFO]  S3 ListObjects returned 0 items
2026/03/11 21:23:48.546893 [DEBUG] loadObjects: 0 objects loaded, rendering
2026/03/11 21:23:48.546896 [DEBUG] render: buckets=50 objects=0 bucketIdx=16 objIdx=0
2026/03/11 21:23:48.547050 [DEBUG] key: bucket up (idx=16)
2026/03/11 21:23:48.547054 [INFO]  key: select bucket idx=15
2026/03/11 21:23:48.547057 [INFO]  loadObjects: bucket="clar-clarityai-assistant-report-mgmt" prefix=""
2026/03/11 21:23:48.547061 [INFO]  S3 ListObjects called bucket="clar-clarityai-assistant-report-mgmt" prefix=""
2026/03/11 21:23:48.695351 [INFO]  S3 ListObjects returned 0 items
2026/03/11 21:23:48.695373 [DEBUG] loadObjects: 0 objects loaded, rendering
2026/03/11 21:23:48.695377 [DEBUG] render: buckets=50 objects=0 bucketIdx=15 objIdx=0
2026/03/11 21:23:48.695519 [DEBUG] key: bucket up (idx=15)
2026/03/11 21:23:48.695522 [INFO]  key: select bucket idx=14
2026/03/11 21:23:48.695525 [INFO]  loadObjects: bucket="clar-clarityai-assistant-chat-mgmt" prefix=""
2026/03/11 21:23:48.695529 [INFO]  S3 ListObjects called bucket="clar-clarityai-assistant-chat-mgmt" prefix=""
2026/03/11 21:23:48.849693 [INFO]  S3 ListObjects returned 2 items
2026/03/11 21:23:48.849730 [DEBUG] loadObjects: 2 objects loaded, rendering
2026/03/11 21:23:48.849736 [DEBUG] render: buckets=50 objects=2 bucketIdx=14 objIdx=0
2026/03/11 21:23:48.850711 [DEBUG] key: bucket up (idx=14)
2026/03/11 21:23:48.850726 [INFO]  key: select bucket idx=13
2026/03/11 21:23:48.850730 [INFO]  loadObjects: bucket="clar-assistant-performance-tracker-data-mgmt" prefix=""
2026/03/11 21:23:48.850734 [INFO]  S3 ListObjects called bucket="clar-assistant-performance-tracker-data-mgmt" prefix=""
2026/03/11 21:23:49.008385 [INFO]  S3 ListObjects returned 1 items
2026/03/11 21:23:49.008417 [DEBUG] loadObjects: 1 objects loaded, rendering
2026/03/11 21:23:49.008422 [DEBUG] render: buckets=50 objects=1 bucketIdx=13 objIdx=0
2026/03/11 21:23:49.008644 [DEBUG] key: bucket up (idx=13)
2026/03/11 21:23:49.008647 [INFO]  key: select bucket idx=12
2026/03/11 21:23:49.008650 [INFO]  loadObjects: bucket="chatcommands-mgmt" prefix=""
2026/03/11 21:23:49.008654 [INFO]  S3 ListObjects called bucket="chatcommands-mgmt" prefix=""
2026/03/11 21:23:49.161687 [INFO]  S3 ListObjects returned 3 items
2026/03/11 21:23:49.161718 [DEBUG] loadObjects: 3 objects loaded, rendering
2026/03/11 21:23:49.161722 [DEBUG] render: buckets=50 objects=3 bucketIdx=12 objIdx=0
2026/03/11 21:23:49.161866 [DEBUG] key: bucket up (idx=12)
2026/03/11 21:23:49.161870 [INFO]  key: select bucket idx=11
2026/03/11 21:23:49.161873 [INFO]  loadObjects: bucket="backup-reference-data-clarity-mgmt-pro" prefix=""
2026/03/11 21:23:49.161877 [INFO]  S3 ListObjects called bucket="backup-reference-data-clarity-mgmt-pro" prefix=""
2026/03/11 21:23:49.307661 [ERROR] S3 ListObjects failed: operation error S3: ListObjectsV2, https response error StatusCode: 403, RequestID: EW8GANWA12PCBCP9, HostID: 7LgSGX891aW+7Sj/P7OLj+a80mTKnkjjKoZvN3oBKdRmwrI1yqvdO+tddoGLjSk6hlUmWhgU7SE=, api error AccessDenied: User: arn:aws:sts::913932804865:assumed-role/federateclarity/aws-go-sdk-1773260606472379398 is not authorized to perform: s3:ListBucket on resource: "arn:aws:s3:::backup-reference-data-clarity-mgmt-pro" with an explicit deny in a resource-based policy
2026/03/11 21:23:49.307701 [ERROR] loadObjects failed: operation error S3: ListObjectsV2, https response error StatusCode: 403, RequestID: EW8GANWA12PCBCP9, HostID: 7LgSGX891aW+7Sj/P7OLj+a80mTKnkjjKoZvN3oBKdRmwrI1yqvdO+tddoGLjSk6hlUmWhgU7SE=, api error AccessDenied: User: arn:aws:sts::913932804865:assumed-role/federateclarity/aws-go-sdk-1773260606472379398 is not authorized to perform: s3:ListBucket on resource: "arn:aws:s3:::backup-reference-data-clarity-mgmt-pro" with an explicit deny in a resource-based policy
2026/03/11 21:23:49.307708 [DEBUG] key: bucket up (idx=11)
2026/03/11 21:23:49.307710 [INFO]  key: select bucket idx=10
2026/03/11 21:23:49.307711 [INFO]  loadObjects: bucket="backup-data-platform-clarity-mgmt-pro" prefix=""
2026/03/11 21:23:49.307713 [INFO]  S3 ListObjects called bucket="backup-data-platform-clarity-mgmt-pro" prefix=""
2026/03/11 21:23:49.474309 [INFO]  S3 ListObjects returned 10 items
2026/03/11 21:23:49.474345 [DEBUG] loadObjects: 10 objects loaded, rendering
2026/03/11 21:23:49.474347 [DEBUG] render: buckets=50 objects=10 bucketIdx=10 objIdx=0
2026/03/11 21:23:49.474494 [DEBUG] key: bucket up (idx=10)
2026/03/11 21:23:49.474496 [INFO]  key: select bucket idx=9
2026/03/11 21:23:49.474497 [INFO]  loadObjects: bucket="aws-logs-913932804865-eu-central-1" prefix=""
2026/03/11 21:23:49.474500 [INFO]  S3 ListObjects called bucket="aws-logs-913932804865-eu-central-1" prefix=""
2026/03/11 21:23:49.639129 [INFO]  S3 ListObjects returned 1 items
2026/03/11 21:23:49.639149 [DEBUG] loadObjects: 1 objects loaded, rendering
2026/03/11 21:23:49.639151 [DEBUG] render: buckets=50 objects=1 bucketIdx=9 objIdx=0
2026/03/11 21:23:49.639254 [DEBUG] key: bucket up (idx=9)
2026/03/11 21:23:49.639256 [INFO]  key: select bucket idx=8
2026/03/11 21:23:49.639257 [INFO]  loadObjects: bucket="aws-emr-resources-913932804865-eu-central-1" prefix=""
2026/03/11 21:23:49.639259 [INFO]  S3 ListObjects called bucket="aws-emr-resources-913932804865-eu-central-1" prefix=""
2026/03/11 21:23:49.784007 [INFO]  S3 ListObjects returned 0 items
2026/03/11 21:23:49.784026 [DEBUG] loadObjects: 0 objects loaded, rendering
2026/03/11 21:23:49.784028 [DEBUG] render: buckets=50 objects=0 bucketIdx=8 objIdx=0
2026/03/11 21:23:49.784138 [DEBUG] key: bucket up (idx=8)
2026/03/11 21:23:49.784141 [INFO]  key: select bucket idx=7
2026/03/11 21:23:49.784142 [INFO]  loadObjects: bucket="aws-athena-query-results-eu-central-1-913932804865" prefix=""
2026/03/11 21:23:49.784144 [INFO]  S3 ListObjects called bucket="aws-athena-query-results-eu-central-1-913932804865" prefix=""
2026/03/11 21:23:49.952065 [INFO]  S3 ListObjects returned 54 items
2026/03/11 21:23:49.952088 [DEBUG] loadObjects: 54 objects loaded, rendering
2026/03/11 21:23:49.952091 [DEBUG] render: buckets=50 objects=54 bucketIdx=7 objIdx=0
2026/03/11 21:23:49.952471 [DEBUG] key: bucket up (idx=7)
2026/03/11 21:23:49.952478 [INFO]  key: select bucket idx=6
2026/03/11 21:23:49.952481 [INFO]  loadObjects: bucket="aws-athena-query-results-913932804865-eu-central-1" prefix=""
2026/03/11 21:23:49.952485 [INFO]  S3 ListObjects called bucket="aws-athena-query-results-913932804865-eu-central-1" prefix=""
2026/03/11 21:23:50.110463 [INFO]  S3 ListObjects returned 1 items
2026/03/11 21:23:50.110492 [DEBUG] loadObjects: 1 objects loaded, rendering
2026/03/11 21:23:50.110497 [DEBUG] render: buckets=50 objects=1 bucketIdx=6 objIdx=0
2026/03/11 21:23:50.110657 [DEBUG] key: bucket up (idx=6)
2026/03/11 21:23:50.110665 [INFO]  key: select bucket idx=5
2026/03/11 21:23:50.110672 [INFO]  loadObjects: bucket="augmentedai-clarity-mgmt-pro" prefix=""
2026/03/11 21:23:50.110679 [INFO]  S3 ListObjects called bucket="augmentedai-clarity-mgmt-pro" prefix=""
2026/03/11 21:23:50.260631 [INFO]  S3 ListObjects returned 2 items
2026/03/11 21:23:50.260651 [DEBUG] loadObjects: 2 objects loaded, rendering
2026/03/11 21:23:50.260652 [DEBUG] render: buckets=50 objects=2 bucketIdx=5 objIdx=0
2026/03/11 21:23:50.260744 [DEBUG] key: bucket up (idx=5)
2026/03/11 21:23:50.260746 [INFO]  key: select bucket idx=4
2026/03/11 21:23:50.260747 [INFO]  loadObjects: bucket="artifacts-clarity-mgmt-pro" prefix=""
2026/03/11 21:23:50.260750 [INFO]  S3 ListObjects called bucket="artifacts-clarity-mgmt-pro" prefix=""
2026/03/11 21:23:50.422066 [INFO]  S3 ListObjects returned 11 items
2026/03/11 21:23:50.422124 [DEBUG] loadObjects: 11 objects loaded, rendering
2026/03/11 21:23:50.422133 [DEBUG] render: buckets=50 objects=11 bucketIdx=4 objIdx=0
2026/03/11 21:23:51.136489 [DEBUG] key: bucket up (idx=4)
2026/03/11 21:23:51.136515 [INFO]  key: select bucket idx=3
2026/03/11 21:23:51.136517 [INFO]  loadObjects: bucket="argo-workflows-clarity-mgmt-pro" prefix=""
2026/03/11 21:23:51.136520 [INFO]  S3 ListObjects called bucket="argo-workflows-clarity-mgmt-pro" prefix=""
2026/03/11 21:23:51.383193 [INFO]  S3 ListObjects returned 1000 items
2026/03/11 21:23:51.383210 [DEBUG] loadObjects: 1000 objects loaded, rendering
2026/03/11 21:23:51.383211 [DEBUG] render: buckets=50 objects=1000 bucketIdx=3 objIdx=0
2026/03/11 21:23:51.791032 [DEBUG] key: bucket up (idx=3)
2026/03/11 21:23:51.791063 [INFO]  key: select bucket idx=2
2026/03/11 21:23:51.791065 [INFO]  loadObjects: bucket="airflowv2-clarity-mgmt-pro" prefix=""
2026/03/11 21:23:51.791069 [INFO]  S3 ListObjects called bucket="airflowv2-clarity-mgmt-pro" prefix=""
2026/03/11 21:23:51.949569 [INFO]  S3 ListObjects returned 2 items
2026/03/11 21:23:51.949603 [DEBUG] loadObjects: 2 objects loaded, rendering
2026/03/11 21:23:51.949607 [DEBUG] render: buckets=50 objects=2 bucketIdx=2 objIdx=0
2026/03/11 21:23:51.957225 [DEBUG] key: bucket up (idx=2)
2026/03/11 21:23:51.957233 [INFO]  key: select bucket idx=1
2026/03/11 21:23:51.957235 [INFO]  loadObjects: bucket="airflowlogs-clarity-mgmt-pro" prefix=""
2026/03/11 21:23:51.957238 [INFO]  S3 ListObjects called bucket="airflowlogs-clarity-mgmt-pro" prefix=""
2026/03/11 21:23:52.114958 [INFO]  S3 ListObjects returned 4 items
2026/03/11 21:23:52.114979 [DEBUG] loadObjects: 4 objects loaded, rendering
2026/03/11 21:23:52.114981 [DEBUG] render: buckets=50 objects=4 bucketIdx=1 objIdx=0
2026/03/11 21:23:52.115070 [DEBUG] key: bucket up (idx=1)
2026/03/11 21:23:52.115072 [INFO]  key: select bucket idx=0
2026/03/11 21:23:52.115073 [INFO]  loadObjects: bucket="airflow-testing-clarity-mgmt" prefix=""
2026/03/11 21:23:52.115075 [INFO]  S3 ListObjects called bucket="airflow-testing-clarity-mgmt" prefix=""
2026/03/11 21:23:52.280932 [INFO]  S3 ListObjects returned 3 items
2026/03/11 21:23:52.280960 [DEBUG] loadObjects: 3 objects loaded, rendering
2026/03/11 21:23:52.280964 [DEBUG] render: buckets=50 objects=3 bucketIdx=0 objIdx=0
2026/03/11 21:23:52.281129 [DEBUG] key: bucket up (idx=0)
2026/03/11 21:23:52.369980 [DEBUG] key: bucket up (idx=0)
2026/03/11 21:23:52.508847 [DEBUG] key: bucket up (idx=0)
2026/03/11 21:23:52.658475 [DEBUG] key: bucket up (idx=0)
2026/03/11 21:23:52.798518 [DEBUG] key: bucket up (idx=0)
2026/03/11 21:23:52.948233 [DEBUG] key: bucket up (idx=0)
2026/03/11 21:30:37.279636 [INFO]  key: quit
2026/03/11 21:30:37.279724 [INFO]  App exiting normally
2026/03/11 21:31:23.086320 [INFO]  App starting
2026/03/11 21:31:23.086958 [DEBUG] layout: first render, loading buckets
2026/03/11 21:31:23.086991 [INFO]  loadBuckets: listing buckets
2026/03/11 21:31:23.086996 [INFO]  S3 ListBuckets called
2026/03/11 21:31:23.436880 [INFO]  S3 ListBuckets returned 75 buckets
2026/03/11 21:31:23.436918 [INFO]  loadBuckets: got 75 buckets
2026/03/11 21:31:23.436926 [INFO]  loadObjects: bucket="airflow-testing-clarity-mgmt" prefix=""
2026/03/11 21:31:23.436936 [INFO]  S3 ListObjects called bucket="airflow-testing-clarity-mgmt" prefix=""
2026/03/11 21:31:23.591130 [INFO]  S3 ListObjects returned 3 items
2026/03/11 21:31:23.591160 [DEBUG] loadObjects: 3 objects loaded, rendering
2026/03/11 21:31:23.591174 [DEBUG] render: buckets=50 objects=3 bucketIdx=0 objIdx=0
2026/03/11 21:31:23.874242 [DEBUG] key: bucket down (idx=0)
2026/03/11 21:31:23.874286 [INFO]  key: select bucket idx=1
2026/03/11 21:31:23.874290 [INFO]  loadObjects: bucket="airflowlogs-clarity-mgmt-pro" prefix=""
2026/03/11 21:31:23.874297 [INFO]  S3 ListObjects called bucket="airflowlogs-clarity-mgmt-pro" prefix=""
2026/03/11 21:31:24.030214 [INFO]  S3 ListObjects returned 4 items
2026/03/11 21:31:24.030260 [DEBUG] loadObjects: 4 objects loaded, rendering
2026/03/11 21:31:24.030266 [DEBUG] render: buckets=50 objects=4 bucketIdx=1 objIdx=0
2026/03/11 21:31:24.037369 [DEBUG] key: bucket down (idx=1)
2026/03/11 21:31:24.037389 [INFO]  key: select bucket idx=2
2026/03/11 21:31:24.037395 [INFO]  loadObjects: bucket="airflowv2-clarity-mgmt-pro" prefix=""
2026/03/11 21:31:24.037402 [INFO]  S3 ListObjects called bucket="airflowv2-clarity-mgmt-pro" prefix=""
2026/03/11 21:31:24.177852 [INFO]  S3 ListObjects returned 2 items
2026/03/11 21:31:24.177875 [DEBUG] loadObjects: 2 objects loaded, rendering
2026/03/11 21:31:24.177879 [DEBUG] render: buckets=50 objects=2 bucketIdx=2 objIdx=0
2026/03/11 21:31:24.186695 [DEBUG] key: bucket down (idx=2)
2026/03/11 21:31:24.186718 [INFO]  key: select bucket idx=3
2026/03/11 21:31:24.186722 [INFO]  loadObjects: bucket="argo-workflows-clarity-mgmt-pro" prefix=""
2026/03/11 21:31:24.186725 [INFO]  S3 ListObjects called bucket="argo-workflows-clarity-mgmt-pro" prefix=""
2026/03/11 21:31:24.421360 [INFO]  S3 ListObjects returned 1000 items
2026/03/11 21:31:24.421388 [DEBUG] loadObjects: 1000 objects loaded, rendering
2026/03/11 21:31:24.421392 [DEBUG] render: buckets=50 objects=1000 bucketIdx=3 objIdx=0
2026/03/11 21:31:24.425365 [DEBUG] key: bucket down (idx=3)
2026/03/11 21:31:24.425383 [INFO]  key: select bucket idx=4
2026/03/11 21:31:24.425387 [INFO]  loadObjects: bucket="artifacts-clarity-mgmt-pro" prefix=""
2026/03/11 21:31:24.425391 [INFO]  S3 ListObjects called bucket="artifacts-clarity-mgmt-pro" prefix=""
2026/03/11 21:31:24.599051 [INFO]  S3 ListObjects returned 11 items
2026/03/11 21:31:24.599073 [DEBUG] loadObjects: 11 objects loaded, rendering
2026/03/11 21:31:24.599077 [DEBUG] render: buckets=50 objects=11 bucketIdx=4 objIdx=0
2026/03/11 21:31:24.599284 [DEBUG] key: bucket down (idx=4)
2026/03/11 21:31:24.599294 [INFO]  key: select bucket idx=5
2026/03/11 21:31:24.599297 [INFO]  loadObjects: bucket="augmentedai-clarity-mgmt-pro" prefix=""
2026/03/11 21:31:24.599301 [INFO]  S3 ListObjects called bucket="augmentedai-clarity-mgmt-pro" prefix=""
2026/03/11 21:31:24.752305 [INFO]  S3 ListObjects returned 2 items
2026/03/11 21:31:24.752327 [DEBUG] loadObjects: 2 objects loaded, rendering
2026/03/11 21:31:24.752330 [DEBUG] render: buckets=50 objects=2 bucketIdx=5 objIdx=0
2026/03/11 21:31:24.752478 [DEBUG] key: bucket down (idx=5)
2026/03/11 21:31:24.752482 [INFO]  key: select bucket idx=6
2026/03/11 21:31:24.752485 [INFO]  loadObjects: bucket="aws-athena-query-results-913932804865-eu-central-1" prefix=""
2026/03/11 21:31:24.752489 [INFO]  S3 ListObjects called bucket="aws-athena-query-results-913932804865-eu-central-1" prefix=""
2026/03/11 21:31:24.919350 [INFO]  S3 ListObjects returned 1 items
2026/03/11 21:31:24.919375 [DEBUG] loadObjects: 1 objects loaded, rendering
2026/03/11 21:31:24.919378 [DEBUG] render: buckets=50 objects=1 bucketIdx=6 objIdx=0
2026/03/11 21:31:24.919518 [DEBUG] key: bucket down (idx=6)
2026/03/11 21:31:24.919521 [INFO]  key: select bucket idx=7
2026/03/11 21:31:24.919524 [INFO]  loadObjects: bucket="aws-athena-query-results-eu-central-1-913932804865" prefix=""
2026/03/11 21:31:24.919528 [INFO]  S3 ListObjects called bucket="aws-athena-query-results-eu-central-1-913932804865" prefix=""
2026/03/11 21:31:25.082897 [INFO]  S3 ListObjects returned 54 items
2026/03/11 21:31:25.082922 [DEBUG] loadObjects: 54 objects loaded, rendering
2026/03/11 21:31:25.082926 [DEBUG] render: buckets=50 objects=54 bucketIdx=7 objIdx=0
2026/03/11 21:31:25.083739 [DEBUG] key: bucket down (idx=7)
2026/03/11 21:31:25.083765 [INFO]  key: select bucket idx=8
2026/03/11 21:31:25.083769 [INFO]  loadObjects: bucket="aws-emr-resources-913932804865-eu-central-1" prefix=""
2026/03/11 21:31:25.083774 [INFO]  S3 ListObjects called bucket="aws-emr-resources-913932804865-eu-central-1" prefix=""
2026/03/11 21:31:25.246988 [INFO]  S3 ListObjects returned 0 items
2026/03/11 21:31:25.247016 [DEBUG] loadObjects: 0 objects loaded, rendering
2026/03/11 21:31:25.247021 [DEBUG] render: buckets=50 objects=0 bucketIdx=8 objIdx=0
2026/03/11 21:31:25.728787 [DEBUG] key: bucket down (idx=8)
2026/03/11 21:31:25.728823 [INFO]  key: select bucket idx=9
2026/03/11 21:31:25.728829 [INFO]  loadObjects: bucket="aws-logs-913932804865-eu-central-1" prefix=""
2026/03/11 21:31:25.728837 [INFO]  S3 ListObjects called bucket="aws-logs-913932804865-eu-central-1" prefix=""
2026/03/11 21:31:25.908579 [INFO]  S3 ListObjects returned 1 items
2026/03/11 21:31:25.908607 [DEBUG] loadObjects: 1 objects loaded, rendering
2026/03/11 21:31:25.908611 [DEBUG] render: buckets=50 objects=1 bucketIdx=9 objIdx=0
2026/03/11 21:31:25.922824 [DEBUG] key: bucket down (idx=9)
2026/03/11 21:31:25.922856 [INFO]  key: select bucket idx=10
2026/03/11 21:31:25.922859 [INFO]  loadObjects: bucket="backup-data-platform-clarity-mgmt-pro" prefix=""
2026/03/11 21:31:25.922865 [INFO]  S3 ListObjects called bucket="backup-data-platform-clarity-mgmt-pro" prefix=""
2026/03/11 21:31:26.090542 [INFO]  S3 ListObjects returned 10 items
2026/03/11 21:31:26.090565 [DEBUG] loadObjects: 10 objects loaded, rendering
2026/03/11 21:31:26.090569 [DEBUG] render: buckets=50 objects=10 bucketIdx=10 objIdx=0
2026/03/11 21:31:26.109887 [DEBUG] key: bucket down (idx=10)
2026/03/11 21:31:26.109920 [INFO]  key: select bucket idx=11
2026/03/11 21:31:26.109926 [INFO]  loadObjects: bucket="backup-reference-data-clarity-mgmt-pro" prefix=""
2026/03/11 21:31:26.109934 [INFO]  S3 ListObjects called bucket="backup-reference-data-clarity-mgmt-pro" prefix=""
2026/03/11 21:31:26.267960 [ERROR] S3 ListObjects failed: operation error S3: ListObjectsV2, https response error StatusCode: 403, RequestID: KAFE6PGGR4P7DESA, HostID: aToL7yl9Tl1s1R8rTTrN4DpXXe3HT88Dx8OdIohCiwHLFx8/tQKLLKFGJ8MlfRIWVjxAHkZdb3A=, api error AccessDenied: User: arn:aws:sts::913932804865:assumed-role/federateclarity/aws-go-sdk-1773261083087670874 is not authorized to perform: s3:ListBucket on resource: "arn:aws:s3:::backup-reference-data-clarity-mgmt-pro" with an explicit deny in a resource-based policy
2026/03/11 21:31:26.267989 [ERROR] loadObjects failed: operation error S3: ListObjectsV2, https response error StatusCode: 403, RequestID: KAFE6PGGR4P7DESA, HostID: aToL7yl9Tl1s1R8rTTrN4DpXXe3HT88Dx8OdIohCiwHLFx8/tQKLLKFGJ8MlfRIWVjxAHkZdb3A=, api error AccessDenied: User: arn:aws:sts::913932804865:assumed-role/federateclarity/aws-go-sdk-1773261083087670874 is not authorized to perform: s3:ListBucket on resource: "arn:aws:s3:::backup-reference-data-clarity-mgmt-pro" with an explicit deny in a resource-based policy
2026/03/11 21:31:26.283931 [DEBUG] key: bucket down (idx=11)
2026/03/11 21:31:26.283955 [INFO]  key: select bucket idx=12
2026/03/11 21:31:26.283959 [INFO]  loadObjects: bucket="chatcommands-mgmt" prefix=""
2026/03/11 21:31:26.283965 [INFO]  S3 ListObjects called bucket="chatcommands-mgmt" prefix=""
2026/03/11 21:31:26.446879 [INFO]  S3 ListObjects returned 3 items
2026/03/11 21:31:26.446915 [DEBUG] loadObjects: 3 objects loaded, rendering
2026/03/11 21:31:26.446919 [DEBUG] render: buckets=50 objects=3 bucketIdx=12 objIdx=0
2026/03/11 21:31:26.447396 [DEBUG] key: bucket down (idx=12)
2026/03/11 21:31:26.447402 [INFO]  key: select bucket idx=13
2026/03/11 21:31:26.447405 [INFO]  loadObjects: bucket="clar-assistant-performance-tracker-data-mgmt" prefix=""
2026/03/11 21:31:26.447410 [INFO]  S3 ListObjects called bucket="clar-assistant-performance-tracker-data-mgmt" prefix=""
2026/03/11 21:31:26.607166 [INFO]  S3 ListObjects returned 1 items
2026/03/11 21:31:26.607194 [DEBUG] loadObjects: 1 objects loaded, rendering
2026/03/11 21:31:26.607223 [DEBUG] render: buckets=50 objects=1 bucketIdx=13 objIdx=0
2026/03/11 21:31:26.607544 [DEBUG] key: bucket down (idx=13)
2026/03/11 21:31:26.607551 [INFO]  key: select bucket idx=14
2026/03/11 21:31:26.607555 [INFO]  loadObjects: bucket="clar-clarityai-assistant-chat-mgmt" prefix=""
2026/03/11 21:31:26.607561 [INFO]  S3 ListObjects called bucket="clar-clarityai-assistant-chat-mgmt" prefix=""
2026/03/11 21:31:26.780797 [INFO]  S3 ListObjects returned 2 items
2026/03/11 21:31:26.780821 [DEBUG] loadObjects: 2 objects loaded, rendering
2026/03/11 21:31:26.780825 [DEBUG] render: buckets=50 objects=2 bucketIdx=14 objIdx=0
2026/03/11 21:31:26.780984 [DEBUG] key: bucket down (idx=14)
2026/03/11 21:31:26.780988 [INFO]  key: select bucket idx=15
2026/03/11 21:31:26.780991 [INFO]  loadObjects: bucket="clar-clarityai-assistant-report-mgmt" prefix=""
2026/03/11 21:31:26.780995 [INFO]  S3 ListObjects called bucket="clar-clarityai-assistant-report-mgmt" prefix=""
2026/03/11 21:31:26.936999 [INFO]  S3 ListObjects returned 0 items
2026/03/11 21:31:26.937022 [DEBUG] loadObjects: 0 objects loaded, rendering
2026/03/11 21:31:26.937026 [DEBUG] render: buckets=50 objects=0 bucketIdx=15 objIdx=0
2026/03/11 21:31:26.937224 [DEBUG] key: bucket down (idx=15)
2026/03/11 21:31:26.937228 [INFO]  key: select bucket idx=16
2026/03/11 21:31:26.937231 [INFO]  loadObjects: bucket="clar-fast-api-app-another-test-mgmt" prefix=""
2026/03/11 21:31:26.937235 [INFO]  S3 ListObjects called bucket="clar-fast-api-app-another-test-mgmt" prefix=""
2026/03/11 21:31:27.098358 [INFO]  S3 ListObjects returned 0 items
2026/03/11 21:31:27.098376 [DEBUG] loadObjects: 0 objects loaded, rendering
2026/03/11 21:31:27.098378 [DEBUG] render: buckets=50 objects=0 bucketIdx=16 objIdx=0
2026/03/11 21:31:27.441477 [DEBUG] key: bucket down (idx=16)
2026/03/11 21:31:27.441503 [INFO]  key: select bucket idx=17
2026/03/11 21:31:27.441505 [INFO]  loadObjects: bucket="clar-fast-api-app-test-mgmt" prefix=""
2026/03/11 21:31:27.441509 [INFO]  S3 ListObjects called bucket="clar-fast-api-app-test-mgmt" prefix=""
2026/03/11 21:31:27.595161 [INFO]  S3 ListObjects returned 0 items
2026/03/11 21:31:27.595193 [DEBUG] loadObjects: 0 objects loaded, rendering
2026/03/11 21:31:27.595197 [DEBUG] render: buckets=50 objects=0 bucketIdx=17 objIdx=0
2026/03/11 21:31:27.628118 [DEBUG] key: bucket down (idx=17)
2026/03/11 21:31:27.628150 [INFO]  key: select bucket idx=18
2026/03/11 21:31:27.628159 [INFO]  loadObjects: bucket="clar-loki-chunks-mgmt" prefix=""
2026/03/11 21:31:27.628170 [INFO]  S3 ListObjects called bucket="clar-loki-chunks-mgmt" prefix=""
2026/03/11 21:31:27.794786 [INFO]  S3 ListObjects returned 3 items
2026/03/11 21:31:27.794823 [DEBUG] loadObjects: 3 objects loaded, rendering
2026/03/11 21:31:27.794828 [DEBUG] render: buckets=50 objects=3 bucketIdx=18 objIdx=0
2026/03/11 21:31:28.019029 [DEBUG] key: bucket down (idx=18)
2026/03/11 21:31:28.019059 [INFO]  key: select bucket idx=19
2026/03/11 21:31:28.019064 [INFO]  loadObjects: bucket="clar-loki-ruler-mgmt" prefix=""
2026/03/11 21:31:28.019070 [INFO]  S3 ListObjects called bucket="clar-loki-ruler-mgmt" prefix=""
2026/03/11 21:31:28.193033 [INFO]  S3 ListObjects returned 0 items
2026/03/11 21:31:28.193065 [DEBUG] loadObjects: 0 objects loaded, rendering
2026/03/11 21:31:28.193070 [DEBUG] render: buckets=50 objects=0 bucketIdx=19 objIdx=0
2026/03/11 21:31:29.657262 [DEBUG] key: bucket down (idx=19)
2026/03/11 21:31:29.657284 [INFO]  key: select bucket idx=20
2026/03/11 21:31:29.657288 [INFO]  loadObjects: bucket="clar-metrics-validation-workspace-mgmt" prefix=""
2026/03/11 21:31:29.657293 [INFO]  S3 ListObjects called bucket="clar-metrics-validation-workspace-mgmt" prefix=""
2026/03/11 21:31:29.835496 [INFO]  S3 ListObjects returned 200 items
2026/03/11 21:31:29.835513 [DEBUG] loadObjects: 200 objects loaded, rendering
2026/03/11 21:31:29.835515 [DEBUG] render: buckets=50 objects=200 bucketIdx=20 objIdx=0
2026/03/11 21:31:29.836134 [DEBUG] key: bucket down (idx=20)
2026/03/11 21:31:29.836151 [INFO]  key: select bucket idx=21
2026/03/11 21:31:29.836166 [INFO]  loadObjects: bucket="clar-mlflow-genai-artifacts-store-mgmt" prefix=""
2026/03/11 21:31:29.836171 [INFO]  S3 ListObjects called bucket="clar-mlflow-genai-artifacts-store-mgmt" prefix=""
2026/03/11 21:31:29.995655 [INFO]  S3 ListObjects returned 37 items
2026/03/11 21:31:29.995677 [DEBUG] loadObjects: 37 objects loaded, rendering
2026/03/11 21:31:29.995679 [DEBUG] render: buckets=50 objects=37 bucketIdx=21 objIdx=0
2026/03/11 21:31:29.995792 [DEBUG] key: bucket down (idx=21)
2026/03/11 21:31:29.995793 [INFO]  key: select bucket idx=22
2026/03/11 21:31:29.995794 [INFO]  loadObjects: bucket="clar-search-dashboard-documents-mgmt" prefix=""
2026/03/11 21:31:29.995796 [INFO]  S3 ListObjects called bucket="clar-search-dashboard-documents-mgmt" prefix=""
2026/03/11 21:31:30.152290 [INFO]  S3 ListObjects returned 1 items
2026/03/11 21:31:30.152320 [DEBUG] loadObjects: 1 objects loaded, rendering
2026/03/11 21:31:30.152325 [DEBUG] render: buckets=50 objects=1 bucketIdx=22 objIdx=0
2026/03/11 21:31:30.740606 [DEBUG] key: bucket down (idx=22)
2026/03/11 21:31:30.740633 [INFO]  key: select bucket idx=23
2026/03/11 21:31:30.740638 [INFO]  loadObjects: bucket="clar-streamlit-app-buck-mgmt" prefix=""
2026/03/11 21:31:30.740643 [INFO]  S3 ListObjects called bucket="clar-streamlit-app-buck-mgmt" prefix=""
2026/03/11 21:31:30.898550 [INFO]  S3 ListObjects returned 1 items
2026/03/11 21:31:30.898571 [DEBUG] loadObjects: 1 objects loaded, rendering
2026/03/11 21:31:30.898575 [DEBUG] render: buckets=50 objects=1 bucketIdx=23 objIdx=0
2026/03/11 21:31:31.153631 [DEBUG] key: bucket down (idx=23)
2026/03/11 21:31:31.153656 [INFO]  key: select bucket idx=24
2026/03/11 21:31:31.153661 [INFO]  loadObjects: bucket="clarity-ai-mgmt-buck-64b25806" prefix=""
2026/03/11 21:31:31.153666 [INFO]  S3 ListObjects called bucket="clarity-ai-mgmt-buck-64b25806" prefix=""
2026/03/11 21:31:31.311849 [INFO]  S3 ListObjects returned 0 items
2026/03/11 21:31:31.311898 [DEBUG] loadObjects: 0 objects loaded, rendering
2026/03/11 21:31:31.311903 [DEBUG] render: buckets=50 objects=0 bucketIdx=24 objIdx=0
2026/03/11 21:31:31.897487 [DEBUG] key: bucket down (idx=24)
2026/03/11 21:31:31.897530 [INFO]  key: select bucket idx=25
2026/03/11 21:31:31.897539 [INFO]  loadObjects: bucket="clarity-athena-results-mgmt" prefix=""
2026/03/11 21:31:31.897547 [INFO]  S3 ListObjects called bucket="clarity-athena-results-mgmt" prefix=""
2026/03/11 21:31:32.060352 [INFO]  S3 ListObjects returned 0 items
2026/03/11 21:31:32.060378 [DEBUG] loadObjects: 0 objects loaded, rendering
2026/03/11 21:31:32.060381 [DEBUG] render: buckets=50 objects=0 bucketIdx=25 objIdx=0
2026/03/11 21:31:32.499847 [DEBUG] key: bucket down (idx=25)
2026/03/11 21:31:32.499870 [INFO]  key: select bucket idx=26
2026/03/11 21:31:32.499872 [INFO]  loadObjects: bucket="clarity-foundational-engineering" prefix=""
2026/03/11 21:31:32.499876 [INFO]  S3 ListObjects called bucket="clarity-foundational-engineering" prefix=""
2026/03/11 21:31:32.664138 [INFO]  S3 ListObjects returned 20 items
2026/03/11 21:31:32.664174 [DEBUG] loadObjects: 20 objects loaded, rendering
2026/03/11 21:31:32.664178 [DEBUG] render: buckets=50 objects=20 bucketIdx=26 objIdx=0
2026/03/11 21:31:32.735189 [DEBUG] key: bucket down (idx=26)
2026/03/11 21:31:32.735224 [INFO]  key: select bucket idx=27
2026/03/11 21:31:32.735229 [INFO]  loadObjects: bucket="clarity-modal" prefix=""
2026/03/11 21:31:32.735234 [INFO]  S3 ListObjects called bucket="clarity-modal" prefix=""
2026/03/11 21:31:32.892015 [INFO]  S3 ListObjects returned 24 items
2026/03/11 21:31:32.892042 [DEBUG] loadObjects: 24 objects loaded, rendering
2026/03/11 21:31:32.892046 [DEBUG] render: buckets=50 objects=24 bucketIdx=27 objIdx=0
2026/03/11 21:31:33.053962 [DEBUG] key: bucket down (idx=27)
2026/03/11 21:31:33.053995 [INFO]  key: select bucket idx=28
2026/03/11 21:31:33.054001 [INFO]  loadObjects: bucket="clarity-spike-snowflake-iceberg" prefix=""
2026/03/11 21:31:33.054008 [INFO]  S3 ListObjects called bucket="clarity-spike-snowflake-iceberg" prefix=""
2026/03/11 21:31:33.208550 [INFO]  S3 ListObjects returned 1 items
2026/03/11 21:31:33.208588 [DEBUG] loadObjects: 1 objects loaded, rendering
2026/03/11 21:31:33.208590 [DEBUG] render: buckets=50 objects=1 bucketIdx=28 objIdx=0
2026/03/11 21:31:33.409608 [DEBUG] key: bucket down (idx=28)
2026/03/11 21:31:33.409634 [INFO]  key: select bucket idx=29
2026/03/11 21:31:33.409637 [INFO]  loadObjects: bucket="clarity-terraform-state-mgmt-eu-central-1" prefix=""
2026/03/11 21:31:33.409640 [INFO]  S3 ListObjects called bucket="clarity-terraform-state-mgmt-eu-central-1" prefix=""
2026/03/11 21:31:33.583704 [INFO]  S3 ListObjects returned 181 items
2026/03/11 21:31:33.583730 [DEBUG] loadObjects: 181 objects loaded, rendering
2026/03/11 21:31:33.583734 [DEBUG] render: buckets=50 objects=181 bucketIdx=29 objIdx=0
2026/03/11 21:31:33.723618 [DEBUG] key: bucket down (idx=29)
2026/03/11 21:31:33.723677 [INFO]  key: select bucket idx=30
2026/03/11 21:31:33.723684 [INFO]  loadObjects: bucket="clarityai-corpdocs-mgmt" prefix=""
2026/03/11 21:31:33.723697 [INFO]  S3 ListObjects called bucket="clarityai-corpdocs-mgmt" prefix=""
2026/03/11 21:31:33.879804 [INFO]  S3 ListObjects returned 1 items
2026/03/11 21:31:33.879823 [DEBUG] loadObjects: 1 objects loaded, rendering
2026/03/11 21:31:33.879825 [DEBUG] render: buckets=50 objects=1 bucketIdx=30 objIdx=0
2026/03/11 21:31:34.162772 [DEBUG] key: bucket down (idx=30)
2026/03/11 21:31:34.162840 [INFO]  key: select bucket idx=31
2026/03/11 21:31:34.162847 [INFO]  loadObjects: bucket="collected-documents-exchange-clarity-mgmt-pro" prefix=""
2026/03/11 21:31:34.162856 [INFO]  S3 ListObjects called bucket="collected-documents-exchange-clarity-mgmt-pro" prefix=""
2026/03/11 21:31:34.554415 [INFO]  S3 ListObjects returned 441 items
2026/03/11 21:31:34.554431 [DEBUG] loadObjects: 441 objects loaded, rendering
2026/03/11 21:31:34.554435 [DEBUG] render: buckets=50 objects=441 bucketIdx=31 objIdx=0
2026/03/11 21:31:35.362003 [DEBUG] key: bucket down (idx=31)
2026/03/11 21:31:35.362033 [INFO]  key: select bucket idx=32
2026/03/11 21:31:35.362037 [INFO]  loadObjects: bucket="ctool-mgmt" prefix=""
2026/03/11 21:31:35.362044 [INFO]  S3 ListObjects called bucket="ctool-mgmt" prefix=""
2026/03/11 21:31:35.532937 [INFO]  S3 ListObjects returned 4 items
2026/03/11 21:31:35.532964 [DEBUG] loadObjects: 4 objects loaded, rendering
2026/03/11 21:31:35.532968 [DEBUG] render: buckets=50 objects=4 bucketIdx=32 objIdx=0
2026/03/11 21:31:36.113690 [DEBUG] key: bucket down (idx=32)
2026/03/11 21:31:36.113713 [INFO]  key: select bucket idx=33
2026/03/11 21:31:36.113715 [INFO]  loadObjects: bucket="customer-factset-5f16f2bad0f9bd40ae7cf701-clarity" prefix=""
2026/03/11 21:31:36.113719 [INFO]  S3 ListObjects called bucket="customer-factset-5f16f2bad0f9bd40ae7cf701-clarity" prefix=""
2026/03/11 21:31:36.266012 [INFO]  S3 ListObjects returned 1 items
2026/03/11 21:31:36.266034 [DEBUG] loadObjects: 1 objects loaded, rendering
2026/03/11 21:31:36.266038 [DEBUG] render: buckets=50 objects=1 bucketIdx=33 objIdx=0
2026/03/11 21:31:36.691241 [DEBUG] key: bucket down (idx=33)
2026/03/11 21:31:36.691280 [INFO]  key: select bucket idx=34
2026/03/11 21:31:36.691287 [INFO]  loadObjects: bucket="customer-qontigo-5ea9793d3db7f763b99d5e58-clarity" prefix=""
2026/03/11 21:31:36.691295 [INFO]  S3 ListObjects called bucket="customer-qontigo-5ea9793d3db7f763b99d5e58-clarity" prefix=""
2026/03/11 21:31:36.870840 [INFO]  S3 ListObjects returned 7 items
2026/03/11 21:31:36.870864 [DEBUG] loadObjects: 7 objects loaded, rendering
2026/03/11 21:31:36.870868 [DEBUG] render: buckets=50 objects=7 bucketIdx=34 objIdx=0
2026/03/11 21:31:37.484906 [DEBUG] key: bucket down (idx=34)
2026/03/11 21:31:37.484934 [INFO]  key: select bucket idx=35
2026/03/11 21:31:37.484938 [INFO]  loadObjects: bucket="customer-sam-5cc16d0b85e107000135c80c-clarity" prefix=""
2026/03/11 21:31:37.484943 [INFO]  S3 ListObjects called bucket="customer-sam-5cc16d0b85e107000135c80c-clarity" prefix=""
2026/03/11 21:31:37.653396 [INFO]  S3 ListObjects returned 2 items
2026/03/11 21:31:37.653427 [DEBUG] loadObjects: 2 objects loaded, rendering
2026/03/11 21:31:37.653429 [DEBUG] render: buckets=50 objects=2 bucketIdx=35 objIdx=0
2026/03/11 21:31:38.064072 [DEBUG] key: bucket down (idx=35)
2026/03/11 21:31:38.064123 [INFO]  key: select bucket idx=36
2026/03/11 21:31:38.064130 [INFO]  loadObjects: bucket="datadog-backups-mgmt" prefix=""
2026/03/11 21:31:38.064135 [INFO]  S3 ListObjects called bucket="datadog-backups-mgmt" prefix=""
2026/03/11 21:31:38.242172 [INFO]  S3 ListObjects returned 2 items
2026/03/11 21:31:38.242201 [DEBUG] loadObjects: 2 objects loaded, rendering
2026/03/11 21:31:38.242206 [DEBUG] render: buckets=50 objects=2 bucketIdx=36 objIdx=0
2026/03/11 21:31:38.565556 [DEBUG] key: bucket down (idx=36)
2026/03/11 21:31:38.565586 [INFO]  key: select bucket idx=37
2026/03/11 21:31:38.565591 [INFO]  loadObjects: bucket="datadog-log-archive-clarity-mgmt-pro" prefix=""
2026/03/11 21:31:38.565597 [INFO]  S3 ListObjects called bucket="datadog-log-archive-clarity-mgmt-pro" prefix=""
2026/03/11 21:31:38.743169 [INFO]  S3 ListObjects returned 5 items
2026/03/11 21:31:38.743287 [DEBUG] loadObjects: 5 objects loaded, rendering
2026/03/11 21:31:38.743301 [DEBUG] render: buckets=50 objects=5 bucketIdx=37 objIdx=0
2026/03/11 21:31:39.004456 [DEBUG] key: bucket down (idx=37)
2026/03/11 21:31:39.004474 [INFO]  key: select bucket idx=38
2026/03/11 21:31:39.004477 [INFO]  loadObjects: bucket="elasticsearch-clarity-mgmt-pro" prefix=""
2026/03/11 21:31:39.004481 [INFO]  S3 ListObjects called bucket="elasticsearch-clarity-mgmt-pro" prefix=""
2026/03/11 21:31:39.173423 [INFO]  S3 ListObjects returned 7 items
2026/03/11 21:31:39.173454 [DEBUG] loadObjects: 7 objects loaded, rendering
2026/03/11 21:31:39.173456 [DEBUG] render: buckets=50 objects=7 bucketIdx=38 objIdx=0
2026/03/11 21:31:39.461951 [DEBUG] key: bucket down (idx=38)
2026/03/11 21:31:39.461985 [INFO]  key: select bucket idx=39
2026/03/11 21:31:39.461989 [INFO]  loadObjects: bucket="elasticsearch-gitlab" prefix=""
2026/03/11 21:31:39.461995 [INFO]  S3 ListObjects called bucket="elasticsearch-gitlab" prefix=""
2026/03/11 21:31:39.629476 [INFO]  S3 ListObjects returned 0 items
2026/03/11 21:31:39.629499 [DEBUG] loadObjects: 0 objects loaded, rendering
2026/03/11 21:31:39.629503 [DEBUG] render: buckets=50 objects=0 bucketIdx=39 objIdx=0
2026/03/11 21:31:39.919815 [DEBUG] key: bucket down (idx=39)
2026/03/11 21:31:39.919846 [INFO]  key: select bucket idx=40
2026/03/11 21:31:39.919850 [INFO]  loadObjects: bucket="elb-access-logs-clarity-mgmt-pro" prefix=""
2026/03/11 21:31:39.919857 [INFO]  S3 ListObjects called bucket="elb-access-logs-clarity-mgmt-pro" prefix=""
2026/03/11 21:31:40.100009 [INFO]  S3 ListObjects returned 6 items
2026/03/11 21:31:40.100035 [DEBUG] loadObjects: 6 objects loaded, rendering
2026/03/11 21:31:40.100040 [DEBUG] render: buckets=50 objects=6 bucketIdx=40 objIdx=0
2026/03/11 21:31:40.399961 [DEBUG] key: bucket down (idx=40)
2026/03/11 21:31:40.399990 [INFO]  key: select bucket idx=41
2026/03/11 21:31:40.399995 [INFO]  loadObjects: bucket="exposures-ingestion-mgmt-pro" prefix=""
2026/03/11 21:31:40.400000 [INFO]  S3 ListObjects called bucket="exposures-ingestion-mgmt-pro" prefix=""
2026/03/11 21:31:40.560267 [INFO]  S3 ListObjects returned 2 items
2026/03/11 21:31:40.560294 [DEBUG] loadObjects: 2 objects loaded, rendering
2026/03/11 21:31:40.560298 [DEBUG] render: buckets=50 objects=2 bucketIdx=41 objIdx=0
2026/03/11 21:31:40.858912 [DEBUG] key: bucket down (idx=41)
2026/03/11 21:31:40.858949 [INFO]  key: select bucket idx=42
2026/03/11 21:31:40.858954 [INFO]  loadObjects: bucket="external-efront-clarity-mgmt-pro" prefix=""
2026/03/11 21:31:40.858973 [INFO]  S3 ListObjects called bucket="external-efront-clarity-mgmt-pro" prefix=""
2026/03/11 21:31:41.007244 [INFO]  S3 ListObjects returned 1 items
2026/03/11 21:31:41.007267 [DEBUG] loadObjects: 1 objects loaded, rendering
2026/03/11 21:31:41.007271 [DEBUG] render: buckets=50 objects=1 bucketIdx=42 objIdx=0
2026/03/11 21:31:41.317602 [DEBUG] key: bucket down (idx=42)
2026/03/11 21:31:41.317628 [INFO]  key: select bucket idx=43
2026/03/11 21:31:41.317631 [INFO]  loadObjects: bucket="external-refinitiv-clarity-mgmt-pro" prefix=""
2026/03/11 21:31:41.317634 [INFO]  S3 ListObjects called bucket="external-refinitiv-clarity-mgmt-pro" prefix=""
2026/03/11 21:31:41.487732 [INFO]  S3 ListObjects returned 2 items
2026/03/11 21:31:41.487753 [DEBUG] loadObjects: 2 objects loaded, rendering
2026/03/11 21:31:41.487754 [DEBUG] render: buckets=50 objects=2 bucketIdx=43 objIdx=0
2026/03/11 21:31:41.775843 [DEBUG] key: bucket down (idx=43)
2026/03/11 21:31:41.775870 [INFO]  key: select bucket idx=44
2026/03/11 21:31:41.775872 [INFO]  loadObjects: bucket="forge-reports-mgmt" prefix=""
2026/03/11 21:31:41.775875 [INFO]  S3 ListObjects called bucket="forge-reports-mgmt" prefix=""
2026/03/11 21:31:41.937922 [INFO]  S3 ListObjects returned 1 items
2026/03/11 21:31:41.937949 [DEBUG] loadObjects: 1 objects loaded, rendering
2026/03/11 21:31:41.937953 [DEBUG] render: buckets=50 objects=1 bucketIdx=44 objIdx=0
2026/03/11 21:31:42.208815 [DEBUG] key: bucket down (idx=44)
2026/03/11 21:31:42.208856 [INFO]  key: select bucket idx=45
2026/03/11 21:31:42.208862 [INFO]  loadObjects: bucket="gitlabbackup-clarity-mgmt-pro" prefix=""
2026/03/11 21:31:42.208869 [INFO]  S3 ListObjects called bucket="gitlabbackup-clarity-mgmt-pro" prefix=""
2026/03/11 21:31:42.368496 [INFO]  S3 ListObjects returned 0 items
2026/03/11 21:31:42.368525 [DEBUG] loadObjects: 0 objects loaded, rendering
2026/03/11 21:31:42.368528 [DEBUG] render: buckets=50 objects=0 bucketIdx=45 objIdx=0
2026/03/11 21:31:42.667024 [DEBUG] key: bucket down (idx=45)
2026/03/11 21:31:42.667045 [INFO]  key: select bucket idx=46
2026/03/11 21:31:42.667049 [INFO]  loadObjects: bucket="gitlabrunners-clarity-mgmt-pro" prefix=""
2026/03/11 21:31:42.667053 [INFO]  S3 ListObjects called bucket="gitlabrunners-clarity-mgmt-pro" prefix=""
2026/03/11 21:31:43.070248 [INFO]  S3 ListObjects returned 161 items
2026/03/11 21:31:43.070279 [DEBUG] loadObjects: 161 objects loaded, rendering
2026/03/11 21:31:43.070281 [DEBUG] render: buckets=50 objects=161 bucketIdx=46 objIdx=0
2026/03/11 21:31:44.183203 [DEBUG] key: bucket down (idx=46)
2026/03/11 21:31:44.183228 [INFO]  key: select bucket idx=47
2026/03/11 21:31:44.183231 [INFO]  loadObjects: bucket="igloo-extractions-clarity-mgmt-pro" prefix=""
2026/03/11 21:31:44.183235 [INFO]  S3 ListObjects called bucket="igloo-extractions-clarity-mgmt-pro" prefix=""
2026/03/11 21:31:44.356882 [INFO]  S3 ListObjects returned 1 items
2026/03/11 21:31:44.356922 [DEBUG] loadObjects: 1 objects loaded, rendering
2026/03/11 21:31:44.356928 [DEBUG] render: buckets=50 objects=1 bucketIdx=47 objIdx=0
2026/03/11 21:31:44.665019 [DEBUG] key: bucket down (idx=47)
2026/03/11 21:31:44.665044 [INFO]  key: select bucket idx=48
2026/03/11 21:31:44.665049 [INFO]  loadObjects: bucket="igloo-ml-exchange-clarity-mgmt-pro" prefix=""
2026/03/11 21:31:44.665055 [INFO]  S3 ListObjects called bucket="igloo-ml-exchange-clarity-mgmt-pro" prefix=""
2026/03/11 21:31:44.835342 [INFO]  S3 ListObjects returned 2 items
2026/03/11 21:31:44.835371 [DEBUG] loadObjects: 2 objects loaded, rendering
2026/03/11 21:31:44.835376 [DEBUG] render: buckets=50 objects=2 bucketIdx=48 objIdx=0
2026/03/11 21:31:45.052996 [DEBUG] key: bucket down (idx=48)
2026/03/11 21:31:45.053024 [INFO]  key: select bucket idx=49
2026/03/11 21:31:45.053028 [INFO]  loadObjects: bucket="images-clarity-mgmt-pro" prefix=""
2026/03/11 21:31:45.053034 [INFO]  S3 ListObjects called bucket="images-clarity-mgmt-pro" prefix=""
2026/03/11 21:31:45.230294 [INFO]  S3 ListObjects returned 2 items
2026/03/11 21:31:45.230343 [DEBUG] loadObjects: 2 objects loaded, rendering
2026/03/11 21:31:45.230348 [DEBUG] render: buckets=50 objects=2 bucketIdx=49 objIdx=0
2026/03/11 21:31:45.388042 [DEBUG] key: bucket down (idx=49)
2026/03/11 21:31:45.677870 [DEBUG] key: bucket down (idx=49)
2026/03/11 21:31:46.039213 [DEBUG] key: bucket up (idx=49)
2026/03/11 21:31:46.039259 [INFO]  key: select bucket idx=48
2026/03/11 21:31:46.039272 [INFO]  loadObjects: bucket="igloo-ml-exchange-clarity-mgmt-pro" prefix=""
2026/03/11 21:31:46.039312 [INFO]  S3 ListObjects called bucket="igloo-ml-exchange-clarity-mgmt-pro" prefix=""
2026/03/11 21:31:46.110570 [INFO]  S3 ListObjects returned 2 items
2026/03/11 21:31:46.110592 [DEBUG] loadObjects: 2 objects loaded, rendering
2026/03/11 21:31:46.110595 [DEBUG] render: buckets=50 objects=2 bucketIdx=48 objIdx=0
2026/03/11 21:31:46.207193 [DEBUG] key: bucket up (idx=48)
2026/03/11 21:31:46.207234 [INFO]  key: select bucket idx=47
2026/03/11 21:31:46.207244 [INFO]  loadObjects: bucket="igloo-extractions-clarity-mgmt-pro" prefix=""
2026/03/11 21:31:46.207254 [INFO]  S3 ListObjects called bucket="igloo-extractions-clarity-mgmt-pro" prefix=""
2026/03/11 21:31:46.262157 [INFO]  S3 ListObjects returned 1 items
2026/03/11 21:31:46.262183 [DEBUG] loadObjects: 1 objects loaded, rendering
2026/03/11 21:31:46.262187 [DEBUG] render: buckets=50 objects=1 bucketIdx=47 objIdx=0
2026/03/11 21:31:46.376001 [DEBUG] key: bucket up (idx=47)
2026/03/11 21:31:46.376027 [INFO]  key: select bucket idx=46
2026/03/11 21:31:46.376033 [INFO]  loadObjects: bucket="gitlabrunners-clarity-mgmt-pro" prefix=""
2026/03/11 21:31:46.376040 [INFO]  S3 ListObjects called bucket="gitlabrunners-clarity-mgmt-pro" prefix=""
2026/03/11 21:31:46.600254 [INFO]  S3 ListObjects returned 161 items
2026/03/11 21:31:46.600271 [DEBUG] loadObjects: 161 objects loaded, rendering
2026/03/11 21:31:46.600272 [DEBUG] render: buckets=50 objects=161 bucketIdx=46 objIdx=0
2026/03/11 21:31:46.600399 [DEBUG] key: bucket up (idx=46)
2026/03/11 21:31:46.600401 [INFO]  key: select bucket idx=45
2026/03/11 21:31:46.600402 [INFO]  loadObjects: bucket="gitlabbackup-clarity-mgmt-pro" prefix=""
2026/03/11 21:31:46.600404 [INFO]  S3 ListObjects called bucket="gitlabbackup-clarity-mgmt-pro" prefix=""
2026/03/11 21:31:46.646204 [INFO]  S3 ListObjects returned 0 items
2026/03/11 21:31:46.646216 [DEBUG] loadObjects: 0 objects loaded, rendering
2026/03/11 21:31:46.646219 [DEBUG] render: buckets=50 objects=0 bucketIdx=45 objIdx=0
2026/03/11 21:31:46.786622 [DEBUG] key: bucket up (idx=45)
2026/03/11 21:31:46.786653 [INFO]  key: select bucket idx=44
2026/03/11 21:31:46.786657 [INFO]  loadObjects: bucket="forge-reports-mgmt" prefix=""
2026/03/11 21:31:46.786662 [INFO]  S3 ListObjects called bucket="forge-reports-mgmt" prefix=""
2026/03/11 21:31:46.843822 [INFO]  S3 ListObjects returned 1 items
2026/03/11 21:31:46.843844 [DEBUG] loadObjects: 1 objects loaded, rendering
2026/03/11 21:31:46.843847 [DEBUG] render: buckets=50 objects=1 bucketIdx=44 objIdx=0
2026/03/11 21:31:47.001976 [DEBUG] key: bucket up (idx=44)
2026/03/11 21:31:47.002016 [INFO]  key: select bucket idx=43
2026/03/11 21:31:47.002022 [INFO]  loadObjects: bucket="external-refinitiv-clarity-mgmt-pro" prefix=""
2026/03/11 21:31:47.002031 [INFO]  S3 ListObjects called bucket="external-refinitiv-clarity-mgmt-pro" prefix=""
2026/03/11 21:31:47.067141 [INFO]  S3 ListObjects returned 2 items
2026/03/11 21:31:47.067175 [DEBUG] loadObjects: 2 objects loaded, rendering
2026/03/11 21:31:47.067178 [DEBUG] render: buckets=50 objects=2 bucketIdx=43 objIdx=0
2026/03/11 21:31:47.219982 [DEBUG] key: bucket up (idx=43)
2026/03/11 21:31:47.220008 [INFO]  key: select bucket idx=42
2026/03/11 21:31:47.220013 [INFO]  loadObjects: bucket="external-efront-clarity-mgmt-pro" prefix=""
2026/03/11 21:31:47.220020 [INFO]  S3 ListObjects called bucket="external-efront-clarity-mgmt-pro" prefix=""
2026/03/11 21:31:47.379567 [INFO]  S3 ListObjects returned 1 items
2026/03/11 21:31:47.379600 [DEBUG] loadObjects: 1 objects loaded, rendering
2026/03/11 21:31:47.379605 [DEBUG] render: buckets=50 objects=1 bucketIdx=42 objIdx=0
2026/03/11 21:31:47.431077 [DEBUG] key: bucket up (idx=42)
2026/03/11 21:31:47.431118 [INFO]  key: select bucket idx=41
2026/03/11 21:31:47.431126 [INFO]  loadObjects: bucket="exposures-ingestion-mgmt-pro" prefix=""
2026/03/11 21:31:47.431132 [INFO]  S3 ListObjects called bucket="exposures-ingestion-mgmt-pro" prefix=""
2026/03/11 21:31:47.577482 [INFO]  S3 ListObjects returned 2 items
2026/03/11 21:31:47.577511 [DEBUG] loadObjects: 2 objects loaded, rendering
2026/03/11 21:31:47.577513 [DEBUG] render: buckets=50 objects=2 bucketIdx=41 objIdx=0
2026/03/11 21:31:47.652774 [DEBUG] key: bucket up (idx=41)
2026/03/11 21:31:47.652797 [INFO]  key: select bucket idx=40
2026/03/11 21:31:47.652800 [INFO]  loadObjects: bucket="elb-access-logs-clarity-mgmt-pro" prefix=""
2026/03/11 21:31:47.652803 [INFO]  S3 ListObjects called bucket="elb-access-logs-clarity-mgmt-pro" prefix=""
2026/03/11 21:31:47.801740 [INFO]  S3 ListObjects returned 6 items
2026/03/11 21:31:47.801770 [DEBUG] loadObjects: 6 objects loaded, rendering
2026/03/11 21:31:47.801776 [DEBUG] render: buckets=50 objects=6 bucketIdx=40 objIdx=0
2026/03/11 21:31:47.846154 [DEBUG] key: bucket up (idx=40)
2026/03/11 21:31:47.846182 [INFO]  key: select bucket idx=39
2026/03/11 21:31:47.846187 [INFO]  loadObjects: bucket="elasticsearch-gitlab" prefix=""
2026/03/11 21:31:47.846192 [INFO]  S3 ListObjects called bucket="elasticsearch-gitlab" prefix=""
2026/03/11 21:31:48.010135 [INFO]  S3 ListObjects returned 0 items
2026/03/11 21:31:48.010181 [DEBUG] loadObjects: 0 objects loaded, rendering
2026/03/11 21:31:48.010188 [DEBUG] render: buckets=50 objects=0 bucketIdx=39 objIdx=0
2026/03/11 21:31:48.087234 [DEBUG] key: bucket up (idx=39)
2026/03/11 21:31:48.087260 [INFO]  key: select bucket idx=38
2026/03/11 21:31:48.087263 [INFO]  loadObjects: bucket="elasticsearch-clarity-mgmt-pro" prefix=""
2026/03/11 21:31:48.087268 [INFO]  S3 ListObjects called bucket="elasticsearch-clarity-mgmt-pro" prefix=""
2026/03/11 21:31:48.234735 [INFO]  S3 ListObjects returned 7 items
2026/03/11 21:31:48.234780 [DEBUG] loadObjects: 7 objects loaded, rendering
2026/03/11 21:31:48.234786 [DEBUG] render: buckets=50 objects=7 bucketIdx=38 objIdx=0
2026/03/11 21:31:48.255856 [DEBUG] key: bucket up (idx=38)
2026/03/11 21:31:48.255892 [INFO]  key: select bucket idx=37
2026/03/11 21:31:48.255924 [INFO]  loadObjects: bucket="datadog-log-archive-clarity-mgmt-pro" prefix=""
2026/03/11 21:31:48.255933 [INFO]  S3 ListObjects called bucket="datadog-log-archive-clarity-mgmt-pro" prefix=""
2026/03/11 21:31:48.414570 [INFO]  S3 ListObjects returned 5 items
2026/03/11 21:31:48.414610 [DEBUG] loadObjects: 5 objects loaded, rendering
2026/03/11 21:31:48.414614 [DEBUG] render: buckets=50 objects=5 bucketIdx=37 objIdx=0
2026/03/11 21:31:48.473809 [DEBUG] key: bucket up (idx=37)
2026/03/11 21:31:48.473834 [INFO]  key: select bucket idx=36
2026/03/11 21:31:48.473839 [INFO]  loadObjects: bucket="datadog-backups-mgmt" prefix=""
2026/03/11 21:31:48.473845 [INFO]  S3 ListObjects called bucket="datadog-backups-mgmt" prefix=""
2026/03/11 21:31:48.620705 [INFO]  S3 ListObjects returned 2 items
2026/03/11 21:31:48.620737 [DEBUG] loadObjects: 2 objects loaded, rendering
2026/03/11 21:31:48.620743 [DEBUG] render: buckets=50 objects=2 bucketIdx=36 objIdx=0
2026/03/11 21:31:48.643946 [DEBUG] key: bucket up (idx=36)
2026/03/11 21:31:48.643984 [INFO]  key: select bucket idx=35
2026/03/11 21:31:48.643991 [INFO]  loadObjects: bucket="customer-sam-5cc16d0b85e107000135c80c-clarity" prefix=""
2026/03/11 21:31:48.644000 [INFO]  S3 ListObjects called bucket="customer-sam-5cc16d0b85e107000135c80c-clarity" prefix=""
2026/03/11 21:31:48.784364 [INFO]  S3 ListObjects returned 2 items
2026/03/11 21:31:48.784382 [DEBUG] loadObjects: 2 objects loaded, rendering
2026/03/11 21:31:48.784384 [DEBUG] render: buckets=50 objects=2 bucketIdx=35 objIdx=0
2026/03/11 21:31:48.811784 [DEBUG] key: bucket up (idx=35)
2026/03/11 21:31:48.811820 [INFO]  key: select bucket idx=34
2026/03/11 21:31:48.811824 [INFO]  loadObjects: bucket="customer-qontigo-5ea9793d3db7f763b99d5e58-clarity" prefix=""
2026/03/11 21:31:48.811829 [INFO]  S3 ListObjects called bucket="customer-qontigo-5ea9793d3db7f763b99d5e58-clarity" prefix=""
2026/03/11 21:31:48.970976 [INFO]  S3 ListObjects returned 7 items
2026/03/11 21:31:48.971018 [DEBUG] loadObjects: 7 objects loaded, rendering
2026/03/11 21:31:48.971022 [DEBUG] render: buckets=50 objects=7 bucketIdx=34 objIdx=0
2026/03/11 21:31:48.981730 [DEBUG] key: bucket up (idx=34)
2026/03/11 21:31:48.981738 [INFO]  key: select bucket idx=33
2026/03/11 21:31:48.981742 [INFO]  loadObjects: bucket="customer-factset-5f16f2bad0f9bd40ae7cf701-clarity" prefix=""
2026/03/11 21:31:48.981749 [INFO]  S3 ListObjects called bucket="customer-factset-5f16f2bad0f9bd40ae7cf701-clarity" prefix=""
2026/03/11 21:31:49.130833 [INFO]  S3 ListObjects returned 1 items
2026/03/11 21:31:49.130857 [DEBUG] loadObjects: 1 objects loaded, rendering
2026/03/11 21:31:49.130859 [DEBUG] render: buckets=50 objects=1 bucketIdx=33 objIdx=0
2026/03/11 21:31:49.147734 [DEBUG] key: bucket up (idx=33)
2026/03/11 21:31:49.147746 [INFO]  key: select bucket idx=32
2026/03/11 21:31:49.147750 [INFO]  loadObjects: bucket="ctool-mgmt" prefix=""
2026/03/11 21:31:49.147753 [INFO]  S3 ListObjects called bucket="ctool-mgmt" prefix=""
2026/03/11 21:31:49.291275 [INFO]  S3 ListObjects returned 4 items
2026/03/11 21:31:49.291298 [DEBUG] loadObjects: 4 objects loaded, rendering
2026/03/11 21:31:49.291301 [DEBUG] render: buckets=50 objects=4 bucketIdx=32 objIdx=0
2026/03/11 21:31:49.316653 [DEBUG] key: bucket up (idx=32)
2026/03/11 21:31:49.316670 [INFO]  key: select bucket idx=31
2026/03/11 21:31:49.316673 [INFO]  loadObjects: bucket="collected-documents-exchange-clarity-mgmt-pro" prefix=""
2026/03/11 21:31:49.316676 [INFO]  S3 ListObjects called bucket="collected-documents-exchange-clarity-mgmt-pro" prefix=""
2026/03/11 21:31:49.586552 [INFO]  S3 ListObjects returned 441 items
2026/03/11 21:31:49.586576 [DEBUG] loadObjects: 441 objects loaded, rendering
2026/03/11 21:31:49.586580 [DEBUG] render: buckets=50 objects=441 bucketIdx=31 objIdx=0
2026/03/11 21:31:49.588400 [DEBUG] key: bucket up (idx=31)
2026/03/11 21:31:49.588417 [INFO]  key: select bucket idx=30
2026/03/11 21:31:49.588421 [INFO]  loadObjects: bucket="clarityai-corpdocs-mgmt" prefix=""
2026/03/11 21:31:49.588425 [INFO]  S3 ListObjects called bucket="clarityai-corpdocs-mgmt" prefix=""
2026/03/11 21:31:49.754204 [INFO]  S3 ListObjects returned 1 items
2026/03/11 21:31:49.754233 [DEBUG] loadObjects: 1 objects loaded, rendering
2026/03/11 21:31:49.754239 [DEBUG] render: buckets=50 objects=1 bucketIdx=30 objIdx=0
2026/03/11 21:31:49.754439 [DEBUG] key: bucket up (idx=30)
2026/03/11 21:31:49.754444 [INFO]  key: select bucket idx=29
2026/03/11 21:31:49.754448 [INFO]  loadObjects: bucket="clarity-terraform-state-mgmt-eu-central-1" prefix=""
2026/03/11 21:31:49.754454 [INFO]  S3 ListObjects called bucket="clarity-terraform-state-mgmt-eu-central-1" prefix=""
2026/03/11 21:31:49.911028 [INFO]  S3 ListObjects returned 181 items
2026/03/11 21:31:49.911050 [DEBUG] loadObjects: 181 objects loaded, rendering
2026/03/11 21:31:49.911054 [DEBUG] render: buckets=50 objects=181 bucketIdx=29 objIdx=0
2026/03/11 21:31:49.912167 [DEBUG] key: bucket up (idx=29)
2026/03/11 21:31:49.912176 [INFO]  key: select bucket idx=28
2026/03/11 21:31:49.912178 [INFO]  loadObjects: bucket="clarity-spike-snowflake-iceberg" prefix=""
2026/03/11 21:31:49.912180 [INFO]  S3 ListObjects called bucket="clarity-spike-snowflake-iceberg" prefix=""
2026/03/11 21:31:50.052018 [INFO]  S3 ListObjects returned 1 items
2026/03/11 21:31:50.052041 [DEBUG] loadObjects: 1 objects loaded, rendering
2026/03/11 21:31:50.052043 [DEBUG] render: buckets=50 objects=1 bucketIdx=28 objIdx=0
2026/03/11 21:31:50.517727 [DEBUG] key: bucket up (idx=28)
2026/03/11 21:31:50.517772 [INFO]  key: select bucket idx=27
2026/03/11 21:31:50.517778 [INFO]  loadObjects: bucket="clarity-modal" prefix=""
2026/03/11 21:31:50.517785 [INFO]  S3 ListObjects called bucket="clarity-modal" prefix=""
2026/03/11 21:31:50.685025 [INFO]  S3 ListObjects returned 24 items
2026/03/11 21:31:50.685049 [DEBUG] loadObjects: 24 objects loaded, rendering
2026/03/11 21:31:50.685054 [DEBUG] render: buckets=50 objects=24 bucketIdx=27 objIdx=0
2026/03/11 21:31:50.685430 [DEBUG] key: bucket up (idx=27)
2026/03/11 21:31:50.685444 [INFO]  key: select bucket idx=26
2026/03/11 21:31:50.685448 [INFO]  loadObjects: bucket="clarity-foundational-engineering" prefix=""
2026/03/11 21:31:50.685464 [INFO]  S3 ListObjects called bucket="clarity-foundational-engineering" prefix=""
2026/03/11 21:31:50.838679 [INFO]  S3 ListObjects returned 20 items
2026/03/11 21:31:50.838711 [DEBUG] loadObjects: 20 objects loaded, rendering
2026/03/11 21:31:50.838715 [DEBUG] render: buckets=50 objects=20 bucketIdx=26 objIdx=0
2026/03/11 21:31:50.883501 [DEBUG] key: bucket up (idx=26)
2026/03/11 21:31:50.883529 [INFO]  key: select bucket idx=25
2026/03/11 21:31:50.883534 [INFO]  loadObjects: bucket="clarity-athena-results-mgmt" prefix=""
2026/03/11 21:31:50.883539 [INFO]  S3 ListObjects called bucket="clarity-athena-results-mgmt" prefix=""
2026/03/11 21:31:51.019216 [INFO]  S3 ListObjects returned 0 items
2026/03/11 21:31:51.019240 [DEBUG] loadObjects: 0 objects loaded, rendering
2026/03/11 21:31:51.019244 [DEBUG] render: buckets=50 objects=0 bucketIdx=25 objIdx=0
2026/03/11 21:31:51.099896 [DEBUG] key: bucket up (idx=25)
2026/03/11 21:31:51.099918 [INFO]  key: select bucket idx=24
2026/03/11 21:31:51.099920 [INFO]  loadObjects: bucket="clarity-ai-mgmt-buck-64b25806" prefix=""
2026/03/11 21:31:51.099924 [INFO]  S3 ListObjects called bucket="clarity-ai-mgmt-buck-64b25806" prefix=""
2026/03/11 21:31:51.249843 [INFO]  S3 ListObjects returned 0 items
2026/03/11 21:31:51.249882 [DEBUG] loadObjects: 0 objects loaded, rendering
2026/03/11 21:31:51.249886 [DEBUG] render: buckets=50 objects=0 bucketIdx=24 objIdx=0
2026/03/11 21:31:51.317160 [DEBUG] key: bucket up (idx=24)
2026/03/11 21:31:51.317194 [INFO]  key: select bucket idx=23
2026/03/11 21:31:51.317199 [INFO]  loadObjects: bucket="clar-streamlit-app-buck-mgmt" prefix=""
2026/03/11 21:31:51.317204 [INFO]  S3 ListObjects called bucket="clar-streamlit-app-buck-mgmt" prefix=""
2026/03/11 21:31:51.465554 [INFO]  S3 ListObjects returned 1 items
2026/03/11 21:31:51.465579 [DEBUG] loadObjects: 1 objects loaded, rendering
2026/03/11 21:31:51.465583 [DEBUG] render: buckets=50 objects=1 bucketIdx=23 objIdx=0
2026/03/11 21:31:51.558417 [DEBUG] key: bucket up (idx=23)
2026/03/11 21:31:51.558443 [INFO]  key: select bucket idx=22
2026/03/11 21:31:51.558448 [INFO]  loadObjects: bucket="clar-search-dashboard-documents-mgmt" prefix=""
2026/03/11 21:31:51.558454 [INFO]  S3 ListObjects called bucket="clar-search-dashboard-documents-mgmt" prefix=""
2026/03/11 21:31:51.705826 [INFO]  S3 ListObjects returned 1 items
2026/03/11 21:31:51.705865 [DEBUG] loadObjects: 1 objects loaded, rendering
2026/03/11 21:31:51.705870 [DEBUG] render: buckets=50 objects=1 bucketIdx=22 objIdx=0
2026/03/11 21:31:51.770170 [DEBUG] key: bucket up (idx=22)
2026/03/11 21:31:51.770261 [INFO]  key: select bucket idx=21
2026/03/11 21:31:51.770275 [INFO]  loadObjects: bucket="clar-mlflow-genai-artifacts-store-mgmt" prefix=""
2026/03/11 21:31:51.770282 [INFO]  S3 ListObjects called bucket="clar-mlflow-genai-artifacts-store-mgmt" prefix=""
2026/03/11 21:31:51.928803 [INFO]  S3 ListObjects returned 37 items
2026/03/11 21:31:51.928819 [DEBUG] loadObjects: 37 objects loaded, rendering
2026/03/11 21:31:51.928820 [DEBUG] render: buckets=50 objects=37 bucketIdx=21 objIdx=0
2026/03/11 21:31:51.943921 [DEBUG] key: bucket up (idx=21)
2026/03/11 21:31:51.943967 [INFO]  key: select bucket idx=20
2026/03/11 21:31:51.943971 [INFO]  loadObjects: bucket="clar-metrics-validation-workspace-mgmt" prefix=""
2026/03/11 21:31:51.943978 [INFO]  S3 ListObjects called bucket="clar-metrics-validation-workspace-mgmt" prefix=""
2026/03/11 21:31:52.104351 [INFO]  S3 ListObjects returned 200 items
2026/03/11 21:31:52.104371 [DEBUG] loadObjects: 200 objects loaded, rendering
2026/03/11 21:31:52.104373 [DEBUG] render: buckets=50 objects=200 bucketIdx=20 objIdx=0
2026/03/11 21:31:52.138086 [DEBUG] key: bucket up (idx=20)
2026/03/11 21:31:52.138143 [INFO]  key: select bucket idx=19
2026/03/11 21:31:52.138151 [INFO]  loadObjects: bucket="clar-loki-ruler-mgmt" prefix=""
2026/03/11 21:31:52.138159 [INFO]  S3 ListObjects called bucket="clar-loki-ruler-mgmt" prefix=""
2026/03/11 21:31:52.296020 [INFO]  S3 ListObjects returned 0 items
2026/03/11 21:31:52.296061 [DEBUG] loadObjects: 0 objects loaded, rendering
2026/03/11 21:31:52.296065 [DEBUG] render: buckets=50 objects=0 bucketIdx=19 objIdx=0
2026/03/11 21:31:52.354522 [DEBUG] key: bucket up (idx=19)
2026/03/11 21:31:52.354552 [INFO]  key: select bucket idx=18
2026/03/11 21:31:52.354556 [INFO]  loadObjects: bucket="clar-loki-chunks-mgmt" prefix=""
2026/03/11 21:31:52.354561 [INFO]  S3 ListObjects called bucket="clar-loki-chunks-mgmt" prefix=""
2026/03/11 21:31:52.512227 [INFO]  S3 ListObjects returned 3 items
2026/03/11 21:31:52.512250 [DEBUG] loadObjects: 3 objects loaded, rendering
2026/03/11 21:31:52.512254 [DEBUG] render: buckets=50 objects=3 bucketIdx=18 objIdx=0
2026/03/11 21:31:52.547029 [DEBUG] key: bucket up (idx=18)
2026/03/11 21:31:52.547060 [INFO]  key: select bucket idx=17
2026/03/11 21:31:52.547067 [INFO]  loadObjects: bucket="clar-fast-api-app-test-mgmt" prefix=""
2026/03/11 21:31:52.547073 [INFO]  S3 ListObjects called bucket="clar-fast-api-app-test-mgmt" prefix=""
2026/03/11 21:31:52.693376 [INFO]  S3 ListObjects returned 0 items
2026/03/11 21:31:52.693413 [DEBUG] loadObjects: 0 objects loaded, rendering
2026/03/11 21:31:52.693419 [DEBUG] render: buckets=50 objects=0 bucketIdx=17 objIdx=0
2026/03/11 21:31:52.733627 [DEBUG] key: bucket up (idx=17)
2026/03/11 21:31:52.733647 [INFO]  key: select bucket idx=16
2026/03/11 21:31:52.733649 [INFO]  loadObjects: bucket="clar-fast-api-app-another-test-mgmt" prefix=""
2026/03/11 21:31:52.733652 [INFO]  S3 ListObjects called bucket="clar-fast-api-app-another-test-mgmt" prefix=""
2026/03/11 21:31:52.890879 [INFO]  S3 ListObjects returned 0 items
2026/03/11 21:31:52.890901 [DEBUG] loadObjects: 0 objects loaded, rendering
2026/03/11 21:31:52.890905 [DEBUG] render: buckets=50 objects=0 bucketIdx=16 objIdx=0
2026/03/11 21:31:52.931840 [DEBUG] key: bucket up (idx=16)
2026/03/11 21:31:52.931898 [INFO]  key: select bucket idx=15
2026/03/11 21:31:52.931909 [INFO]  loadObjects: bucket="clar-clarityai-assistant-report-mgmt" prefix=""
2026/03/11 21:31:52.931919 [INFO]  S3 ListObjects called bucket="clar-clarityai-assistant-report-mgmt" prefix=""
2026/03/11 21:31:53.108597 [INFO]  S3 ListObjects returned 0 items
2026/03/11 21:31:53.108636 [DEBUG] loadObjects: 0 objects loaded, rendering
2026/03/11 21:31:53.108644 [DEBUG] render: buckets=50 objects=0 bucketIdx=15 objIdx=0
2026/03/11 21:31:53.125017 [DEBUG] key: bucket up (idx=15)
2026/03/11 21:31:53.125072 [INFO]  key: select bucket idx=14
2026/03/11 21:31:53.125084 [INFO]  loadObjects: bucket="clar-clarityai-assistant-chat-mgmt" prefix=""
2026/03/11 21:31:53.125121 [INFO]  S3 ListObjects called bucket="clar-clarityai-assistant-chat-mgmt" prefix=""
2026/03/11 21:31:53.283717 [INFO]  S3 ListObjects returned 2 items
2026/03/11 21:31:53.283771 [DEBUG] loadObjects: 2 objects loaded, rendering
2026/03/11 21:31:53.283779 [DEBUG] render: buckets=50 objects=2 bucketIdx=14 objIdx=0
2026/03/11 21:31:53.293559 [DEBUG] key: bucket up (idx=14)
2026/03/11 21:31:53.293569 [INFO]  key: select bucket idx=13
2026/03/11 21:31:53.293572 [INFO]  loadObjects: bucket="clar-assistant-performance-tracker-data-mgmt" prefix=""
2026/03/11 21:31:53.293575 [INFO]  S3 ListObjects called bucket="clar-assistant-performance-tracker-data-mgmt" prefix=""
2026/03/11 21:31:53.456581 [INFO]  S3 ListObjects returned 1 items
2026/03/11 21:31:53.456624 [DEBUG] loadObjects: 1 objects loaded, rendering
2026/03/11 21:31:53.456631 [DEBUG] render: buckets=50 objects=1 bucketIdx=13 objIdx=0
2026/03/11 21:31:53.488055 [DEBUG] key: bucket up (idx=13)
2026/03/11 21:31:53.488123 [INFO]  key: select bucket idx=12
2026/03/11 21:31:53.488140 [INFO]  loadObjects: bucket="chatcommands-mgmt" prefix=""
2026/03/11 21:31:53.488150 [INFO]  S3 ListObjects called bucket="chatcommands-mgmt" prefix=""
2026/03/11 21:31:53.629865 [INFO]  S3 ListObjects returned 3 items
2026/03/11 21:31:53.629904 [DEBUG] loadObjects: 3 objects loaded, rendering
2026/03/11 21:31:53.629911 [DEBUG] render: buckets=50 objects=3 bucketIdx=12 objIdx=0
2026/03/11 21:31:53.680045 [DEBUG] key: bucket up (idx=12)
2026/03/11 21:31:53.680124 [INFO]  key: select bucket idx=11
2026/03/11 21:31:53.680139 [INFO]  loadObjects: bucket="backup-reference-data-clarity-mgmt-pro" prefix=""
2026/03/11 21:31:53.680149 [INFO]  S3 ListObjects called bucket="backup-reference-data-clarity-mgmt-pro" prefix=""
2026/03/11 21:31:53.819967 [ERROR] S3 ListObjects failed: operation error S3: ListObjectsV2, https response error StatusCode: 403, RequestID: SBE2X8RFSCP559JW, HostID: N5UQ91oBZI0TzqWc3r0Sftgeq+xGHQYRqcTzghev/DBPEsK86zjy5qQZ927l9Q7i34nLOEdFGkrKU/snrnJuHDSjTGxf+lobjJzoCeEPkto=, api error AccessDenied: User: arn:aws:sts::913932804865:assumed-role/federateclarity/aws-go-sdk-1773261083087670874 is not authorized to perform: s3:ListBucket on resource: "arn:aws:s3:::backup-reference-data-clarity-mgmt-pro" with an explicit deny in a resource-based policy
2026/03/11 21:31:53.819999 [ERROR] loadObjects failed: operation error S3: ListObjectsV2, https response error StatusCode: 403, RequestID: SBE2X8RFSCP559JW, HostID: N5UQ91oBZI0TzqWc3r0Sftgeq+xGHQYRqcTzghev/DBPEsK86zjy5qQZ927l9Q7i34nLOEdFGkrKU/snrnJuHDSjTGxf+lobjJzoCeEPkto=, api error AccessDenied: User: arn:aws:sts::913932804865:assumed-role/federateclarity/aws-go-sdk-1773261083087670874 is not authorized to perform: s3:ListBucket on resource: "arn:aws:s3:::backup-reference-data-clarity-mgmt-pro" with an explicit deny in a resource-based policy
2026/03/11 21:31:53.868640 [DEBUG] key: bucket up (idx=11)
2026/03/11 21:31:53.868698 [INFO]  key: select bucket idx=10
2026/03/11 21:31:53.868707 [INFO]  loadObjects: bucket="backup-data-platform-clarity-mgmt-pro" prefix=""
2026/03/11 21:31:53.868718 [INFO]  S3 ListObjects called bucket="backup-data-platform-clarity-mgmt-pro" prefix=""
2026/03/11 21:31:54.024648 [INFO]  S3 ListObjects returned 10 items
2026/03/11 21:31:54.024685 [DEBUG] loadObjects: 10 objects loaded, rendering
2026/03/11 21:31:54.024690 [DEBUG] render: buckets=50 objects=10 bucketIdx=10 objIdx=0
2026/03/11 21:31:54.041614 [DEBUG] key: bucket up (idx=10)
2026/03/11 21:31:54.041632 [INFO]  key: select bucket idx=9
2026/03/11 21:31:54.041635 [INFO]  loadObjects: bucket="aws-logs-913932804865-eu-central-1" prefix=""
2026/03/11 21:31:54.041638 [INFO]  S3 ListObjects called bucket="aws-logs-913932804865-eu-central-1" prefix=""
2026/03/11 21:31:54.180382 [INFO]  S3 ListObjects returned 1 items
2026/03/11 21:31:54.180424 [DEBUG] loadObjects: 1 objects loaded, rendering
2026/03/11 21:31:54.180429 [DEBUG] render: buckets=50 objects=1 bucketIdx=9 objIdx=0
2026/03/11 21:31:54.228708 [DEBUG] key: bucket up (idx=9)
2026/03/11 21:31:54.228727 [INFO]  key: select bucket idx=8
2026/03/11 21:31:54.228730 [INFO]  loadObjects: bucket="aws-emr-resources-913932804865-eu-central-1" prefix=""
2026/03/11 21:31:54.228733 [INFO]  S3 ListObjects called bucket="aws-emr-resources-913932804865-eu-central-1" prefix=""
2026/03/11 21:31:54.390568 [INFO]  S3 ListObjects returned 0 items
2026/03/11 21:31:54.390612 [DEBUG] loadObjects: 0 objects loaded, rendering
2026/03/11 21:31:54.390616 [DEBUG] render: buckets=50 objects=0 bucketIdx=8 objIdx=0
2026/03/11 21:31:54.421793 [DEBUG] key: bucket up (idx=8)
2026/03/11 21:31:54.421831 [INFO]  key: select bucket idx=7
2026/03/11 21:31:54.421836 [INFO]  loadObjects: bucket="aws-athena-query-results-eu-central-1-913932804865" prefix=""
2026/03/11 21:31:54.421844 [INFO]  S3 ListObjects called bucket="aws-athena-query-results-eu-central-1-913932804865" prefix=""
2026/03/11 21:31:54.591331 [INFO]  S3 ListObjects returned 54 items
2026/03/11 21:31:54.591348 [DEBUG] loadObjects: 54 objects loaded, rendering
2026/03/11 21:31:54.591350 [DEBUG] render: buckets=50 objects=54 bucketIdx=7 objIdx=0
2026/03/11 21:31:54.599251 [DEBUG] key: bucket up (idx=7)
2026/03/11 21:31:54.599265 [INFO]  key: select bucket idx=6
2026/03/11 21:31:54.599270 [INFO]  loadObjects: bucket="aws-athena-query-results-913932804865-eu-central-1" prefix=""
2026/03/11 21:31:54.599276 [INFO]  S3 ListObjects called bucket="aws-athena-query-results-913932804865-eu-central-1" prefix=""
2026/03/11 21:31:54.757014 [INFO]  S3 ListObjects returned 1 items
2026/03/11 21:31:54.757061 [DEBUG] loadObjects: 1 objects loaded, rendering
2026/03/11 21:31:54.757064 [DEBUG] render: buckets=50 objects=1 bucketIdx=6 objIdx=0
2026/03/11 21:31:54.765287 [DEBUG] key: bucket up (idx=6)
2026/03/11 21:31:54.765318 [INFO]  key: select bucket idx=5
2026/03/11 21:31:54.765322 [INFO]  loadObjects: bucket="augmentedai-clarity-mgmt-pro" prefix=""
2026/03/11 21:31:54.765328 [INFO]  S3 ListObjects called bucket="augmentedai-clarity-mgmt-pro" prefix=""
2026/03/11 21:31:54.919142 [INFO]  S3 ListObjects returned 2 items
2026/03/11 21:31:54.919191 [DEBUG] loadObjects: 2 objects loaded, rendering
2026/03/11 21:31:54.919196 [DEBUG] render: buckets=50 objects=2 bucketIdx=5 objIdx=0
2026/03/11 21:31:54.951697 [DEBUG] key: bucket up (idx=5)
2026/03/11 21:31:54.951723 [INFO]  key: select bucket idx=4
2026/03/11 21:31:54.951727 [INFO]  loadObjects: bucket="artifacts-clarity-mgmt-pro" prefix=""
2026/03/11 21:31:54.951733 [INFO]  S3 ListObjects called bucket="artifacts-clarity-mgmt-pro" prefix=""
2026/03/11 21:31:55.126169 [INFO]  S3 ListObjects returned 11 items
2026/03/11 21:31:55.126194 [DEBUG] loadObjects: 11 objects loaded, rendering
2026/03/11 21:31:55.126198 [DEBUG] render: buckets=50 objects=11 bucketIdx=4 objIdx=0
2026/03/11 21:31:55.126444 [DEBUG] key: bucket up (idx=4)
2026/03/11 21:31:55.126446 [INFO]  key: select bucket idx=3
2026/03/11 21:31:55.126448 [INFO]  loadObjects: bucket="argo-workflows-clarity-mgmt-pro" prefix=""
2026/03/11 21:31:55.126450 [INFO]  S3 ListObjects called bucket="argo-workflows-clarity-mgmt-pro" prefix=""
2026/03/11 21:31:55.363350 [INFO]  S3 ListObjects returned 1000 items
2026/03/11 21:31:55.363374 [DEBUG] loadObjects: 1000 objects loaded, rendering
2026/03/11 21:31:55.363376 [DEBUG] render: buckets=50 objects=1000 bucketIdx=3 objIdx=0
2026/03/11 21:31:55.367494 [DEBUG] key: bucket up (idx=3)
2026/03/11 21:31:55.367513 [INFO]  key: select bucket idx=2
2026/03/11 21:31:55.367517 [INFO]  loadObjects: bucket="airflowv2-clarity-mgmt-pro" prefix=""
2026/03/11 21:31:55.367522 [INFO]  S3 ListObjects called bucket="airflowv2-clarity-mgmt-pro" prefix=""
2026/03/11 21:31:55.515772 [INFO]  S3 ListObjects returned 2 items
2026/03/11 21:31:55.515798 [DEBUG] loadObjects: 2 objects loaded, rendering
2026/03/11 21:31:55.515804 [DEBUG] render: buckets=50 objects=2 bucketIdx=2 objIdx=0
2026/03/11 21:31:55.515973 [DEBUG] key: bucket up (idx=2)
2026/03/11 21:31:55.515979 [INFO]  key: select bucket idx=1
2026/03/11 21:31:55.515985 [INFO]  loadObjects: bucket="airflowlogs-clarity-mgmt-pro" prefix=""
2026/03/11 21:31:55.515993 [INFO]  S3 ListObjects called bucket="airflowlogs-clarity-mgmt-pro" prefix=""
2026/03/11 21:31:55.667442 [INFO]  S3 ListObjects returned 4 items
2026/03/11 21:31:55.667465 [DEBUG] loadObjects: 4 objects loaded, rendering
2026/03/11 21:31:55.667468 [DEBUG] render: buckets=50 objects=4 bucketIdx=1 objIdx=0
2026/03/11 21:31:55.667636 [DEBUG] key: bucket up (idx=1)
2026/03/11 21:31:55.667640 [INFO]  key: select bucket idx=0
2026/03/11 21:31:55.667643 [INFO]  loadObjects: bucket="airflow-testing-clarity-mgmt" prefix=""
2026/03/11 21:31:55.667647 [INFO]  S3 ListObjects called bucket="airflow-testing-clarity-mgmt" prefix=""
2026/03/11 21:31:55.834726 [INFO]  S3 ListObjects returned 3 items
2026/03/11 21:31:55.834765 [DEBUG] loadObjects: 3 objects loaded, rendering
2026/03/11 21:31:55.834770 [DEBUG] render: buckets=50 objects=3 bucketIdx=0 objIdx=0
2026/03/11 21:31:55.835028 [DEBUG] key: bucket up (idx=0)
2026/03/11 21:31:55.921856 [DEBUG] key: bucket up (idx=0)
2026/03/11 21:31:56.065728 [DEBUG] key: bucket up (idx=0)
2026/03/11 21:31:56.206172 [DEBUG] key: bucket up (idx=0)
2026/03/11 21:31:56.356091 [DEBUG] key: bucket up (idx=0)
2026/03/11 21:31:56.937312 [DEBUG] key: bucket up (idx=0)
2026/03/11 21:31:57.079966 [DEBUG] key: bucket up (idx=0)
2026/03/11 21:31:57.222035 [DEBUG] key: bucket up (idx=0)
2026/03/11 21:31:57.368051 [DEBUG] key: bucket up (idx=0)
2026/03/11 21:31:57.537031 [DEBUG] key: bucket up (idx=0)
2026/03/11 21:31:59.077560 [DEBUG] key: obj down (idx=0)
2026/03/11 21:31:59.077582 [DEBUG] render: buckets=50 objects=3 bucketIdx=0 objIdx=1
2026/03/11 21:31:59.415572 [DEBUG] key: obj down (idx=1)
2026/03/11 21:31:59.415598 [DEBUG] render: buckets=50 objects=3 bucketIdx=0 objIdx=2
2026/03/11 21:31:59.723967 [DEBUG] key: obj up (idx=2)
2026/03/11 21:31:59.724003 [DEBUG] render: buckets=50 objects=3 bucketIdx=0 objIdx=1
2026/03/11 21:31:59.849818 [DEBUG] key: obj up (idx=1)
2026/03/11 21:31:59.849871 [DEBUG] render: buckets=50 objects=3 bucketIdx=0 objIdx=0
2026/03/11 21:32:00.162406 [DEBUG] key: obj down (idx=0)
2026/03/11 21:32:00.162425 [DEBUG] render: buckets=50 objects=3 bucketIdx=0 objIdx=1
2026/03/11 21:32:00.306879 [DEBUG] key: obj down (idx=1)
2026/03/11 21:32:00.306899 [DEBUG] render: buckets=50 objects=3 bucketIdx=0 objIdx=2
2026/03/11 21:32:00.500443 [DEBUG] key: obj up (idx=2)
2026/03/11 21:32:00.500475 [DEBUG] render: buckets=50 objects=3 bucketIdx=0 objIdx=1
2026/03/11 21:32:00.620419 [DEBUG] key: obj up (idx=1)
2026/03/11 21:32:00.620498 [DEBUG] render: buckets=50 objects=3 bucketIdx=0 objIdx=0
2026/03/11 21:32:00.816006 [DEBUG] key: obj down (idx=0)
2026/03/11 21:32:00.816055 [DEBUG] render: buckets=50 objects=3 bucketIdx=0 objIdx=1
2026/03/11 21:32:00.957432 [DEBUG] key: obj down (idx=1)
2026/03/11 21:32:00.957462 [DEBUG] render: buckets=50 objects=3 bucketIdx=0 objIdx=2
2026/03/11 21:32:01.151129 [DEBUG] key: obj up (idx=2)
2026/03/11 21:32:01.151173 [DEBUG] render: buckets=50 objects=3 bucketIdx=0 objIdx=1
2026/03/11 21:32:01.295213 [DEBUG] key: obj up (idx=1)
2026/03/11 21:32:01.295259 [DEBUG] render: buckets=50 objects=3 bucketIdx=0 objIdx=0
2026/03/11 21:32:01.488085 [DEBUG] key: obj down (idx=0)
2026/03/11 21:32:01.488153 [DEBUG] render: buckets=50 objects=3 bucketIdx=0 objIdx=1
2026/03/11 21:32:01.651871 [DEBUG] key: obj down (idx=1)
2026/03/11 21:32:01.651891 [DEBUG] render: buckets=50 objects=3 bucketIdx=0 objIdx=2
2026/03/11 21:32:01.849929 [DEBUG] key: obj up (idx=2)
2026/03/11 21:32:01.849955 [DEBUG] render: buckets=50 objects=3 bucketIdx=0 objIdx=1
2026/03/11 21:32:01.995152 [DEBUG] key: obj up (idx=1)
2026/03/11 21:32:01.995201 [DEBUG] render: buckets=50 objects=3 bucketIdx=0 objIdx=0
2026/03/11 21:32:02.163935 [DEBUG] key: obj down (idx=0)
2026/03/11 21:32:02.163979 [DEBUG] render: buckets=50 objects=3 bucketIdx=0 objIdx=1
2026/03/11 21:32:02.308083 [DEBUG] key: obj down (idx=1)
2026/03/11 21:32:02.308117 [DEBUG] render: buckets=50 objects=3 bucketIdx=0 objIdx=2
2026/03/11 21:32:02.478082 [DEBUG] key: obj up (idx=2)
2026/03/11 21:32:02.478117 [DEBUG] render: buckets=50 objects=3 bucketIdx=0 objIdx=1
2026/03/11 21:32:02.646950 [DEBUG] key: obj up (idx=1)
2026/03/11 21:32:02.647012 [DEBUG] render: buckets=50 objects=3 bucketIdx=0 objIdx=0
2026/03/11 21:32:02.647362 [DEBUG] key: obj down (idx=0)
2026/03/11 21:32:02.647369 [DEBUG] render: buckets=50 objects=3 bucketIdx=0 objIdx=1
2026/03/11 21:32:03.202800 [DEBUG] key: obj down (idx=1)
2026/03/11 21:32:03.202825 [DEBUG] render: buckets=50 objects=3 bucketIdx=0 objIdx=2
2026/03/11 21:32:03.416956 [DEBUG] key: obj up (idx=2)
2026/03/11 21:32:03.416991 [DEBUG] render: buckets=50 objects=3 bucketIdx=0 objIdx=1
2026/03/11 21:32:03.562175 [DEBUG] key: obj up (idx=1)
2026/03/11 21:32:03.562219 [DEBUG] render: buckets=50 objects=3 bucketIdx=0 objIdx=0
2026/03/11 21:32:03.681782 [DEBUG] key: obj up (idx=0)
2026/03/11 21:32:03.875071 [DEBUG] key: obj down (idx=0)
2026/03/11 21:32:03.875131 [DEBUG] render: buckets=50 objects=3 bucketIdx=0 objIdx=1
2026/03/11 21:32:03.994925 [DEBUG] key: obj down (idx=1)
2026/03/11 21:32:03.994963 [DEBUG] render: buckets=50 objects=3 bucketIdx=0 objIdx=2
2026/03/11 21:32:04.140566 [DEBUG] key: obj down (idx=2)
2026/03/11 21:32:04.308938 [DEBUG] key: obj up (idx=2)
2026/03/11 21:32:04.308950 [DEBUG] render: buckets=50 objects=3 bucketIdx=0 objIdx=1
2026/03/11 21:32:04.454881 [DEBUG] key: obj up (idx=1)
2026/03/11 21:32:04.454907 [DEBUG] render: buckets=50 objects=3 bucketIdx=0 objIdx=0
2026/03/11 21:32:04.573830 [DEBUG] key: obj up (idx=0)
2026/03/11 21:32:04.791754 [DEBUG] key: obj down (idx=0)
2026/03/11 21:32:04.791781 [DEBUG] render: buckets=50 objects=3 bucketIdx=0 objIdx=1
2026/03/11 21:32:04.984071 [DEBUG] key: obj down (idx=1)
2026/03/11 21:32:04.984148 [DEBUG] render: buckets=50 objects=3 bucketIdx=0 objIdx=2
2026/03/11 21:32:05.489518 [DEBUG] key: obj up (idx=2)
2026/03/11 21:32:05.489559 [DEBUG] render: buckets=50 objects=3 bucketIdx=0 objIdx=1
2026/03/11 21:32:05.682077 [DEBUG] key: obj up (idx=1)
2026/03/11 21:32:05.682143 [DEBUG] render: buckets=50 objects=3 bucketIdx=0 objIdx=0
2026/03/11 21:32:06.503001 [DEBUG] key: enter object idx=0
2026/03/11 21:32:06.503028 [INFO]  loadObjects: bucket="airflow-testing-clarity-mgmt" prefix="jobs/"
2026/03/11 21:32:06.503034 [INFO]  S3 ListObjects called bucket="airflow-testing-clarity-mgmt" prefix="jobs/"
2026/03/11 21:32:06.667625 [INFO]  S3 ListObjects returned 7 items
2026/03/11 21:32:06.667657 [DEBUG] loadObjects: 7 objects loaded, rendering
2026/03/11 21:32:06.667663 [DEBUG] render: buckets=50 objects=7 bucketIdx=0 objIdx=0
2026/03/11 21:32:07.152083 [DEBUG] key: obj down (idx=0)
2026/03/11 21:32:07.152111 [DEBUG] render: buckets=50 objects=7 bucketIdx=0 objIdx=1
2026/03/11 21:32:07.297887 [DEBUG] key: obj down (idx=1)
2026/03/11 21:32:07.297922 [DEBUG] render: buckets=50 objects=7 bucketIdx=0 objIdx=2
2026/03/11 21:32:07.464840 [DEBUG] key: obj down (idx=2)
2026/03/11 21:32:07.464866 [DEBUG] render: buckets=50 objects=7 bucketIdx=0 objIdx=3
2026/03/11 21:32:07.609858 [DEBUG] key: obj down (idx=3)
2026/03/11 21:32:07.609891 [DEBUG] render: buckets=50 objects=7 bucketIdx=0 objIdx=4
2026/03/11 21:32:07.774407 [DEBUG] key: obj down (idx=4)
2026/03/11 21:32:07.774427 [DEBUG] render: buckets=50 objects=7 bucketIdx=0 objIdx=5
2026/03/11 21:32:08.190293 [DEBUG] key: obj down (idx=5)
2026/03/11 21:32:08.190434 [DEBUG] render: buckets=50 objects=7 bucketIdx=0 objIdx=6
2026/03/11 21:32:08.761528 [DEBUG] key: enter object idx=6
2026/03/11 21:32:08.761573 [INFO]  loadObjects: bucket="airflow-testing-clarity-mgmt" prefix="jobs/test_k8s_logging/"
2026/03/11 21:32:08.761584 [INFO]  S3 ListObjects called bucket="airflow-testing-clarity-mgmt" prefix="jobs/test_k8s_logging/"
2026/03/11 21:32:08.821949 [INFO]  S3 ListObjects returned 1 items
2026/03/11 21:32:08.821979 [DEBUG] loadObjects: 1 objects loaded, rendering
2026/03/11 21:32:08.821984 [DEBUG] render: buckets=50 objects=1 bucketIdx=0 objIdx=0
2026/03/11 21:32:09.152916 [DEBUG] key: obj down (idx=0)
2026/03/11 21:32:09.393970 [DEBUG] key: enter object idx=0
2026/03/11 21:32:09.393995 [INFO]  loadObjects: bucket="airflow-testing-clarity-mgmt" prefix="jobs/test_k8s_logging/config/"
2026/03/11 21:32:09.393999 [INFO]  S3 ListObjects called bucket="airflow-testing-clarity-mgmt" prefix="jobs/test_k8s_logging/config/"
2026/03/11 21:32:09.456034 [INFO]  S3 ListObjects returned 3 items
2026/03/11 21:32:09.456072 [DEBUG] loadObjects: 3 objects loaded, rendering
2026/03/11 21:32:09.456079 [DEBUG] render: buckets=50 objects=3 bucketIdx=0 objIdx=0
2026/03/11 21:32:09.776943 [DEBUG] key: obj down (idx=0)
2026/03/11 21:32:09.776974 [DEBUG] render: buckets=50 objects=3 bucketIdx=0 objIdx=1
2026/03/11 21:32:10.260842 [DEBUG] key: obj down (idx=1)
2026/03/11 21:32:10.260866 [DEBUG] render: buckets=50 objects=3 bucketIdx=0 objIdx=2
2026/03/11 21:32:10.452863 [DEBUG] key: enter object idx=2
2026/03/11 21:32:10.452903 [INFO]  loadObjects: bucket="airflow-testing-clarity-mgmt" prefix="jobs/test_k8s_logging/config/execution_date=2025-11-03T15:40:00Z/"
2026/03/11 21:32:10.452919 [INFO]  S3 ListObjects called bucket="airflow-testing-clarity-mgmt" prefix="jobs/test_k8s_logging/config/execution_date=2025-11-03T15:40:00Z/"
2026/03/11 21:32:10.515668 [INFO]  S3 ListObjects returned 1 items
2026/03/11 21:32:10.515703 [DEBUG] loadObjects: 1 objects loaded, rendering
2026/03/11 21:32:10.515712 [DEBUG] render: buckets=50 objects=1 bucketIdx=0 objIdx=0
2026/03/11 21:32:10.840422 [DEBUG] key: obj down (idx=0)
2026/03/11 21:32:11.104607 [DEBUG] key: enter object idx=0
2026/03/11 21:32:11.561177 [DEBUG] key: enter object idx=0
2026/03/11 21:32:12.186900 [DEBUG] key: obj down (idx=0)
2026/03/11 21:32:12.356602 [DEBUG] key: obj down (idx=0)
2026/03/11 21:32:12.525134 [DEBUG] key: obj up (idx=0)
2026/03/11 21:32:23.020603 [INFO]  key: quit
2026/03/11 21:32:23.020640 [INFO]  App exiting normally
2026/03/11 21:32:53.484230 [INFO]  App starting
2026/03/11 21:32:53.484700 [DEBUG] layout: first render, loading buckets
2026/03/11 21:32:53.484732 [INFO]  loadBuckets: listing buckets
2026/03/11 21:32:53.484739 [INFO]  S3 ListBuckets called
2026/03/11 21:32:53.875247 [INFO]  S3 ListBuckets returned 75 buckets
2026/03/11 21:32:53.875275 [INFO]  loadBuckets: got 75 buckets
2026/03/11 21:32:53.875280 [INFO]  loadObjects: bucket="airflow-testing-clarity-mgmt" prefix=""
2026/03/11 21:32:53.875287 [INFO]  S3 ListObjects called bucket="airflow-testing-clarity-mgmt" prefix=""
2026/03/11 21:32:54.031185 [INFO]  S3 ListObjects returned 3 items
2026/03/11 21:32:54.031220 [DEBUG] loadObjects: 3 objects loaded, rendering
2026/03/11 21:32:54.031226 [DEBUG] render: buckets=50 objects=3 bucketIdx=0 objIdx=0
2026/03/11 21:32:55.163526 [DEBUG] key: bucket down (idx=0)
2026/03/11 21:32:55.163599 [INFO]  key: select bucket idx=1
2026/03/11 21:32:55.163619 [INFO]  loadObjects: bucket="airflowlogs-clarity-mgmt-pro" prefix=""
2026/03/11 21:32:55.163645 [INFO]  S3 ListObjects called bucket="airflowlogs-clarity-mgmt-pro" prefix=""
2026/03/11 21:32:55.330255 [INFO]  S3 ListObjects returned 4 items
2026/03/11 21:32:55.330278 [DEBUG] loadObjects: 4 objects loaded, rendering
2026/03/11 21:32:55.330286 [DEBUG] render: buckets=50 objects=4 bucketIdx=1 objIdx=0
2026/03/11 21:32:55.644078 [DEBUG] key: bucket down (idx=1)
2026/03/11 21:32:55.644125 [INFO]  key: select bucket idx=2
2026/03/11 21:32:55.644133 [INFO]  loadObjects: bucket="airflowv2-clarity-mgmt-pro" prefix=""
2026/03/11 21:32:55.644140 [INFO]  S3 ListObjects called bucket="airflowv2-clarity-mgmt-pro" prefix=""
2026/03/11 21:32:55.804818 [INFO]  S3 ListObjects returned 2 items
2026/03/11 21:32:55.804851 [DEBUG] loadObjects: 2 objects loaded, rendering
2026/03/11 21:32:55.804856 [DEBUG] render: buckets=50 objects=2 bucketIdx=2 objIdx=0
2026/03/11 21:32:55.975213 [DEBUG] key: bucket down (idx=2)
2026/03/11 21:32:55.975237 [INFO]  key: select bucket idx=3
2026/03/11 21:32:55.975240 [INFO]  loadObjects: bucket="argo-workflows-clarity-mgmt-pro" prefix=""
2026/03/11 21:32:55.975243 [INFO]  S3 ListObjects called bucket="argo-workflows-clarity-mgmt-pro" prefix=""
2026/03/11 21:32:56.238996 [INFO]  S3 ListObjects returned 1000 items
2026/03/11 21:32:56.239022 [DEBUG] loadObjects: 1000 objects loaded, rendering
2026/03/11 21:32:56.239024 [DEBUG] render: buckets=50 objects=1000 bucketIdx=3 objIdx=0
2026/03/11 21:32:56.294011 [DEBUG] key: bucket down (idx=3)
2026/03/11 21:32:56.294049 [INFO]  key: select bucket idx=4
2026/03/11 21:32:56.294055 [INFO]  loadObjects: bucket="artifacts-clarity-mgmt-pro" prefix=""
2026/03/11 21:32:56.294063 [INFO]  S3 ListObjects called bucket="artifacts-clarity-mgmt-pro" prefix=""
2026/03/11 21:32:56.453529 [INFO]  S3 ListObjects returned 11 items
2026/03/11 21:32:56.453553 [DEBUG] loadObjects: 11 objects loaded, rendering
2026/03/11 21:32:56.453555 [DEBUG] render: buckets=50 objects=11 bucketIdx=4 objIdx=0
2026/03/11 21:32:56.843805 [DEBUG] key: bucket up (idx=4)
2026/03/11 21:32:56.843851 [INFO]  key: select bucket idx=3
2026/03/11 21:32:56.843859 [INFO]  loadObjects: bucket="argo-workflows-clarity-mgmt-pro" prefix=""
2026/03/11 21:32:56.843866 [INFO]  S3 ListObjects called bucket="argo-workflows-clarity-mgmt-pro" prefix=""
2026/03/11 21:32:56.964708 [INFO]  S3 ListObjects returned 1000 items
2026/03/11 21:32:56.964758 [DEBUG] loadObjects: 1000 objects loaded, rendering
2026/03/11 21:32:56.964766 [DEBUG] render: buckets=50 objects=1000 bucketIdx=3 objIdx=0
2026/03/11 21:35:58.886739 [DEBUG] key: bucket down (idx=3)
2026/03/11 21:35:58.886796 [INFO]  key: select bucket idx=4
2026/03/11 21:35:58.886801 [INFO]  loadObjects: bucket="artifacts-clarity-mgmt-pro" prefix=""
2026/03/11 21:35:58.886821 [INFO]  S3 ListObjects called bucket="artifacts-clarity-mgmt-pro" prefix=""
2026/03/11 21:35:59.050622 [INFO]  S3 ListObjects returned 11 items
2026/03/11 21:35:59.050641 [DEBUG] loadObjects: 11 objects loaded, rendering
2026/03/11 21:35:59.050643 [DEBUG] render: buckets=50 objects=11 bucketIdx=4 objIdx=0
2026/03/11 21:35:59.442424 [DEBUG] key: bucket up (idx=4)
2026/03/11 21:35:59.442452 [INFO]  key: select bucket idx=3
2026/03/11 21:35:59.442456 [INFO]  loadObjects: bucket="argo-workflows-clarity-mgmt-pro" prefix=""
2026/03/11 21:35:59.442462 [INFO]  S3 ListObjects called bucket="argo-workflows-clarity-mgmt-pro" prefix=""
2026/03/11 21:35:59.687638 [INFO]  S3 ListObjects returned 1000 items
2026/03/11 21:35:59.687661 [DEBUG] loadObjects: 1000 objects loaded, rendering
2026/03/11 21:35:59.687663 [DEBUG] render: buckets=50 objects=1000 bucketIdx=3 objIdx=0
2026/03/11 21:44:07.168303 [INFO]  key: quit
2026/03/11 21:44:07.168358 [INFO]  App exiting normally
2026/03/11 21:44:09.656853 [INFO]  App starting
2026/03/11 21:44:09.657109 [DEBUG] layout: first render, loading buckets
2026/03/11 21:44:09.657127 [INFO]  loadBuckets: listing buckets
2026/03/11 21:44:09.657129 [INFO]  S3 ListBuckets called
2026/03/11 21:44:10.053389 [INFO]  S3 ListBuckets returned 75 buckets
2026/03/11 21:44:10.053409 [INFO]  loadBuckets: got 75 buckets
2026/03/11 21:44:10.053412 [INFO]  loadObjects: bucket="airflow-testing-clarity-mgmt" prefix=""
2026/03/11 21:44:10.053416 [INFO]  S3 ListObjects called bucket="airflow-testing-clarity-mgmt" prefix=""
2026/03/11 21:44:10.206036 [INFO]  S3 ListObjects returned 3 items
2026/03/11 21:44:10.206081 [DEBUG] loadObjects: 3 objects loaded, rendering
2026/03/11 21:44:10.206089 [DEBUG] render: buckets=50 objects=3 bucketIdx=0 objIdx=0
2026/03/11 21:44:10.619905 [DEBUG] key: bucket down (idx=0)
2026/03/11 21:44:10.619941 [INFO]  key: select bucket idx=1
2026/03/11 21:44:10.619948 [INFO]  loadObjects: bucket="airflowlogs-clarity-mgmt-pro" prefix=""
2026/03/11 21:44:10.619959 [INFO]  S3 ListObjects called bucket="airflowlogs-clarity-mgmt-pro" prefix=""
2026/03/11 21:44:10.802077 [INFO]  S3 ListObjects returned 4 items
2026/03/11 21:44:10.802135 [DEBUG] loadObjects: 4 objects loaded, rendering
2026/03/11 21:44:10.802141 [DEBUG] render: buckets=50 objects=4 bucketIdx=1 objIdx=0
2026/03/11 21:44:10.805859 [DEBUG] key: bucket down (idx=1)
2026/03/11 21:44:10.805884 [INFO]  key: select bucket idx=2
2026/03/11 21:44:10.805893 [INFO]  loadObjects: bucket="airflowv2-clarity-mgmt-pro" prefix=""
2026/03/11 21:44:10.805902 [INFO]  S3 ListObjects called bucket="airflowv2-clarity-mgmt-pro" prefix=""
2026/03/11 21:44:10.960714 [INFO]  S3 ListObjects returned 2 items
2026/03/11 21:44:10.960750 [DEBUG] loadObjects: 2 objects loaded, rendering
2026/03/11 21:44:10.960758 [DEBUG] render: buckets=50 objects=2 bucketIdx=2 objIdx=0
2026/03/11 21:44:10.979777 [DEBUG] key: bucket down (idx=2)
2026/03/11 21:44:10.979827 [INFO]  key: select bucket idx=3
2026/03/11 21:44:10.979833 [INFO]  loadObjects: bucket="argo-workflows-clarity-mgmt-pro" prefix=""
2026/03/11 21:44:10.979840 [INFO]  S3 ListObjects called bucket="argo-workflows-clarity-mgmt-pro" prefix=""
2026/03/11 21:44:11.263125 [INFO]  S3 ListObjects returned 1000 items
2026/03/11 21:44:11.263146 [DEBUG] loadObjects: 1000 objects loaded, rendering
2026/03/11 21:44:11.263149 [DEBUG] render: buckets=50 objects=1000 bucketIdx=3 objIdx=0
2026/03/11 21:44:11.263283 [DEBUG] key: bucket down (idx=3)
2026/03/11 21:44:11.263286 [INFO]  key: select bucket idx=4
2026/03/11 21:44:11.263288 [INFO]  loadObjects: bucket="artifacts-clarity-mgmt-pro" prefix=""
2026/03/11 21:44:11.263290 [INFO]  S3 ListObjects called bucket="artifacts-clarity-mgmt-pro" prefix=""
2026/03/11 21:44:11.435693 [INFO]  S3 ListObjects returned 11 items
2026/03/11 21:44:11.435728 [DEBUG] loadObjects: 11 objects loaded, rendering
2026/03/11 21:44:11.435736 [DEBUG] render: buckets=50 objects=11 bucketIdx=4 objIdx=0
2026/03/11 21:44:11.435991 [DEBUG] key: bucket down (idx=4)
2026/03/11 21:44:11.435999 [INFO]  key: select bucket idx=5
2026/03/11 21:44:11.436024 [INFO]  loadObjects: bucket="augmentedai-clarity-mgmt-pro" prefix=""
2026/03/11 21:44:11.436030 [INFO]  S3 ListObjects called bucket="augmentedai-clarity-mgmt-pro" prefix=""
2026/03/11 21:44:11.593489 [INFO]  S3 ListObjects returned 2 items
2026/03/11 21:44:11.593528 [DEBUG] loadObjects: 2 objects loaded, rendering
2026/03/11 21:44:11.593533 [DEBUG] render: buckets=50 objects=2 bucketIdx=5 objIdx=0
2026/03/11 21:44:11.593877 [DEBUG] key: bucket down (idx=5)
2026/03/11 21:44:11.593883 [INFO]  key: select bucket idx=6
2026/03/11 21:44:11.593887 [INFO]  loadObjects: bucket="aws-athena-query-results-913932804865-eu-central-1" prefix=""
2026/03/11 21:44:11.593893 [INFO]  S3 ListObjects called bucket="aws-athena-query-results-913932804865-eu-central-1" prefix=""
2026/03/11 21:44:11.756358 [INFO]  S3 ListObjects returned 1 items
2026/03/11 21:44:11.756410 [DEBUG] loadObjects: 1 objects loaded, rendering
2026/03/11 21:44:11.756415 [DEBUG] render: buckets=50 objects=1 bucketIdx=6 objIdx=0
2026/03/11 21:44:11.756652 [DEBUG] key: bucket down (idx=6)
2026/03/11 21:44:11.756658 [INFO]  key: select bucket idx=7
2026/03/11 21:44:11.756662 [INFO]  loadObjects: bucket="aws-athena-query-results-eu-central-1-913932804865" prefix=""
2026/03/11 21:44:11.756667 [INFO]  S3 ListObjects called bucket="aws-athena-query-results-eu-central-1-913932804865" prefix=""
2026/03/11 21:44:11.910931 [INFO]  S3 ListObjects returned 54 items
2026/03/11 21:44:11.910952 [DEBUG] loadObjects: 54 objects loaded, rendering
2026/03/11 21:44:11.910956 [DEBUG] render: buckets=50 objects=54 bucketIdx=7 objIdx=0
2026/03/11 21:44:11.911251 [DEBUG] key: bucket down (idx=7)
2026/03/11 21:44:11.911257 [INFO]  key: select bucket idx=8
2026/03/11 21:44:11.911261 [INFO]  loadObjects: bucket="aws-emr-resources-913932804865-eu-central-1" prefix=""
2026/03/11 21:44:11.911265 [INFO]  S3 ListObjects called bucket="aws-emr-resources-913932804865-eu-central-1" prefix=""
2026/03/11 21:44:12.064143 [INFO]  S3 ListObjects returned 0 items
2026/03/11 21:44:12.064169 [DEBUG] loadObjects: 0 objects loaded, rendering
2026/03/11 21:44:12.064173 [DEBUG] render: buckets=50 objects=0 bucketIdx=8 objIdx=0
2026/03/11 21:44:12.107686 [DEBUG] key: bucket down (idx=8)
2026/03/11 21:44:12.107706 [INFO]  key: select bucket idx=9
2026/03/11 21:44:12.107709 [INFO]  loadObjects: bucket="aws-logs-913932804865-eu-central-1" prefix=""
2026/03/11 21:44:12.107712 [INFO]  S3 ListObjects called bucket="aws-logs-913932804865-eu-central-1" prefix=""
2026/03/11 21:44:12.256248 [INFO]  S3 ListObjects returned 1 items
2026/03/11 21:44:12.256296 [DEBUG] loadObjects: 1 objects loaded, rendering
2026/03/11 21:44:12.256301 [DEBUG] render: buckets=50 objects=1 bucketIdx=9 objIdx=0
2026/03/11 21:44:12.376683 [DEBUG] key: bucket down (idx=9)
2026/03/11 21:44:12.376708 [INFO]  key: select bucket idx=10
2026/03/11 21:44:12.376712 [INFO]  loadObjects: bucket="backup-data-platform-clarity-mgmt-pro" prefix=""
2026/03/11 21:44:12.376718 [INFO]  S3 ListObjects called bucket="backup-data-platform-clarity-mgmt-pro" prefix=""
2026/03/11 21:44:12.536546 [INFO]  S3 ListObjects returned 10 items
2026/03/11 21:44:12.536575 [DEBUG] loadObjects: 10 objects loaded, rendering
2026/03/11 21:44:12.536578 [DEBUG] render: buckets=50 objects=10 bucketIdx=10 objIdx=0
2026/03/11 21:44:12.536762 [DEBUG] key: bucket down (idx=10)
2026/03/11 21:44:12.536765 [INFO]  key: select bucket idx=11
2026/03/11 21:44:12.536768 [INFO]  loadObjects: bucket="backup-reference-data-clarity-mgmt-pro" prefix=""
2026/03/11 21:44:12.536772 [INFO]  S3 ListObjects called bucket="backup-reference-data-clarity-mgmt-pro" prefix=""
2026/03/11 21:44:12.684894 [ERROR] S3 ListObjects failed: operation error S3: ListObjectsV2, https response error StatusCode: 403, RequestID: 6NAHGFKY8HA65TTV, HostID: Uh2v0NQ0PgDkegibGzZ9nedI20fJL7Hknj33gq2IYFsBNhnp7v/g9wgVX8d2MbNr4TZ8zoiiUpc=, api error AccessDenied: User: arn:aws:sts::913932804865:assumed-role/federateclarity/aws-go-sdk-1773261849657336590 is not authorized to perform: s3:ListBucket on resource: "arn:aws:s3:::backup-reference-data-clarity-mgmt-pro" with an explicit deny in a resource-based policy
2026/03/11 21:44:12.684936 [ERROR] loadObjects failed: operation error S3: ListObjectsV2, https response error StatusCode: 403, RequestID: 6NAHGFKY8HA65TTV, HostID: Uh2v0NQ0PgDkegibGzZ9nedI20fJL7Hknj33gq2IYFsBNhnp7v/g9wgVX8d2MbNr4TZ8zoiiUpc=, api error AccessDenied: User: arn:aws:sts::913932804865:assumed-role/federateclarity/aws-go-sdk-1773261849657336590 is not authorized to perform: s3:ListBucket on resource: "arn:aws:s3:::backup-reference-data-clarity-mgmt-pro" with an explicit deny in a resource-based policy
2026/03/11 21:44:12.684946 [ERROR] MainLoop error: operation error S3: ListObjectsV2, https response error StatusCode: 403, RequestID: 6NAHGFKY8HA65TTV, HostID: Uh2v0NQ0PgDkegibGzZ9nedI20fJL7Hknj33gq2IYFsBNhnp7v/g9wgVX8d2MbNr4TZ8zoiiUpc=, api error AccessDenied: User: arn:aws:sts::913932804865:assumed-role/federateclarity/aws-go-sdk-1773261849657336590 is not authorized to perform: s3:ListBucket on resource: "arn:aws:s3:::backup-reference-data-clarity-mgmt-pro" with an explicit deny in a resource-based policy
2026/03/11 21:44:27.766884 [INFO]  App starting
2026/03/11 21:44:27.767375 [DEBUG] layout: first render, loading buckets
2026/03/11 21:44:27.767411 [INFO]  loadBuckets: listing buckets
2026/03/11 21:44:27.767416 [INFO]  S3 ListBuckets called
2026/03/11 21:44:28.126341 [INFO]  S3 ListBuckets returned 75 buckets
2026/03/11 21:44:28.126373 [INFO]  loadBuckets: got 75 buckets
2026/03/11 21:44:28.126379 [INFO]  loadObjects: bucket="airflow-testing-clarity-mgmt" prefix=""
2026/03/11 21:44:28.126390 [INFO]  S3 ListObjects called bucket="airflow-testing-clarity-mgmt" prefix=""
2026/03/11 21:44:28.279773 [INFO]  S3 ListObjects returned 3 items
2026/03/11 21:44:28.279791 [DEBUG] loadObjects: 3 objects loaded, rendering
2026/03/11 21:44:28.279793 [DEBUG] render: buckets=50 objects=3 bucketIdx=0 objIdx=0
2026/03/11 21:44:28.636509 [DEBUG] key: bucket down (idx=0)
2026/03/11 21:44:28.636530 [INFO]  key: select bucket idx=1
2026/03/11 21:44:28.636533 [INFO]  loadObjects: bucket="airflowlogs-clarity-mgmt-pro" prefix=""
2026/03/11 21:44:28.636540 [INFO]  S3 ListObjects called bucket="airflowlogs-clarity-mgmt-pro" prefix=""
2026/03/11 21:44:28.812546 [INFO]  S3 ListObjects returned 4 items
2026/03/11 21:44:28.812585 [DEBUG] loadObjects: 4 objects loaded, rendering
2026/03/11 21:44:28.812591 [DEBUG] render: buckets=50 objects=4 bucketIdx=1 objIdx=0
2026/03/11 21:44:29.113619 [DEBUG] key: bucket down (idx=1)
2026/03/11 21:44:29.113651 [INFO]  key: select bucket idx=2
2026/03/11 21:44:29.113657 [INFO]  loadObjects: bucket="airflowv2-clarity-mgmt-pro" prefix=""
2026/03/11 21:44:29.113664 [INFO]  S3 ListObjects called bucket="airflowv2-clarity-mgmt-pro" prefix=""
2026/03/11 21:44:29.279300 [INFO]  S3 ListObjects returned 2 items
2026/03/11 21:44:29.279320 [DEBUG] loadObjects: 2 objects loaded, rendering
2026/03/11 21:44:29.279322 [DEBUG] render: buckets=50 objects=2 bucketIdx=2 objIdx=0
2026/03/11 21:44:29.310798 [DEBUG] key: bucket down (idx=2)
2026/03/11 21:44:29.310827 [INFO]  key: select bucket idx=3
2026/03/11 21:44:29.310834 [INFO]  loadObjects: bucket="argo-workflows-clarity-mgmt-pro" prefix=""
2026/03/11 21:44:29.310844 [INFO]  S3 ListObjects called bucket="argo-workflows-clarity-mgmt-pro" prefix=""
2026/03/11 21:44:29.578712 [INFO]  S3 ListObjects returned 1000 items
2026/03/11 21:44:29.578734 [DEBUG] loadObjects: 1000 objects loaded, rendering
2026/03/11 21:44:29.578736 [DEBUG] render: buckets=50 objects=1000 bucketIdx=3 objIdx=0
2026/03/11 21:44:29.624017 [DEBUG] key: bucket down (idx=3)
2026/03/11 21:44:29.624049 [INFO]  key: select bucket idx=4
2026/03/11 21:44:29.624058 [INFO]  loadObjects: bucket="artifacts-clarity-mgmt-pro" prefix=""
2026/03/11 21:44:29.624076 [INFO]  S3 ListObjects called bucket="artifacts-clarity-mgmt-pro" prefix=""
2026/03/11 21:44:29.793925 [INFO]  S3 ListObjects returned 11 items
2026/03/11 21:44:29.793944 [DEBUG] loadObjects: 11 objects loaded, rendering
2026/03/11 21:44:29.793963 [DEBUG] render: buckets=50 objects=11 bucketIdx=4 objIdx=0
2026/03/11 21:44:29.962403 [DEBUG] key: bucket down (idx=4)
2026/03/11 21:44:29.962449 [INFO]  key: select bucket idx=5
2026/03/11 21:44:29.962452 [INFO]  loadObjects: bucket="augmentedai-clarity-mgmt-pro" prefix=""
2026/03/11 21:44:29.962458 [INFO]  S3 ListObjects called bucket="augmentedai-clarity-mgmt-pro" prefix=""
2026/03/11 21:44:30.145847 [INFO]  S3 ListObjects returned 2 items
2026/03/11 21:44:30.145875 [DEBUG] loadObjects: 2 objects loaded, rendering
2026/03/11 21:44:30.145878 [DEBUG] render: buckets=50 objects=2 bucketIdx=5 objIdx=0
2026/03/11 21:44:30.418799 [DEBUG] key: bucket down (idx=5)
2026/03/11 21:44:30.418824 [INFO]  key: select bucket idx=6
2026/03/11 21:44:30.418829 [INFO]  loadObjects: bucket="aws-athena-query-results-913932804865-eu-central-1" prefix=""
2026/03/11 21:44:30.418835 [INFO]  S3 ListObjects called bucket="aws-athena-query-results-913932804865-eu-central-1" prefix=""
2026/03/11 21:44:30.586462 [INFO]  S3 ListObjects returned 1 items
2026/03/11 21:44:30.586488 [DEBUG] loadObjects: 1 objects loaded, rendering
2026/03/11 21:44:30.586493 [DEBUG] render: buckets=50 objects=1 bucketIdx=6 objIdx=0
2026/03/11 21:44:30.876802 [DEBUG] key: bucket down (idx=6)
2026/03/11 21:44:30.876829 [INFO]  key: select bucket idx=7
2026/03/11 21:44:30.876831 [INFO]  loadObjects: bucket="aws-athena-query-results-eu-central-1-913932804865" prefix=""
2026/03/11 21:44:30.876836 [INFO]  S3 ListObjects called bucket="aws-athena-query-results-eu-central-1-913932804865" prefix=""
2026/03/11 21:44:31.032614 [INFO]  S3 ListObjects returned 54 items
2026/03/11 21:44:31.032641 [DEBUG] loadObjects: 54 objects loaded, rendering
2026/03/11 21:44:31.032645 [DEBUG] render: buckets=50 objects=54 bucketIdx=7 objIdx=0
2026/03/11 21:44:31.305990 [DEBUG] key: bucket down (idx=7)
2026/03/11 21:44:31.306016 [INFO]  key: select bucket idx=8
2026/03/11 21:44:31.306021 [INFO]  loadObjects: bucket="aws-emr-resources-913932804865-eu-central-1" prefix=""
2026/03/11 21:44:31.306026 [INFO]  S3 ListObjects called bucket="aws-emr-resources-913932804865-eu-central-1" prefix=""
2026/03/11 21:44:31.453878 [INFO]  S3 ListObjects returned 0 items
2026/03/11 21:44:31.453909 [DEBUG] loadObjects: 0 objects loaded, rendering
2026/03/11 21:44:31.453914 [DEBUG] render: buckets=50 objects=0 bucketIdx=8 objIdx=0
2026/03/11 21:44:31.674463 [DEBUG] key: bucket down (idx=8)
2026/03/11 21:44:31.674542 [INFO]  key: select bucket idx=9
2026/03/11 21:44:31.674559 [INFO]  loadObjects: bucket="aws-logs-913932804865-eu-central-1" prefix=""
2026/03/11 21:44:31.674577 [INFO]  S3 ListObjects called bucket="aws-logs-913932804865-eu-central-1" prefix=""
2026/03/11 21:44:31.854718 [INFO]  S3 ListObjects returned 1 items
2026/03/11 21:44:31.854742 [DEBUG] loadObjects: 1 objects loaded, rendering
2026/03/11 21:44:31.854745 [DEBUG] render: buckets=50 objects=1 bucketIdx=9 objIdx=0
2026/03/11 21:44:32.034227 [DEBUG] key: bucket down (idx=9)
2026/03/11 21:44:32.034267 [INFO]  key: select bucket idx=10
2026/03/11 21:44:32.034272 [INFO]  loadObjects: bucket="backup-data-platform-clarity-mgmt-pro" prefix=""
2026/03/11 21:44:32.034279 [INFO]  S3 ListObjects called bucket="backup-data-platform-clarity-mgmt-pro" prefix=""
2026/03/11 21:44:32.202658 [INFO]  S3 ListObjects returned 10 items
2026/03/11 21:44:32.202699 [DEBUG] loadObjects: 10 objects loaded, rendering
2026/03/11 21:44:32.202702 [DEBUG] render: buckets=50 objects=10 bucketIdx=10 objIdx=0
2026/03/11 21:44:32.461898 [DEBUG] key: bucket down (idx=10)
2026/03/11 21:44:32.461942 [INFO]  key: select bucket idx=11
2026/03/11 21:44:32.461950 [INFO]  loadObjects: bucket="backup-reference-data-clarity-mgmt-pro" prefix=""
2026/03/11 21:44:32.461960 [INFO]  S3 ListObjects called bucket="backup-reference-data-clarity-mgmt-pro" prefix=""
2026/03/11 21:44:32.616704 [ERROR] S3 ListObjects failed: operation error S3: ListObjectsV2, https response error StatusCode: 403, RequestID: GF25VPCFNX8AJFYG, HostID: Od4VJGgaJ1FLwHhfmEsvWNUhXcPBICuc8MKS+2d/ZeV1oksDu9+Cux5r2dgCT4HcFFsMswbYiX8G7z5DrkLFeA98nx0nYj9fbgrV+GofpHw=, api error AccessDenied: User: arn:aws:sts::913932804865:assumed-role/federateclarity/aws-go-sdk-1773261867767804958 is not authorized to perform: s3:ListBucket on resource: "arn:aws:s3:::backup-reference-data-clarity-mgmt-pro" with an explicit deny in a resource-based policy
2026/03/11 21:44:32.616752 [ERROR] loadObjects failed: operation error S3: ListObjectsV2, https response error StatusCode: 403, RequestID: GF25VPCFNX8AJFYG, HostID: Od4VJGgaJ1FLwHhfmEsvWNUhXcPBICuc8MKS+2d/ZeV1oksDu9+Cux5r2dgCT4HcFFsMswbYiX8G7z5DrkLFeA98nx0nYj9fbgrV+GofpHw=, api error AccessDenied: User: arn:aws:sts::913932804865:assumed-role/federateclarity/aws-go-sdk-1773261867767804958 is not authorized to perform: s3:ListBucket on resource: "arn:aws:s3:::backup-reference-data-clarity-mgmt-pro" with an explicit deny in a resource-based policy
2026/03/11 21:44:32.616759 [ERROR] MainLoop error: operation error S3: ListObjectsV2, https response error StatusCode: 403, RequestID: GF25VPCFNX8AJFYG, HostID: Od4VJGgaJ1FLwHhfmEsvWNUhXcPBICuc8MKS+2d/ZeV1oksDu9+Cux5r2dgCT4HcFFsMswbYiX8G7z5DrkLFeA98nx0nYj9fbgrV+GofpHw=, api error AccessDenied: User: arn:aws:sts::913932804865:assumed-role/federateclarity/aws-go-sdk-1773261867767804958 is not authorized to perform: s3:ListBucket on resource: "arn:aws:s3:::backup-reference-data-clarity-mgmt-pro" with an explicit deny in a resource-based policy
2026/03/11 21:46:22.282089 [INFO]  App starting
2026/03/11 21:46:22.282595 [DEBUG] layout: first render, loading buckets
2026/03/11 21:46:22.282628 [INFO]  loadBuckets: listing buckets
2026/03/11 21:46:22.282632 [INFO]  S3 ListBuckets called
2026/03/11 21:46:22.628031 [INFO]  S3 ListBuckets returned 75 buckets
2026/03/11 21:46:22.628085 [INFO]  loadBuckets: got 75 buckets
2026/03/11 21:46:22.628090 [INFO]  loadObjects: bucket="airflow-testing-clarity-mgmt" prefix=""
2026/03/11 21:46:22.628113 [INFO]  S3 ListObjects called bucket="airflow-testing-clarity-mgmt" prefix=""
2026/03/11 21:46:22.780986 [INFO]  S3 ListObjects returned 3 items
2026/03/11 21:46:22.781031 [DEBUG] loadObjects: 3 objects loaded, rendering
2026/03/11 21:46:22.781039 [DEBUG] render: buckets=50 objects=3 bucketIdx=0 objIdx=0
2026/03/11 21:46:23.144382 [DEBUG] key: bucket down (idx=0)
2026/03/11 21:46:23.144431 [INFO]  key: select bucket idx=1
2026/03/11 21:46:23.144438 [INFO]  loadObjects: bucket="airflowlogs-clarity-mgmt-pro" prefix=""
2026/03/11 21:46:23.144447 [INFO]  S3 ListObjects called bucket="airflowlogs-clarity-mgmt-pro" prefix=""
2026/03/11 21:46:23.325404 [INFO]  S3 ListObjects returned 4 items
2026/03/11 21:46:23.325419 [DEBUG] loadObjects: 4 objects loaded, rendering
2026/03/11 21:46:23.325423 [DEBUG] render: buckets=50 objects=4 bucketIdx=1 objIdx=0
2026/03/11 21:46:23.408665 [DEBUG] key: bucket down (idx=1)
2026/03/11 21:46:23.408708 [INFO]  key: select bucket idx=2
2026/03/11 21:46:23.408715 [INFO]  loadObjects: bucket="airflowv2-clarity-mgmt-pro" prefix=""
2026/03/11 21:46:23.408723 [INFO]  S3 ListObjects called bucket="airflowv2-clarity-mgmt-pro" prefix=""
2026/03/11 21:46:23.569082 [INFO]  S3 ListObjects returned 2 items
2026/03/11 21:46:23.569112 [DEBUG] loadObjects: 2 objects loaded, rendering
2026/03/11 21:46:23.569115 [DEBUG] render: buckets=50 objects=2 bucketIdx=2 objIdx=0
2026/03/11 21:46:23.601504 [DEBUG] key: bucket down (idx=2)
2026/03/11 21:46:23.601524 [INFO]  key: select bucket idx=3
2026/03/11 21:46:23.601527 [INFO]  loadObjects: bucket="argo-workflows-clarity-mgmt-pro" prefix=""
2026/03/11 21:46:23.601530 [INFO]  S3 ListObjects called bucket="argo-workflows-clarity-mgmt-pro" prefix=""
2026/03/11 21:46:23.845743 [INFO]  S3 ListObjects returned 1000 items
2026/03/11 21:46:23.845765 [DEBUG] loadObjects: 1000 objects loaded, rendering
2026/03/11 21:46:23.845768 [DEBUG] render: buckets=50 objects=1000 bucketIdx=3 objIdx=0
2026/03/11 21:46:23.845903 [DEBUG] key: bucket down (idx=3)
2026/03/11 21:46:23.845906 [INFO]  key: select bucket idx=4
2026/03/11 21:46:23.845907 [INFO]  loadObjects: bucket="artifacts-clarity-mgmt-pro" prefix=""
2026/03/11 21:46:23.845927 [INFO]  S3 ListObjects called bucket="artifacts-clarity-mgmt-pro" prefix=""
2026/03/11 21:46:24.034547 [INFO]  S3 ListObjects returned 11 items
2026/03/11 21:46:24.034576 [DEBUG] loadObjects: 11 objects loaded, rendering
2026/03/11 21:46:24.034578 [DEBUG] render: buckets=50 objects=11 bucketIdx=4 objIdx=0
2026/03/11 21:46:24.034734 [DEBUG] key: bucket down (idx=4)
2026/03/11 21:46:24.034737 [INFO]  key: select bucket idx=5
2026/03/11 21:46:24.034739 [INFO]  loadObjects: bucket="augmentedai-clarity-mgmt-pro" prefix=""
2026/03/11 21:46:24.034741 [INFO]  S3 ListObjects called bucket="augmentedai-clarity-mgmt-pro" prefix=""
2026/03/11 21:46:24.180887 [INFO]  S3 ListObjects returned 2 items
2026/03/11 21:46:24.180916 [DEBUG] loadObjects: 2 objects loaded, rendering
2026/03/11 21:46:24.180921 [DEBUG] render: buckets=50 objects=2 bucketIdx=5 objIdx=0
2026/03/11 21:46:24.181178 [DEBUG] key: bucket down (idx=5)
2026/03/11 21:46:24.181184 [INFO]  key: select bucket idx=6
2026/03/11 21:46:24.181187 [INFO]  loadObjects: bucket="aws-athena-query-results-913932804865-eu-central-1" prefix=""
2026/03/11 21:46:24.181191 [INFO]  S3 ListObjects called bucket="aws-athena-query-results-913932804865-eu-central-1" prefix=""
2026/03/11 21:46:24.336646 [INFO]  S3 ListObjects returned 1 items
2026/03/11 21:46:24.336691 [DEBUG] loadObjects: 1 objects loaded, rendering
2026/03/11 21:46:24.336696 [DEBUG] render: buckets=50 objects=1 bucketIdx=6 objIdx=0
2026/03/11 21:46:24.336914 [DEBUG] key: bucket down (idx=6)
2026/03/11 21:46:24.336917 [INFO]  key: select bucket idx=7
2026/03/11 21:46:24.336920 [INFO]  loadObjects: bucket="aws-athena-query-results-eu-central-1-913932804865" prefix=""
2026/03/11 21:46:24.336924 [INFO]  S3 ListObjects called bucket="aws-athena-query-results-eu-central-1-913932804865" prefix=""
2026/03/11 21:46:24.501383 [INFO]  S3 ListObjects returned 54 items
2026/03/11 21:46:24.501419 [DEBUG] loadObjects: 54 objects loaded, rendering
2026/03/11 21:46:24.501423 [DEBUG] render: buckets=50 objects=54 bucketIdx=7 objIdx=0
2026/03/11 21:46:24.501678 [DEBUG] key: bucket down (idx=7)
2026/03/11 21:46:24.501680 [INFO]  key: select bucket idx=8
2026/03/11 21:46:24.501681 [INFO]  loadObjects: bucket="aws-emr-resources-913932804865-eu-central-1" prefix=""
2026/03/11 21:46:24.501683 [INFO]  S3 ListObjects called bucket="aws-emr-resources-913932804865-eu-central-1" prefix=""
2026/03/11 21:46:24.656810 [INFO]  S3 ListObjects returned 0 items
2026/03/11 21:46:24.656842 [DEBUG] loadObjects: 0 objects loaded, rendering
2026/03/11 21:46:24.656847 [DEBUG] render: buckets=50 objects=0 bucketIdx=8 objIdx=0
2026/03/11 21:46:24.657076 [DEBUG] key: bucket down (idx=8)
2026/03/11 21:46:24.657081 [INFO]  key: select bucket idx=9
2026/03/11 21:46:24.657086 [INFO]  loadObjects: bucket="aws-logs-913932804865-eu-central-1" prefix=""
2026/03/11 21:46:24.657091 [INFO]  S3 ListObjects called bucket="aws-logs-913932804865-eu-central-1" prefix=""
2026/03/11 21:46:24.804428 [INFO]  S3 ListObjects returned 1 items
2026/03/11 21:46:24.804446 [DEBUG] loadObjects: 1 objects loaded, rendering
2026/03/11 21:46:24.804448 [DEBUG] render: buckets=50 objects=1 bucketIdx=9 objIdx=0
2026/03/11 21:46:24.804556 [DEBUG] key: bucket down (idx=9)
2026/03/11 21:46:24.804557 [INFO]  key: select bucket idx=10
2026/03/11 21:46:24.804559 [INFO]  loadObjects: bucket="backup-data-platform-clarity-mgmt-pro" prefix=""
2026/03/11 21:46:24.804561 [INFO]  S3 ListObjects called bucket="backup-data-platform-clarity-mgmt-pro" prefix=""
2026/03/11 21:46:24.960634 [INFO]  S3 ListObjects returned 10 items
2026/03/11 21:46:24.960655 [DEBUG] loadObjects: 10 objects loaded, rendering
2026/03/11 21:46:24.960657 [DEBUG] render: buckets=50 objects=10 bucketIdx=10 objIdx=0
2026/03/11 21:46:25.453166 [DEBUG] key: bucket down (idx=10)
2026/03/11 21:46:25.453189 [INFO]  key: select bucket idx=11
2026/03/11 21:46:25.453192 [INFO]  loadObjects: bucket="backup-reference-data-clarity-mgmt-pro" prefix=""
2026/03/11 21:46:25.453196 [INFO]  S3 ListObjects called bucket="backup-reference-data-clarity-mgmt-pro" prefix=""
2026/03/11 21:46:25.611336 [ERROR] S3 ListObjects failed: operation error S3: ListObjectsV2, https response error StatusCode: 403, RequestID: V7EE39KWNR11W0EW, HostID: dieEA3JyfRULCgKup3hVPoU96Ln6bAKA/GZ8Dz+5d5nbYTazeEuA8Bv/cfW3EOb32Z3JIhCYN3V8drDKtGZVMpKiAsBWM0DW, api error AccessDenied: User: arn:aws:sts::913932804865:assumed-role/federateclarity/aws-go-sdk-1773261982283032914 is not authorized to perform: s3:ListBucket on resource: "arn:aws:s3:::backup-reference-data-clarity-mgmt-pro" with an explicit deny in a resource-based policy
2026/03/11 21:46:25.611358 [ERROR] loadObjects failed: operation error S3: ListObjectsV2, https response error StatusCode: 403, RequestID: V7EE39KWNR11W0EW, HostID: dieEA3JyfRULCgKup3hVPoU96Ln6bAKA/GZ8Dz+5d5nbYTazeEuA8Bv/cfW3EOb32Z3JIhCYN3V8drDKtGZVMpKiAsBWM0DW, api error AccessDenied: User: arn:aws:sts::913932804865:assumed-role/federateclarity/aws-go-sdk-1773261982283032914 is not authorized to perform: s3:ListBucket on resource: "arn:aws:s3:::backup-reference-data-clarity-mgmt-pro" with an explicit deny in a resource-based policy
2026/03/11 21:46:25.611364 [ERROR] MainLoop error: operation error S3: ListObjectsV2, https response error StatusCode: 403, RequestID: V7EE39KWNR11W0EW, HostID: dieEA3JyfRULCgKup3hVPoU96Ln6bAKA/GZ8Dz+5d5nbYTazeEuA8Bv/cfW3EOb32Z3JIhCYN3V8drDKtGZVMpKiAsBWM0DW, api error AccessDenied: User: arn:aws:sts::913932804865:assumed-role/federateclarity/aws-go-sdk-1773261982283032914 is not authorized to perform: s3:ListBucket on resource: "arn:aws:s3:::backup-reference-data-clarity-mgmt-pro" with an explicit deny in a resource-based policy
2026/03/11 21:46:26.861744 [INFO]  App starting
2026/03/11 21:46:26.862047 [DEBUG] layout: first render, loading buckets
2026/03/11 21:46:26.862061 [INFO]  loadBuckets: listing buckets
2026/03/11 21:46:26.862062 [INFO]  S3 ListBuckets called
2026/03/11 21:46:27.208816 [INFO]  S3 ListBuckets returned 75 buckets
2026/03/11 21:46:27.208843 [INFO]  loadBuckets: got 75 buckets
2026/03/11 21:46:27.208846 [INFO]  loadObjects: bucket="airflow-testing-clarity-mgmt" prefix=""
2026/03/11 21:46:27.208852 [INFO]  S3 ListObjects called bucket="airflow-testing-clarity-mgmt" prefix=""
2026/03/11 21:46:27.363468 [INFO]  S3 ListObjects returned 3 items
2026/03/11 21:46:27.363502 [DEBUG] loadObjects: 3 objects loaded, rendering
2026/03/11 21:46:27.363508 [DEBUG] render: buckets=50 objects=3 bucketIdx=0 objIdx=0
2026/03/11 21:46:27.650958 [DEBUG] key: bucket down (idx=0)
2026/03/11 21:46:27.651010 [INFO]  key: select bucket idx=1
2026/03/11 21:46:27.651016 [INFO]  loadObjects: bucket="airflowlogs-clarity-mgmt-pro" prefix=""
2026/03/11 21:46:27.651026 [INFO]  S3 ListObjects called bucket="airflowlogs-clarity-mgmt-pro" prefix=""
2026/03/11 21:46:27.797554 [INFO]  S3 ListObjects returned 4 items
2026/03/11 21:46:27.797584 [DEBUG] loadObjects: 4 objects loaded, rendering
2026/03/11 21:46:27.797590 [DEBUG] render: buckets=50 objects=4 bucketIdx=1 objIdx=0
2026/03/11 21:46:27.797898 [DEBUG] key: bucket down (idx=1)
2026/03/11 21:46:27.797905 [INFO]  key: select bucket idx=2
2026/03/11 21:46:27.797909 [INFO]  loadObjects: bucket="airflowv2-clarity-mgmt-pro" prefix=""
2026/03/11 21:46:27.797916 [INFO]  S3 ListObjects called bucket="airflowv2-clarity-mgmt-pro" prefix=""
2026/03/11 21:46:27.961510 [INFO]  S3 ListObjects returned 2 items
2026/03/11 21:46:27.961538 [DEBUG] loadObjects: 2 objects loaded, rendering
2026/03/11 21:46:27.961541 [DEBUG] render: buckets=50 objects=2 bucketIdx=2 objIdx=0
2026/03/11 21:46:27.961715 [DEBUG] key: bucket down (idx=2)
2026/03/11 21:46:27.961719 [INFO]  key: select bucket idx=3
2026/03/11 21:46:27.961722 [INFO]  loadObjects: bucket="argo-workflows-clarity-mgmt-pro" prefix=""
2026/03/11 21:46:27.961725 [INFO]  S3 ListObjects called bucket="argo-workflows-clarity-mgmt-pro" prefix=""
2026/03/11 21:46:28.219574 [INFO]  S3 ListObjects returned 1000 items
2026/03/11 21:46:28.219602 [DEBUG] loadObjects: 1000 objects loaded, rendering
2026/03/11 21:46:28.219606 [DEBUG] render: buckets=50 objects=1000 bucketIdx=3 objIdx=0
2026/03/11 21:46:28.219893 [DEBUG] key: bucket down (idx=3)
2026/03/11 21:46:28.219897 [INFO]  key: select bucket idx=4
2026/03/11 21:46:28.219901 [INFO]  loadObjects: bucket="artifacts-clarity-mgmt-pro" prefix=""
2026/03/11 21:46:28.219905 [INFO]  S3 ListObjects called bucket="artifacts-clarity-mgmt-pro" prefix=""
2026/03/11 21:46:28.376989 [INFO]  S3 ListObjects returned 11 items
2026/03/11 21:46:28.377034 [DEBUG] loadObjects: 11 objects loaded, rendering
2026/03/11 21:46:28.377039 [DEBUG] render: buckets=50 objects=11 bucketIdx=4 objIdx=0
2026/03/11 21:46:28.377405 [DEBUG] key: bucket down (idx=4)
2026/03/11 21:46:28.377432 [INFO]  key: select bucket idx=5
2026/03/11 21:46:28.377438 [INFO]  loadObjects: bucket="augmentedai-clarity-mgmt-pro" prefix=""
2026/03/11 21:46:28.377443 [INFO]  S3 ListObjects called bucket="augmentedai-clarity-mgmt-pro" prefix=""
2026/03/11 21:46:28.528951 [INFO]  S3 ListObjects returned 2 items
2026/03/11 21:46:28.528975 [DEBUG] loadObjects: 2 objects loaded, rendering
2026/03/11 21:46:28.528979 [DEBUG] render: buckets=50 objects=2 bucketIdx=5 objIdx=0
2026/03/11 21:46:28.529162 [DEBUG] key: bucket down (idx=5)
2026/03/11 21:46:28.529169 [INFO]  key: select bucket idx=6
2026/03/11 21:46:28.529172 [INFO]  loadObjects: bucket="aws-athena-query-results-913932804865-eu-central-1" prefix=""
2026/03/11 21:46:28.529176 [INFO]  S3 ListObjects called bucket="aws-athena-query-results-913932804865-eu-central-1" prefix=""
2026/03/11 21:46:28.689160 [INFO]  S3 ListObjects returned 1 items
2026/03/11 21:46:28.689191 [DEBUG] loadObjects: 1 objects loaded, rendering
2026/03/11 21:46:28.689195 [DEBUG] render: buckets=50 objects=1 bucketIdx=6 objIdx=0
2026/03/11 21:46:28.689506 [DEBUG] key: bucket down (idx=6)
2026/03/11 21:46:28.689512 [INFO]  key: select bucket idx=7
2026/03/11 21:46:28.689515 [INFO]  loadObjects: bucket="aws-athena-query-results-eu-central-1-913932804865" prefix=""
2026/03/11 21:46:28.689519 [INFO]  S3 ListObjects called bucket="aws-athena-query-results-eu-central-1-913932804865" prefix=""
2026/03/11 21:46:28.848386 [INFO]  S3 ListObjects returned 54 items
2026/03/11 21:46:28.848415 [DEBUG] loadObjects: 54 objects loaded, rendering
2026/03/11 21:46:28.848420 [DEBUG] render: buckets=50 objects=54 bucketIdx=7 objIdx=0
2026/03/11 21:46:28.848802 [DEBUG] key: bucket down (idx=7)
2026/03/11 21:46:28.848808 [INFO]  key: select bucket idx=8
2026/03/11 21:46:28.848812 [INFO]  loadObjects: bucket="aws-emr-resources-913932804865-eu-central-1" prefix=""
2026/03/11 21:46:28.848819 [INFO]  S3 ListObjects called bucket="aws-emr-resources-913932804865-eu-central-1" prefix=""
2026/03/11 21:46:28.999746 [INFO]  S3 ListObjects returned 0 items
2026/03/11 21:46:28.999797 [DEBUG] loadObjects: 0 objects loaded, rendering
2026/03/11 21:46:28.999802 [DEBUG] render: buckets=50 objects=0 bucketIdx=8 objIdx=0
2026/03/11 21:46:29.000085 [DEBUG] key: bucket down (idx=8)
2026/03/11 21:46:29.000090 [INFO]  key: select bucket idx=9
2026/03/11 21:46:29.000152 [INFO]  loadObjects: bucket="aws-logs-913932804865-eu-central-1" prefix=""
2026/03/11 21:46:29.000163 [INFO]  S3 ListObjects called bucket="aws-logs-913932804865-eu-central-1" prefix=""
2026/03/11 21:46:29.157130 [INFO]  S3 ListObjects returned 1 items
2026/03/11 21:46:29.157157 [DEBUG] loadObjects: 1 objects loaded, rendering
2026/03/11 21:46:29.157161 [DEBUG] render: buckets=50 objects=1 bucketIdx=9 objIdx=0
2026/03/11 21:46:29.157368 [DEBUG] key: bucket down (idx=9)
2026/03/11 21:46:29.157371 [INFO]  key: select bucket idx=10
2026/03/11 21:46:29.157374 [INFO]  loadObjects: bucket="backup-data-platform-clarity-mgmt-pro" prefix=""
2026/03/11 21:46:29.157377 [INFO]  S3 ListObjects called bucket="backup-data-platform-clarity-mgmt-pro" prefix=""
2026/03/11 21:46:29.310790 [INFO]  S3 ListObjects returned 10 items
2026/03/11 21:46:29.310806 [DEBUG] loadObjects: 10 objects loaded, rendering
2026/03/11 21:46:29.310809 [DEBUG] render: buckets=50 objects=10 bucketIdx=10 objIdx=0
2026/03/11 21:46:29.311077 [DEBUG] key: bucket down (idx=10)
2026/03/11 21:46:29.311080 [INFO]  key: select bucket idx=11
2026/03/11 21:46:29.311088 [INFO]  loadObjects: bucket="backup-reference-data-clarity-mgmt-pro" prefix=""
2026/03/11 21:46:29.311090 [INFO]  S3 ListObjects called bucket="backup-reference-data-clarity-mgmt-pro" prefix=""
2026/03/11 21:46:29.451325 [ERROR] S3 ListObjects failed: operation error S3: ListObjectsV2, https response error StatusCode: 403, RequestID: JDY4NFK780VYEFCT, HostID: eCTyeGT9tQhrOah5I00glT4+HA2Xr9eLrZqWADFiDRDCi2Jw6CjAuxEUCti2ij/yo6R75hH/6Nw=, api error AccessDenied: User: arn:aws:sts::913932804865:assumed-role/federateclarity/aws-go-sdk-1773261986862333257 is not authorized to perform: s3:ListBucket on resource: "arn:aws:s3:::backup-reference-data-clarity-mgmt-pro" with an explicit deny in a resource-based policy
2026/03/11 21:46:29.451346 [ERROR] loadObjects failed: operation error S3: ListObjectsV2, https response error StatusCode: 403, RequestID: JDY4NFK780VYEFCT, HostID: eCTyeGT9tQhrOah5I00glT4+HA2Xr9eLrZqWADFiDRDCi2Jw6CjAuxEUCti2ij/yo6R75hH/6Nw=, api error AccessDenied: User: arn:aws:sts::913932804865:assumed-role/federateclarity/aws-go-sdk-1773261986862333257 is not authorized to perform: s3:ListBucket on resource: "arn:aws:s3:::backup-reference-data-clarity-mgmt-pro" with an explicit deny in a resource-based policy
2026/03/11 21:46:29.451350 [ERROR] MainLoop error: operation error S3: ListObjectsV2, https response error StatusCode: 403, RequestID: JDY4NFK780VYEFCT, HostID: eCTyeGT9tQhrOah5I00glT4+HA2Xr9eLrZqWADFiDRDCi2Jw6CjAuxEUCti2ij/yo6R75hH/6Nw=, api error AccessDenied: User: arn:aws:sts::913932804865:assumed-role/federateclarity/aws-go-sdk-1773261986862333257 is not authorized to perform: s3:ListBucket on resource: "arn:aws:s3:::backup-reference-data-clarity-mgmt-pro" with an explicit deny in a resource-based policy
2026/03/12 16:12:57.517380 [INFO]  App starting
2026/03/12 16:12:57.518173 [DEBUG] layout: first render, loading buckets
2026/03/12 16:12:57.518192 [INFO]  loadBuckets: listing buckets
2026/03/12 16:12:57.518198 [INFO]  S3 ListBuckets called
2026/03/12 16:12:57.844396 [INFO]  S3 ListBuckets returned 75 buckets
2026/03/12 16:12:57.844434 [INFO]  loadBuckets: got 75 buckets
2026/03/12 16:12:57.844441 [INFO]  loadObjects: bucket="airflow-testing-clarity-mgmt" prefix=""
2026/03/12 16:12:57.844451 [INFO]  S3 ListObjects called bucket="airflow-testing-clarity-mgmt" prefix=""
2026/03/12 16:12:58.006943 [INFO]  S3 ListObjects returned 3 items
2026/03/12 16:12:58.006994 [DEBUG] loadObjects: 3 objects loaded, rendering
2026/03/12 16:12:58.007004 [DEBUG] render: buckets=50 objects=3 bucketIdx=0 objIdx=0
2026/03/12 16:12:58.633003 [DEBUG] key: bucket down (idx=0)
2026/03/12 16:12:58.633067 [INFO]  key: select bucket idx=1
2026/03/12 16:12:58.633075 [INFO]  loadObjects: bucket="airflowlogs-clarity-mgmt-pro" prefix=""
2026/03/12 16:12:58.633083 [INFO]  S3 ListObjects called bucket="airflowlogs-clarity-mgmt-pro" prefix=""
2026/03/12 16:12:58.799396 [INFO]  S3 ListObjects returned 4 items
2026/03/12 16:12:58.799441 [DEBUG] loadObjects: 4 objects loaded, rendering
2026/03/12 16:12:58.799449 [DEBUG] render: buckets=50 objects=4 bucketIdx=1 objIdx=0
2026/03/12 16:12:58.799768 [DEBUG] key: bucket down (idx=1)
2026/03/12 16:12:58.799776 [INFO]  key: select bucket idx=2
2026/03/12 16:12:58.799782 [INFO]  loadObjects: bucket="airflowv2-clarity-mgmt-pro" prefix=""
2026/03/12 16:12:58.799789 [INFO]  S3 ListObjects called bucket="airflowv2-clarity-mgmt-pro" prefix=""
2026/03/12 16:12:58.949281 [INFO]  S3 ListObjects returned 2 items
2026/03/12 16:12:58.949330 [DEBUG] loadObjects: 2 objects loaded, rendering
2026/03/12 16:12:58.949338 [DEBUG] render: buckets=50 objects=2 bucketIdx=2 objIdx=0
2026/03/12 16:12:58.949656 [DEBUG] key: bucket down (idx=2)
2026/03/12 16:12:58.949670 [INFO]  key: select bucket idx=3
2026/03/12 16:12:58.949678 [INFO]  loadObjects: bucket="argo-workflows-clarity-mgmt-pro" prefix=""
2026/03/12 16:12:58.949688 [INFO]  S3 ListObjects called bucket="argo-workflows-clarity-mgmt-pro" prefix=""
2026/03/12 16:12:59.190915 [INFO]  S3 ListObjects returned 1000 items
2026/03/12 16:12:59.190955 [DEBUG] loadObjects: 1000 objects loaded, rendering
2026/03/12 16:12:59.190958 [DEBUG] render: buckets=50 objects=1000 bucketIdx=3 objIdx=0
2026/03/12 16:12:59.695059 [DEBUG] key: bucket down (idx=3)
2026/03/12 16:12:59.695095 [INFO]  key: select bucket idx=4
2026/03/12 16:12:59.695099 [INFO]  loadObjects: bucket="artifacts-clarity-mgmt-pro" prefix=""
2026/03/12 16:12:59.695103 [INFO]  S3 ListObjects called bucket="artifacts-clarity-mgmt-pro" prefix=""
2026/03/12 16:12:59.888522 [INFO]  S3 ListObjects returned 11 items
2026/03/12 16:12:59.888568 [DEBUG] loadObjects: 11 objects loaded, rendering
2026/03/12 16:12:59.888574 [DEBUG] render: buckets=50 objects=11 bucketIdx=4 objIdx=0
2026/03/12 16:13:00.201994 [DEBUG] key: bucket up (idx=4)
2026/03/12 16:13:00.202037 [INFO]  key: select bucket idx=3
2026/03/12 16:13:00.202044 [INFO]  loadObjects: bucket="argo-workflows-clarity-mgmt-pro" prefix=""
2026/03/12 16:13:00.202052 [INFO]  S3 ListObjects called bucket="argo-workflows-clarity-mgmt-pro" prefix=""
2026/03/12 16:13:00.315560 [INFO]  S3 ListObjects returned 1000 items
2026/03/12 16:13:00.315599 [DEBUG] loadObjects: 1000 objects loaded, rendering
2026/03/12 16:13:00.315606 [DEBUG] render: buckets=50 objects=1000 bucketIdx=3 objIdx=0
2026/03/12 16:13:00.636455 [INFO]  key: quit
2026/03/12 16:13:00.636492 [INFO]  App exiting normally
